Discipline,FinalOutcome,Sum of SatisfactionRating,Year,Quarter,Month,Day,Sum of SessionLengthMin,StudentLevel,TaskType,Sum of TotalPrompts,UsedAgain,Sum of AI_AssistanceLevel
Biology,Assignment Completed,3,2024,Qtr 2,June,24,0.84,Graduate,Writing,1,TRUE,4
Biology,Assignment Completed,2,2024,Qtr 2,June,24,16.03,Undergraduate,Coding,4,TRUE,3
Biology,Assignment Completed,3.7,2024,Qtr 2,June,24,13.49,Undergraduate,Homework Help,3,FALSE,3
Biology,Assignment Completed,4.9,2024,Qtr 2,June,25,9.56,Undergraduate,Coding,4,TRUE,3
Biology,Assignment Completed,3.8,2024,Qtr 2,June,26,7.78,High School,Writing,1,TRUE,4
Biology,Assignment Completed,5,2024,Qtr 2,June,27,16.42,Graduate,Writing,4,FALSE,5
Biology,Assignment Completed,6.3,2024,Qtr 2,June,27,58.3,Undergraduate,Coding,15,TRUE,6
Biology,Assignment Completed,1,2024,Qtr 2,June,29,29.81,High School,Homework Help,7,TRUE,2
Biology,Assignment Completed,3.5,2024,Qtr 2,June,29,21.64,Undergraduate,Coding,7,FALSE,4
Biology,Assignment Completed,4,2024,Qtr 2,June,30,18.34,Undergraduate,Coding,3,FALSE,4
Biology,Assignment Completed,5,2024,Qtr 3,July,2,22.75,High School,Studying,4,FALSE,5
Biology,Assignment Completed,5,2024,Qtr 3,July,2,3.24,High School,Studying,1,TRUE,5
Biology,Assignment Completed,1.9,2024,Qtr 3,July,2,3.43,Undergraduate,Brainstorming,1,TRUE,2
Biology,Assignment Completed,1.6,2024,Qtr 3,July,2,80.01,Undergraduate,Studying,29,FALSE,3
Biology,Assignment Completed,3.1,2024,Qtr 3,July,2,38.15,Undergraduate,Writing,13,FALSE,2
Biology,Assignment Completed,3.2,2024,Qtr 3,July,3,15.26,Undergraduate,Homework Help,4,TRUE,4
Biology,Assignment Completed,2.1,2024,Qtr 3,July,4,5.63,Graduate,Homework Help,1,TRUE,3
Biology,Assignment Completed,3.6,2024,Qtr 3,July,5,23.14,Undergraduate,Studying,6,FALSE,3
Biology,Assignment Completed,2.3,2024,Qtr 3,July,6,26.12,High School,Brainstorming,8,TRUE,3
Biology,Assignment Completed,4.7,2024,Qtr 3,July,6,41.1,Undergraduate,Coding,17,TRUE,4
Biology,Assignment Completed,4.8,2024,Qtr 3,July,7,30.45,Graduate,Studying,9,TRUE,4
Biology,Assignment Completed,3.1,2024,Qtr 3,July,7,36.82,Undergraduate,Homework Help,8,TRUE,4
Biology,Assignment Completed,1.4,2024,Qtr 3,July,9,9.57,Undergraduate,Coding,2,TRUE,2
Biology,Assignment Completed,1,2024,Qtr 3,July,9,20.07,Undergraduate,Studying,7,TRUE,1
Biology,Assignment Completed,3.2,2024,Qtr 3,July,10,22.1,High School,Coding,5,TRUE,3
Biology,Assignment Completed,5,2024,Qtr 3,July,10,15.52,High School,Writing,3,TRUE,5
Biology,Assignment Completed,1.4,2024,Qtr 3,July,11,14.05,Undergraduate,Coding,6,TRUE,2
Biology,Assignment Completed,3.7,2024,Qtr 3,July,12,16.63,High School,Coding,3,TRUE,5
Biology,Assignment Completed,3.9,2024,Qtr 3,July,12,11.31,High School,Writing,3,TRUE,4
Biology,Assignment Completed,1.8,2024,Qtr 3,July,12,6.4,Undergraduate,Coding,1,TRUE,2
Biology,Assignment Completed,2.8,2024,Qtr 3,July,12,14.4,Undergraduate,Writing,6,TRUE,4
Biology,Assignment Completed,2.6,2024,Qtr 3,July,13,43.51,Graduate,Studying,13,TRUE,3
Biology,Assignment Completed,4.6,2024,Qtr 3,July,13,13.91,High School,Homework Help,3,FALSE,5
Biology,Assignment Completed,6.9,2024,Qtr 3,July,13,45.63,Undergraduate,Homework Help,11,TRUE,6
Biology,Assignment Completed,1,2024,Qtr 3,July,13,14.98,Undergraduate,Writing,3,TRUE,2
Biology,Assignment Completed,3.4,2024,Qtr 3,July,14,10.05,High School,Studying,4,FALSE,4
Biology,Assignment Completed,2,2024,Qtr 3,July,14,10.92,Undergraduate,Brainstorming,3,TRUE,2
Biology,Assignment Completed,2.8,2024,Qtr 3,July,14,22.25,Undergraduate,Coding,7,TRUE,3
Biology,Assignment Completed,2.8,2024,Qtr 3,July,15,15.53,Undergraduate,Studying,4,TRUE,2
Biology,Assignment Completed,4.8,2024,Qtr 3,July,16,14.67,Graduate,Writing,3,TRUE,5
Biology,Assignment Completed,5,2024,Qtr 3,July,17,17.85,High School,Homework Help,8,TRUE,5
Biology,Assignment Completed,4.6,2024,Qtr 3,July,17,10.24,Undergraduate,Writing,3,TRUE,4
Biology,Assignment Completed,4.3,2024,Qtr 3,July,18,4.71,Undergraduate,Coding,1,TRUE,5
Biology,Assignment Completed,3.9,2024,Qtr 3,July,19,41.12,Graduate,Writing,11,TRUE,3
Biology,Assignment Completed,3.9,2024,Qtr 3,July,19,53.57,High School,Homework Help,14,FALSE,3
Biology,Assignment Completed,4.1,2024,Qtr 3,July,19,38.99,High School,Writing,16,TRUE,3
Biology,Assignment Completed,4,2024,Qtr 3,July,19,11.23,Undergraduate,Homework Help,4,TRUE,4
Biology,Assignment Completed,2,2024,Qtr 3,July,20,49.1,High School,Coding,16,TRUE,3
Biology,Assignment Completed,2.5,2024,Qtr 3,July,20,19.3,High School,Studying,6,TRUE,4
Biology,Assignment Completed,4.8,2024,Qtr 3,July,22,14.49,High School,Coding,4,FALSE,4
Biology,Assignment Completed,1.2,2024,Qtr 3,July,22,32.48,High School,Homework Help,10,TRUE,2
Biology,Assignment Completed,3.1,2024,Qtr 3,July,22,9.44,Undergraduate,Coding,3,TRUE,3
Biology,Assignment Completed,4.1,2024,Qtr 3,July,23,18.98,Graduate,Coding,5,TRUE,3
Biology,Assignment Completed,3.7,2024,Qtr 3,July,24,11.39,Undergraduate,Writing,5,TRUE,4
Biology,Assignment Completed,4.9,2024,Qtr 3,July,25,44.81,Graduate,Writing,11,TRUE,5
Biology,Assignment Completed,2.2,2024,Qtr 3,July,25,12.39,High School,Coding,5,TRUE,1
Biology,Assignment Completed,2.8,2024,Qtr 3,July,25,10.51,Undergraduate,Writing,3,TRUE,4
Biology,Assignment Completed,5,2024,Qtr 3,July,26,2.58,Graduate,Homework Help,1,FALSE,4
Biology,Assignment Completed,2,2024,Qtr 3,July,26,21.25,High School,Writing,7,TRUE,2
Biology,Assignment Completed,4.2,2024,Qtr 3,July,26,31.6,Undergraduate,Coding,6,FALSE,3
Biology,Assignment Completed,2.9,2024,Qtr 3,July,26,24.74,Undergraduate,Studying,11,TRUE,3
Biology,Assignment Completed,4.2,2024,Qtr 3,July,27,31.23,Graduate,Studying,8,TRUE,3
Biology,Assignment Completed,5,2024,Qtr 3,July,28,65.99,Undergraduate,Writing,32,TRUE,5
Biology,Assignment Completed,3.4,2024,Qtr 3,July,29,15.77,Undergraduate,Coding,4,TRUE,2
Biology,Assignment Completed,1.3,2024,Qtr 3,July,29,5.49,Undergraduate,Writing,1,TRUE,2
Biology,Assignment Completed,2.5,2024,Qtr 3,July,30,31.13,High School,Homework Help,6,TRUE,4
Biology,Assignment Completed,4.8,2024,Qtr 3,July,30,3.57,Undergraduate,Coding,1,TRUE,5
Biology,Assignment Completed,2.9,2024,Qtr 3,July,30,24.97,Undergraduate,Studying,11,TRUE,3
Biology,Assignment Completed,4.4,2024,Qtr 3,August,1,7.16,Graduate,Writing,2,FALSE,5
Biology,Assignment Completed,3.9,2024,Qtr 3,August,2,14.37,Graduate,Writing,6,FALSE,4
Biology,Assignment Completed,3.2,2024,Qtr 3,August,3,37.82,Undergraduate,Coding,9,FALSE,3
Biology,Assignment Completed,3.7,2024,Qtr 3,August,4,10.95,Graduate,Homework Help,2,TRUE,3
Biology,Assignment Completed,2,2024,Qtr 3,August,4,35.41,Graduate,Writing,14,TRUE,2
Biology,Assignment Completed,3.5,2024,Qtr 3,August,4,27.24,High School,Coding,7,TRUE,3
Biology,Assignment Completed,2.2,2024,Qtr 3,August,4,22.1,High School,Homework Help,8,FALSE,3
Biology,Assignment Completed,3.2,2024,Qtr 3,August,4,4.48,Undergraduate,Homework Help,1,TRUE,3
Biology,Assignment Completed,4.5,2024,Qtr 3,August,5,3.9,Graduate,Coding,1,FALSE,4
Biology,Assignment Completed,3.3,2024,Qtr 3,August,5,27.75,Graduate,Homework Help,8,TRUE,3
Biology,Assignment Completed,5,2024,Qtr 3,August,5,39,High School,Writing,17,TRUE,4
Biology,Assignment Completed,8.5,2024,Qtr 3,August,6,74.35,Graduate,Writing,29,TRUE,7
Biology,Assignment Completed,4.6,2024,Qtr 3,August,6,7.36,Undergraduate,Writing,1,FALSE,4
Biology,Assignment Completed,1.8,2024,Qtr 3,August,7,8.08,High School,Writing,1,TRUE,2
Biology,Assignment Completed,5,2024,Qtr 3,August,7,4.65,Undergraduate,Coding,1,TRUE,5
Biology,Assignment Completed,5,2024,Qtr 3,August,7,60.86,Undergraduate,Homework Help,15,FALSE,5
Biology,Assignment Completed,4.5,2024,Qtr 3,August,7,40.55,Undergraduate,Writing,8,TRUE,4
Biology,Assignment Completed,4.2,2024,Qtr 3,August,8,33.73,Undergraduate,Homework Help,8,TRUE,4
Biology,Assignment Completed,2.3,2024,Qtr 3,August,8,7.26,Undergraduate,Studying,2,TRUE,2
Biology,Assignment Completed,3.8,2024,Qtr 3,August,8,19.18,Undergraduate,Writing,7,TRUE,3
Biology,Assignment Completed,4.5,2024,Qtr 3,August,9,9.35,Graduate,Homework Help,2,TRUE,5
Biology,Assignment Completed,5,2024,Qtr 3,August,9,10.39,Undergraduate,Writing,2,FALSE,5
Biology,Assignment Completed,1.3,2024,Qtr 3,August,9,42.26,Undergraduate,Writing,13,TRUE,2
Biology,Assignment Completed,1.4,2024,Qtr 3,August,10,38.01,High School,Writing,7,TRUE,3
Biology,Assignment Completed,5,2024,Qtr 3,August,10,7.62,Undergraduate,Coding,2,TRUE,5
Biology,Assignment Completed,1.3,2024,Qtr 3,August,10,3.9,Undergraduate,Homework Help,1,TRUE,2
Biology,Assignment Completed,4.8,2024,Qtr 3,August,10,6.05,Undergraduate,Studying,2,FALSE,4
Biology,Assignment Completed,4.1,2024,Qtr 3,August,10,3.99,Undergraduate,Studying,1,TRUE,4
Biology,Assignment Completed,6.4,2024,Qtr 3,August,11,35.64,Undergraduate,Homework Help,9,TRUE,6
Biology,Assignment Completed,2.4,2024,Qtr 3,August,12,10.04,Undergraduate,Writing,3,TRUE,3
Biology,Assignment Completed,3.7,2024,Qtr 3,August,13,19.98,Undergraduate,Coding,4,TRUE,4
Biology,Assignment Completed,8.7,2024,Qtr 3,August,13,21.01,Undergraduate,Writing,4,TRUE,8
Biology,Assignment Completed,4.5,2024,Qtr 3,August,14,4.67,Graduate,Coding,1,TRUE,3
Biology,Assignment Completed,1.4,2024,Qtr 3,August,14,21,Undergraduate,Writing,7,TRUE,2
Biology,Assignment Completed,4.3,2024,Qtr 3,August,15,25.17,Graduate,Studying,8,TRUE,5
Biology,Assignment Completed,2.9,2024,Qtr 3,August,15,39.84,Undergraduate,Homework Help,12,FALSE,4
Biology,Assignment Completed,5,2024,Qtr 3,August,15,6.13,Undergraduate,Studying,1,TRUE,3
Biology,Assignment Completed,4.5,2024,Qtr 3,August,16,10.54,Graduate,Writing,3,TRUE,4
Biology,Assignment Completed,3.4,2024,Qtr 3,August,16,14.78,High School,Writing,5,TRUE,3
Biology,Assignment Completed,1.8,2024,Qtr 3,August,17,17.08,High School,Writing,6,FALSE,2
Biology,Assignment Completed,2.5,2024,Qtr 3,August,19,11.65,High School,Coding,3,TRUE,2
Biology,Assignment Completed,4.1,2024,Qtr 3,August,19,7.96,Undergraduate,Writing,2,TRUE,5
Biology,Assignment Completed,4.1,2024,Qtr 3,August,21,10.46,Graduate,Coding,3,FALSE,3
Biology,Assignment Completed,2.7,2024,Qtr 3,August,21,23.28,Undergraduate,Coding,10,FALSE,3
Biology,Assignment Completed,2.6,2024,Qtr 3,August,21,29.43,Undergraduate,Coding,8,TRUE,3
Biology,Assignment Completed,4.5,2024,Qtr 3,August,21,6.61,Undergraduate,Homework Help,1,TRUE,4
Biology,Assignment Completed,3.6,2024,Qtr 3,August,22,15.13,Graduate,Coding,5,FALSE,4
Biology,Assignment Completed,3.4,2024,Qtr 3,August,22,9.78,Undergraduate,Homework Help,4,TRUE,3
Biology,Assignment Completed,1,2024,Qtr 3,August,22,13.56,Undergraduate,Writing,6,TRUE,2
Biology,Assignment Completed,1.7,2024,Qtr 3,August,23,7.14,Undergraduate,Coding,3,TRUE,2
Biology,Assignment Completed,3,2024,Qtr 3,August,23,4.24,Undergraduate,Studying,1,TRUE,3
Biology,Assignment Completed,5,2024,Qtr 3,August,24,10.47,High School,Coding,2,TRUE,5
Biology,Assignment Completed,9.7,2024,Qtr 3,August,24,38.99,Undergraduate,Homework Help,11,TRUE,10
Biology,Assignment Completed,4.6,2024,Qtr 3,August,25,38.77,Undergraduate,Homework Help,15,TRUE,4
Biology,Assignment Completed,2.2,2024,Qtr 3,August,26,20.93,Undergraduate,Writing,5,TRUE,2
Biology,Assignment Completed,2.2,2024,Qtr 3,August,27,31.34,Graduate,Coding,11,TRUE,3
Biology,Assignment Completed,3.8,2024,Qtr 3,August,27,35.14,Undergraduate,Writing,7,TRUE,4
Biology,Assignment Completed,3.8,2024,Qtr 3,August,28,43.29,Undergraduate,Coding,20,TRUE,4
Biology,Assignment Completed,1.7,2024,Qtr 3,August,29,42.02,Graduate,Coding,17,TRUE,2
Biology,Assignment Completed,3.8,2024,Qtr 3,August,29,49.63,Graduate,Writing,14,FALSE,3
Biology,Assignment Completed,4.2,2024,Qtr 3,August,29,5.27,Graduate,Writing,1,TRUE,3
Biology,Assignment Completed,2.8,2024,Qtr 3,August,29,13.27,High School,Homework Help,2,FALSE,3
Biology,Assignment Completed,9.6,2024,Qtr 3,August,29,27.08,Undergraduate,Coding,7,TRUE,8
Biology,Assignment Completed,2.2,2024,Qtr 3,August,29,5.41,Undergraduate,Writing,1,TRUE,3
Biology,Assignment Completed,5,2024,Qtr 3,August,30,15.1,High School,Writing,3,TRUE,5
Biology,Assignment Completed,2.3,2024,Qtr 3,August,31,5.02,High School,Writing,1,TRUE,3
Biology,Assignment Completed,1.9,2024,Qtr 3,September,1,25.19,High School,Homework Help,7,FALSE,3
Biology,Assignment Completed,3.1,2024,Qtr 3,September,1,5.05,High School,Homework Help,2,TRUE,4
Biology,Assignment Completed,4.1,2024,Qtr 3,September,2,9.43,High School,Studying,3,TRUE,4
Biology,Assignment Completed,5,2024,Qtr 3,September,3,29.57,Graduate,Homework Help,11,TRUE,4
Biology,Assignment Completed,5,2024,Qtr 3,September,3,23.07,Undergraduate,Brainstorming,5,TRUE,5
Biology,Assignment Completed,6.6,2024,Qtr 3,September,4,60.98,Undergraduate,Coding,23,TRUE,7
Biology,Assignment Completed,3.8,2024,Qtr 3,September,4,9.14,Undergraduate,Homework Help,3,TRUE,4
Biology,Assignment Completed,3.6,2024,Qtr 3,September,5,18.52,Graduate,Studying,4,TRUE,3
Biology,Assignment Completed,4.6,2024,Qtr 3,September,6,15.18,Undergraduate,Coding,3,TRUE,4
Biology,Assignment Completed,4.4,2024,Qtr 3,September,7,63.42,High School,Writing,15,FALSE,5
Biology,Assignment Completed,2.5,2024,Qtr 3,September,7,18.28,Undergraduate,Homework Help,3,FALSE,3
Biology,Assignment Completed,2.3,2024,Qtr 3,September,7,8,Undergraduate,Studying,1,TRUE,2
Biology,Assignment Completed,3.9,2024,Qtr 3,September,9,25.26,High School,Coding,11,FALSE,4
Biology,Assignment Completed,4.5,2024,Qtr 3,September,9,10.74,Undergraduate,Homework Help,2,TRUE,3
Biology,Assignment Completed,4.7,2024,Qtr 3,September,9,9.35,Undergraduate,Studying,2,TRUE,5
Biology,Assignment Completed,2.9,2024,Qtr 3,September,10,28.69,High School,Writing,7,TRUE,2
Biology,Assignment Completed,3.7,2024,Qtr 3,September,10,22.54,Undergraduate,Homework Help,8,TRUE,3
Biology,Assignment Completed,2.5,2024,Qtr 3,September,11,44.01,High School,Studying,9,TRUE,2
Biology,Assignment Completed,2.4,2024,Qtr 3,September,11,36.14,Undergraduate,Studying,7,TRUE,3
Biology,Assignment Completed,5.6,2024,Qtr 3,September,13,10.72,Undergraduate,Coding,2,FALSE,6
Biology,Assignment Completed,4.4,2024,Qtr 3,September,13,14.9,Undergraduate,Homework Help,3,TRUE,4
Biology,Assignment Completed,5,2024,Qtr 3,September,14,3,High School,Research,1,TRUE,5
Biology,Assignment Completed,1.4,2024,Qtr 3,September,14,10.6,Undergraduate,Coding,2,TRUE,2
Biology,Assignment Completed,1,2024,Qtr 3,September,15,11.02,Graduate,Studying,3,TRUE,2
Biology,Assignment Completed,4.7,2024,Qtr 3,September,15,17.21,Graduate,Writing,7,TRUE,5
Biology,Assignment Completed,8.1,2024,Qtr 3,September,15,49.64,Undergraduate,Homework Help,17,TRUE,10
Biology,Assignment Completed,2.8,2024,Qtr 3,September,16,16.49,High School,Research,4,TRUE,3
Biology,Assignment Completed,4.2,2024,Qtr 3,September,16,4.58,Undergraduate,Studying,1,TRUE,3
Biology,Assignment Completed,3.5,2024,Qtr 3,September,18,6.05,High School,Coding,1,TRUE,4
Biology,Assignment Completed,3.4,2024,Qtr 3,September,18,7.27,Undergraduate,Writing,1,TRUE,4
Biology,Assignment Completed,2.9,2024,Qtr 3,September,19,27.1,High School,Coding,9,TRUE,3
Biology,Assignment Completed,4.8,2024,Qtr 3,September,19,15.27,Undergraduate,Writing,3,FALSE,4
Biology,Assignment Completed,2.4,2024,Qtr 3,September,20,39.94,High School,Writing,18,TRUE,3
Biology,Assignment Completed,3.3,2024,Qtr 3,September,21,9.81,High School,Homework Help,2,TRUE,4
Biology,Assignment Completed,5,2024,Qtr 3,September,21,14.61,Undergraduate,Writing,5,TRUE,5
Biology,Assignment Completed,4.8,2024,Qtr 3,September,22,8.05,Graduate,Studying,2,TRUE,4
Biology,Assignment Completed,2.6,2024,Qtr 3,September,22,35.19,Undergraduate,Coding,11,TRUE,2
Biology,Assignment Completed,3.3,2024,Qtr 3,September,22,17.85,Undergraduate,Writing,4,TRUE,3
Biology,Assignment Completed,2.6,2024,Qtr 3,September,23,28.74,Undergraduate,Coding,6,TRUE,3
Biology,Assignment Completed,4.7,2024,Qtr 3,September,23,10.13,Undergraduate,Writing,4,TRUE,4
Biology,Assignment Completed,4.2,2024,Qtr 3,September,24,27.42,Undergraduate,Homework Help,5,FALSE,3
Biology,Assignment Completed,4.9,2024,Qtr 3,September,25,6.43,Undergraduate,Coding,1,TRUE,5
Biology,Assignment Completed,4.7,2024,Qtr 3,September,26,16.23,Graduate,Coding,5,TRUE,4
Biology,Assignment Completed,2,2024,Qtr 3,September,26,16.18,High School,Coding,3,TRUE,3
Biology,Assignment Completed,3,2024,Qtr 3,September,26,11.29,Undergraduate,Brainstorming,3,TRUE,3
Biology,Assignment Completed,2.7,2024,Qtr 3,September,26,16.38,Undergraduate,Coding,6,TRUE,2
Biology,Assignment Completed,5,2024,Qtr 3,September,27,18.87,High School,Writing,6,TRUE,5
Biology,Assignment Completed,5,2024,Qtr 3,September,27,12.99,Undergraduate,Coding,3,TRUE,5
Biology,Assignment Completed,4.1,2024,Qtr 3,September,28,14.89,Graduate,Writing,3,TRUE,4
Biology,Assignment Completed,3.5,2024,Qtr 3,September,28,5.55,High School,Studying,2,TRUE,3
Biology,Assignment Completed,3.7,2024,Qtr 3,September,28,26.98,Undergraduate,Brainstorming,5,TRUE,3
Biology,Assignment Completed,2.1,2024,Qtr 3,September,29,44.8,Undergraduate,Coding,10,TRUE,4
Biology,Assignment Completed,4.2,2024,Qtr 4,October,1,18.4,Graduate,Studying,4,TRUE,3
Biology,Assignment Completed,3.6,2024,Qtr 4,October,3,37.7,High School,Writing,7,TRUE,3
Biology,Assignment Completed,2.2,2024,Qtr 4,October,3,46.21,Undergraduate,Studying,19,TRUE,2
Biology,Assignment Completed,1.2,2024,Qtr 4,October,4,14.83,Graduate,Homework Help,3,TRUE,3
Biology,Assignment Completed,2.5,2024,Qtr 4,October,4,11.12,Undergraduate,Homework Help,2,TRUE,3
Biology,Assignment Completed,4.1,2024,Qtr 4,October,5,13.42,Graduate,Coding,3,TRUE,4
Biology,Assignment Completed,4.5,2024,Qtr 4,October,5,70.56,High School,Writing,21,TRUE,4
Biology,Assignment Completed,1.9,2024,Qtr 4,October,5,10.3,Undergraduate,Coding,2,FALSE,2
Biology,Assignment Completed,4.5,2024,Qtr 4,October,6,41.64,Undergraduate,Homework Help,20,FALSE,3
Biology,Assignment Completed,4.8,2024,Qtr 4,October,6,43.52,Undergraduate,Writing,16,TRUE,5
Biology,Assignment Completed,4.6,2024,Qtr 4,October,7,14.75,Graduate,Homework Help,4,TRUE,4
Biology,Assignment Completed,4,2024,Qtr 4,October,7,7.23,High School,Research,1,TRUE,4
Biology,Assignment Completed,3.2,2024,Qtr 4,October,7,21.49,Undergraduate,Coding,8,TRUE,4
Biology,Assignment Completed,5.7,2024,Qtr 4,October,7,36.96,Undergraduate,Studying,12,TRUE,7
Biology,Assignment Completed,3,2024,Qtr 4,October,7,1.62,Undergraduate,Writing,1,TRUE,4
Biology,Assignment Completed,9.2,2024,Qtr 4,October,8,24.51,Undergraduate,Coding,5,TRUE,9
Biology,Assignment Completed,3,2024,Qtr 4,October,9,11.69,High School,Coding,4,FALSE,2
Biology,Assignment Completed,5,2024,Qtr 4,October,9,18.2,High School,Writing,4,TRUE,5
Biology,Assignment Completed,3.3,2024,Qtr 4,October,9,2.45,Undergraduate,Coding,1,TRUE,3
Biology,Assignment Completed,2.6,2024,Qtr 4,October,10,14.61,Undergraduate,Writing,3,FALSE,4
Biology,Assignment Completed,2.4,2024,Qtr 4,October,10,39.42,Undergraduate,Writing,8,TRUE,3
Biology,Assignment Completed,5,2024,Qtr 4,October,11,6.58,High School,Studying,2,FALSE,5
Biology,Assignment Completed,3.5,2024,Qtr 4,October,11,12.41,Undergraduate,Coding,2,TRUE,4
Biology,Assignment Completed,3.5,2024,Qtr 4,October,12,3.32,Graduate,Studying,1,FALSE,3
Biology,Assignment Completed,3.5,2024,Qtr 4,October,13,23.69,High School,Studying,5,TRUE,3
Biology,Assignment Completed,3,2024,Qtr 4,October,14,3.49,Undergraduate,Coding,1,TRUE,3
Biology,Assignment Completed,2.8,2024,Qtr 4,October,15,33.21,Graduate,Homework Help,6,TRUE,5
Biology,Assignment Completed,2.2,2024,Qtr 4,October,15,18.95,High School,Writing,6,FALSE,2
Biology,Assignment Completed,5,2024,Qtr 4,October,15,33.25,High School,Writing,11,TRUE,5
Biology,Assignment Completed,3,2024,Qtr 4,October,15,14.8,Undergraduate,Coding,5,TRUE,3
Biology,Assignment Completed,3.4,2024,Qtr 4,October,16,7.73,Graduate,Writing,1,TRUE,4
Biology,Assignment Completed,4.4,2024,Qtr 4,October,16,23.48,Undergraduate,Homework Help,5,TRUE,4
Biology,Assignment Completed,4.3,2024,Qtr 4,October,16,20.43,Undergraduate,Writing,5,TRUE,4
Biology,Assignment Completed,4.6,2024,Qtr 4,October,17,26.64,Undergraduate,Coding,8,TRUE,4
Biology,Assignment Completed,2.6,2024,Qtr 4,October,17,12.02,Undergraduate,Research,4,TRUE,2
Biology,Assignment Completed,3.8,2024,Qtr 4,October,18,5.79,High School,Coding,1,FALSE,5
Biology,Assignment Completed,4.6,2024,Qtr 4,October,20,9.48,Graduate,Brainstorming,3,TRUE,4
Biology,Assignment Completed,3.6,2024,Qtr 4,October,20,23.07,Undergraduate,Writing,7,TRUE,4
Biology,Assignment Completed,4.8,2024,Qtr 4,October,21,56.31,High School,Coding,13,TRUE,5
Biology,Assignment Completed,2.6,2024,Qtr 4,October,21,43.14,Undergraduate,Brainstorming,10,TRUE,3
Biology,Assignment Completed,3.6,2024,Qtr 4,October,22,19.97,Undergraduate,Homework Help,5,FALSE,3
Biology,Assignment Completed,3.5,2024,Qtr 4,October,23,24.33,Graduate,Homework Help,5,TRUE,4
Biology,Assignment Completed,3.6,2024,Qtr 4,October,23,36.94,High School,Writing,8,TRUE,3
Biology,Assignment Completed,2.5,2024,Qtr 4,October,23,14.28,Undergraduate,Homework Help,6,TRUE,3
Biology,Assignment Completed,3.1,2024,Qtr 4,October,24,9.77,High School,Coding,2,FALSE,2
Biology,Assignment Completed,4.2,2024,Qtr 4,October,24,17.43,Undergraduate,Studying,7,FALSE,5
Biology,Assignment Completed,1.6,2024,Qtr 4,October,24,25.3,Undergraduate,Studying,8,TRUE,2
Biology,Assignment Completed,2.4,2024,Qtr 4,October,26,2.01,Graduate,Coding,1,TRUE,3
Biology,Assignment Completed,4.2,2024,Qtr 4,October,26,9.71,Graduate,Studying,2,FALSE,3
Biology,Assignment Completed,4.5,2024,Qtr 4,October,28,7.15,High School,Coding,1,FALSE,4
Biology,Assignment Completed,3.4,2024,Qtr 4,October,29,5.82,Undergraduate,Brainstorming,1,TRUE,4
Biology,Assignment Completed,6.2,2024,Qtr 4,October,29,28.25,Undergraduate,Coding,7,TRUE,8
Biology,Assignment Completed,2.1,2024,Qtr 4,October,29,16.74,Undergraduate,Writing,4,FALSE,2
Biology,Assignment Completed,2.5,2024,Qtr 4,October,30,8.58,Graduate,Writing,1,TRUE,4
Biology,Assignment Completed,3,2024,Qtr 4,October,30,16.05,High School,Homework Help,4,FALSE,3
Biology,Assignment Completed,2.6,2024,Qtr 4,October,30,11.99,Undergraduate,Homework Help,4,TRUE,3
Biology,Assignment Completed,2.9,2024,Qtr 4,October,30,50.12,Undergraduate,Writing,11,TRUE,3
Biology,Assignment Completed,8.5,2024,Qtr 4,October,31,105.52,Undergraduate,Homework Help,44,TRUE,9
Biology,Assignment Completed,4.2,2024,Qtr 4,October,31,24.39,Undergraduate,Research,5,TRUE,5
Biology,Assignment Completed,2.6,2024,Qtr 4,November,1,16.22,High School,Studying,5,TRUE,2
Biology,Assignment Completed,2.7,2024,Qtr 4,November,2,8.89,Undergraduate,Coding,3,TRUE,3
Biology,Assignment Completed,5,2024,Qtr 4,November,2,24.93,Undergraduate,Writing,6,TRUE,5
Biology,Assignment Completed,3.9,2024,Qtr 4,November,3,8.58,High School,Writing,2,TRUE,4
Biology,Assignment Completed,2.4,2024,Qtr 4,November,3,4.04,Undergraduate,Coding,1,TRUE,3
Biology,Assignment Completed,4.3,2024,Qtr 4,November,3,16.41,Undergraduate,Homework Help,4,TRUE,4
Biology,Assignment Completed,2.9,2024,Qtr 4,November,4,8.8,Undergraduate,Coding,1,TRUE,3
Biology,Assignment Completed,2,2024,Qtr 4,November,4,7.81,Undergraduate,Writing,1,TRUE,2
Biology,Assignment Completed,8.9,2024,Qtr 4,November,5,79.22,Undergraduate,Studying,16,TRUE,9
Biology,Assignment Completed,1,2024,Qtr 4,November,5,4.35,Undergraduate,Writing,1,TRUE,2
Biology,Assignment Completed,3.6,2024,Qtr 4,November,6,9.3,Undergraduate,Studying,3,TRUE,3
Biology,Assignment Completed,3.4,2024,Qtr 4,November,6,13.64,Undergraduate,Writing,3,FALSE,3
Biology,Assignment Completed,4.2,2024,Qtr 4,November,6,2.16,Undergraduate,Writing,1,TRUE,4
Biology,Assignment Completed,3.5,2024,Qtr 4,November,7,8.92,Undergraduate,Writing,2,TRUE,4
Biology,Assignment Completed,5,2024,Qtr 4,November,9,11.07,Undergraduate,Studying,2,TRUE,5
Biology,Assignment Completed,3,2024,Qtr 4,November,11,3.04,Undergraduate,Research,1,TRUE,3
Biology,Assignment Completed,5,2024,Qtr 4,November,11,9.84,Undergraduate,Studying,4,TRUE,5
Biology,Assignment Completed,3.6,2024,Qtr 4,November,12,13.61,Graduate,Brainstorming,3,TRUE,5
Biology,Assignment Completed,1,2024,Qtr 4,November,12,14.35,Undergraduate,Writing,3,FALSE,2
Biology,Assignment Completed,4,2024,Qtr 4,November,13,4.06,Undergraduate,Homework Help,1,TRUE,2
Biology,Assignment Completed,4.8,2024,Qtr 4,November,13,19.66,Undergraduate,Writing,5,TRUE,5
Biology,Assignment Completed,5,2024,Qtr 4,November,14,19.09,High School,Studying,5,TRUE,4
Biology,Assignment Completed,5,2024,Qtr 4,November,14,16.65,Undergraduate,Writing,7,TRUE,5
Biology,Assignment Completed,4.4,2024,Qtr 4,November,15,16.22,High School,Coding,4,FALSE,5
Biology,Assignment Completed,5,2024,Qtr 4,November,17,7.11,High School,Writing,2,TRUE,4
Biology,Assignment Completed,4.1,2024,Qtr 4,November,17,11.89,Undergraduate,Studying,2,TRUE,4
Biology,Assignment Completed,5,2024,Qtr 4,November,17,1.61,Undergraduate,Writing,1,FALSE,5
Biology,Assignment Completed,3.4,2024,Qtr 4,November,18,49.7,Graduate,Coding,21,TRUE,2
Biology,Assignment Completed,1.5,2024,Qtr 4,November,20,2.88,Undergraduate,Brainstorming,1,TRUE,2
Biology,Assignment Completed,3.7,2024,Qtr 4,November,20,30.57,Undergraduate,Coding,6,TRUE,3
Biology,Assignment Completed,1.7,2024,Qtr 4,November,22,3.64,Graduate,Writing,1,TRUE,3
Biology,Assignment Completed,3.4,2024,Qtr 4,November,23,16.9,Graduate,Research,3,TRUE,2
Biology,Assignment Completed,2.6,2024,Qtr 4,November,24,24.99,Graduate,Writing,8,TRUE,4
Biology,Assignment Completed,1,2024,Qtr 4,November,25,15.47,High School,Writing,4,TRUE,3
Biology,Assignment Completed,3.8,2024,Qtr 4,November,25,11.68,Undergraduate,Studying,3,FALSE,5
Biology,Assignment Completed,4.8,2024,Qtr 4,November,25,28.96,Undergraduate,Studying,6,TRUE,4
Biology,Assignment Completed,3.8,2024,Qtr 4,November,25,7.58,Undergraduate,Writing,1,TRUE,3
Biology,Assignment Completed,3.1,2024,Qtr 4,November,26,17.9,Undergraduate,Studying,4,FALSE,2
Biology,Assignment Completed,2.9,2024,Qtr 4,November,27,41.89,Graduate,Homework Help,14,TRUE,3
Biology,Assignment Completed,3.9,2024,Qtr 4,November,27,39.67,Undergraduate,Coding,19,FALSE,4
Biology,Assignment Completed,2.8,2024,Qtr 4,November,27,9.05,Undergraduate,Homework Help,2,TRUE,3
Biology,Assignment Completed,2.5,2024,Qtr 4,November,27,9.62,Undergraduate,Studying,2,TRUE,3
Biology,Assignment Completed,3.9,2024,Qtr 4,November,27,16.67,Undergraduate,Writing,8,TRUE,3
Biology,Assignment Completed,4.7,2024,Qtr 4,November,28,50.62,Graduate,Coding,18,TRUE,5
Biology,Assignment Completed,3.8,2024,Qtr 4,November,28,13.07,Graduate,Studying,4,TRUE,4
Biology,Assignment Completed,4,2024,Qtr 4,November,28,21.88,Graduate,Writing,9,FALSE,4
Biology,Assignment Completed,1.4,2024,Qtr 4,November,28,13.82,High School,Coding,3,FALSE,3
Biology,Assignment Completed,4.7,2024,Qtr 4,November,28,9.94,High School,Studying,4,TRUE,5
Biology,Assignment Completed,1.5,2024,Qtr 4,November,28,35.9,High School,Writing,13,TRUE,2
Biology,Assignment Completed,2.3,2024,Qtr 4,November,29,38.91,High School,Studying,10,FALSE,3
Biology,Assignment Completed,2.4,2024,Qtr 4,November,29,12.41,Undergraduate,Studying,2,TRUE,2
Biology,Assignment Completed,3.2,2024,Qtr 4,November,30,14.86,Graduate,Coding,6,TRUE,4
Biology,Assignment Completed,4.5,2024,Qtr 4,November,30,22.25,Graduate,Homework Help,5,TRUE,3
Biology,Assignment Completed,3.6,2024,Qtr 4,November,30,6.86,Undergraduate,Coding,1,FALSE,5
Biology,Assignment Completed,2.9,2024,Qtr 4,November,30,4.46,Undergraduate,Coding,1,TRUE,3
Biology,Assignment Completed,2.4,2024,Qtr 4,December,1,7.12,High School,Brainstorming,3,FALSE,3
Biology,Assignment Completed,4,2024,Qtr 4,December,1,17.28,High School,Coding,6,TRUE,3
Biology,Assignment Completed,2.4,2024,Qtr 4,December,1,14.23,Undergraduate,Homework Help,6,FALSE,3
Biology,Assignment Completed,5,2024,Qtr 4,December,2,14.41,Undergraduate,Homework Help,3,TRUE,5
Biology,Assignment Completed,3.9,2024,Qtr 4,December,4,26.87,High School,Studying,7,FALSE,4
Biology,Assignment Completed,4.1,2024,Qtr 4,December,4,8.45,Undergraduate,Coding,2,TRUE,4
Biology,Assignment Completed,3.9,2024,Qtr 4,December,5,22.7,Undergraduate,Coding,9,TRUE,5
Biology,Assignment Completed,3.1,2024,Qtr 4,December,5,10.24,Undergraduate,Studying,2,TRUE,4
Biology,Assignment Completed,4.2,2024,Qtr 4,December,6,10.04,Graduate,Coding,3,FALSE,4
Biology,Assignment Completed,5,2024,Qtr 4,December,6,15.7,Undergraduate,Coding,3,FALSE,5
Biology,Assignment Completed,5,2024,Qtr 4,December,6,24.84,Undergraduate,Homework Help,8,TRUE,5
Biology,Assignment Completed,4,2024,Qtr 4,December,6,9.42,Undergraduate,Studying,2,TRUE,3
Biology,Assignment Completed,1.2,2024,Qtr 4,December,6,14.09,Undergraduate,Writing,4,TRUE,2
Biology,Assignment Completed,4.9,2024,Qtr 4,December,7,35.75,Graduate,Coding,7,TRUE,5
Biology,Assignment Completed,4.7,2024,Qtr 4,December,7,11.75,Undergraduate,Studying,5,FALSE,4
Biology,Assignment Completed,3.6,2024,Qtr 4,December,9,11.85,Graduate,Research,2,TRUE,4
Biology,Assignment Completed,4.5,2024,Qtr 4,December,9,5.12,High School,Coding,1,TRUE,4
Biology,Assignment Completed,2.6,2024,Qtr 4,December,9,50.07,Undergraduate,Homework Help,12,TRUE,3
Biology,Assignment Completed,1.5,2024,Qtr 4,December,10,19.93,Undergraduate,Coding,6,FALSE,3
Biology,Assignment Completed,3.2,2024,Qtr 4,December,10,15.32,Undergraduate,Studying,3,TRUE,3
Biology,Assignment Completed,3,2024,Qtr 4,December,11,9.03,High School,Studying,3,TRUE,3
Biology,Assignment Completed,5,2024,Qtr 4,December,11,12.67,Undergraduate,Writing,3,TRUE,5
Biology,Assignment Completed,3,2024,Qtr 4,December,12,30.91,Undergraduate,Writing,10,TRUE,3
Biology,Assignment Completed,5,2024,Qtr 4,December,13,1.95,Undergraduate,Writing,1,TRUE,4
Biology,Assignment Completed,4.2,2024,Qtr 4,December,14,8.29,Graduate,Studying,1,FALSE,5
Biology,Assignment Completed,4,2024,Qtr 4,December,16,14.79,High School,Homework Help,3,TRUE,3
Biology,Assignment Completed,5,2024,Qtr 4,December,17,38.28,Graduate,Studying,13,TRUE,4
Biology,Assignment Completed,2.1,2024,Qtr 4,December,17,11.15,High School,Coding,2,TRUE,3
Biology,Assignment Completed,5,2024,Qtr 4,December,17,29.79,High School,Writing,13,TRUE,5
Biology,Assignment Completed,3.5,2024,Qtr 4,December,17,11.85,Undergraduate,Homework Help,2,TRUE,4
Biology,Assignment Completed,3.7,2024,Qtr 4,December,18,37.95,Graduate,Writing,15,TRUE,4
Biology,Assignment Completed,4.2,2024,Qtr 4,December,18,7.91,Undergraduate,Coding,1,FALSE,3
Biology,Assignment Completed,1.7,2024,Qtr 4,December,18,65.62,Undergraduate,Writing,22,TRUE,2
Biology,Assignment Completed,3.6,2024,Qtr 4,December,19,14.41,Undergraduate,Studying,3,TRUE,4
Biology,Assignment Completed,3.1,2024,Qtr 4,December,20,20.73,Graduate,Coding,6,TRUE,3
Biology,Assignment Completed,5,2024,Qtr 4,December,20,29.65,Graduate,Homework Help,7,TRUE,5
Biology,Assignment Completed,4.5,2024,Qtr 4,December,20,7.87,Undergraduate,Writing,2,FALSE,5
Biology,Assignment Completed,2.3,2024,Qtr 4,December,21,17.57,Undergraduate,Coding,5,TRUE,3
Biology,Assignment Completed,4.2,2024,Qtr 4,December,21,21.01,Undergraduate,Writing,6,TRUE,4
Biology,Assignment Completed,1,2024,Qtr 4,December,22,18.35,Graduate,Studying,7,FALSE,2
Biology,Assignment Completed,3,2024,Qtr 4,December,22,20.9,High School,Brainstorming,5,TRUE,4
Biology,Assignment Completed,3.6,2024,Qtr 4,December,22,29.72,Undergraduate,Homework Help,6,TRUE,5
Biology,Assignment Completed,5,2024,Qtr 4,December,23,43.09,Graduate,Coding,11,TRUE,5
Biology,Assignment Completed,1.9,2024,Qtr 4,December,23,38.73,Undergraduate,Writing,9,TRUE,3
Biology,Assignment Completed,3.2,2024,Qtr 4,December,24,34.6,Undergraduate,Coding,10,TRUE,3
Biology,Assignment Completed,1,2024,Qtr 4,December,24,15.48,Undergraduate,Writing,5,TRUE,2
Biology,Assignment Completed,3.3,2024,Qtr 4,December,25,8.61,Undergraduate,Homework Help,1,FALSE,3
Biology,Assignment Completed,2.5,2024,Qtr 4,December,25,27.74,Undergraduate,Writing,6,FALSE,3
Biology,Assignment Completed,5,2024,Qtr 4,December,26,35.6,Graduate,Coding,9,TRUE,4
Biology,Assignment Completed,2.9,2024,Qtr 4,December,26,12.02,Graduate,Writing,3,TRUE,4
Biology,Assignment Completed,3.9,2024,Qtr 4,December,26,9.2,Undergraduate,Writing,3,TRUE,5
Biology,Assignment Completed,4.2,2024,Qtr 4,December,27,8.05,Graduate,Studying,3,TRUE,4
Biology,Assignment Completed,2.7,2024,Qtr 4,December,27,11.72,Undergraduate,Writing,2,TRUE,4
Biology,Assignment Completed,3.3,2024,Qtr 4,December,30,21.68,Undergraduate,Studying,4,TRUE,3
Biology,Assignment Completed,4.7,2024,Qtr 4,December,31,18.24,High School,Studying,4,TRUE,4
Biology,Assignment Completed,5,2024,Qtr 4,December,31,18,Undergraduate,Studying,3,TRUE,5
Biology,Assignment Completed,2.6,2025,Qtr 1,January,1,18.57,Graduate,Coding,9,TRUE,3
Biology,Assignment Completed,3.8,2025,Qtr 1,January,1,67.56,Undergraduate,Writing,21,FALSE,3
Biology,Assignment Completed,8.7,2025,Qtr 1,January,4,33.47,Undergraduate,Writing,9,TRUE,8
Biology,Assignment Completed,4.6,2025,Qtr 1,January,5,58.27,Undergraduate,Writing,12,TRUE,3
Biology,Assignment Completed,4.7,2025,Qtr 1,January,6,9,Undergraduate,Homework Help,4,TRUE,5
Biology,Assignment Completed,5,2025,Qtr 1,January,6,21.41,Undergraduate,Studying,4,FALSE,5
Biology,Assignment Completed,3.8,2025,Qtr 1,January,7,14.28,High School,Studying,3,TRUE,3
Biology,Assignment Completed,4.3,2025,Qtr 1,January,7,19.47,Undergraduate,Coding,4,TRUE,4
Biology,Assignment Completed,4.6,2025,Qtr 1,January,7,35.51,Undergraduate,Homework Help,10,TRUE,5
Biology,Assignment Completed,8.6,2025,Qtr 1,January,7,34.23,Undergraduate,Studying,7,TRUE,9
Biology,Assignment Completed,1.4,2025,Qtr 1,January,8,8.13,Undergraduate,Coding,1,TRUE,1
Biology,Assignment Completed,3.1,2025,Qtr 1,January,8,23.44,Undergraduate,Studying,9,TRUE,4
Biology,Assignment Completed,1.1,2025,Qtr 1,January,9,17.13,Graduate,Studying,6,TRUE,2
Biology,Assignment Completed,4.5,2025,Qtr 1,January,9,7.62,High School,Homework Help,2,TRUE,5
Biology,Assignment Completed,2.9,2025,Qtr 1,January,9,3.52,Undergraduate,Coding,1,TRUE,4
Biology,Assignment Completed,4.6,2025,Qtr 1,January,9,13.93,Undergraduate,Studying,5,TRUE,4
Biology,Assignment Completed,3,2025,Qtr 1,January,10,17.57,High School,Homework Help,4,TRUE,4
Biology,Assignment Completed,5,2025,Qtr 1,January,10,1.03,Undergraduate,Studying,1,TRUE,4
Biology,Assignment Completed,10,2025,Qtr 1,January,10,45.16,Undergraduate,Writing,16,TRUE,9
Biology,Assignment Completed,3.1,2025,Qtr 1,January,12,18.74,High School,Homework Help,4,TRUE,3
Biology,Assignment Completed,4.7,2025,Qtr 1,January,12,15.22,High School,Writing,3,TRUE,3
Biology,Assignment Completed,4.8,2025,Qtr 1,January,12,4.19,Undergraduate,Coding,1,TRUE,5
Biology,Assignment Completed,5,2025,Qtr 1,January,12,7.13,Undergraduate,Homework Help,1,TRUE,5
Biology,Assignment Completed,3.4,2025,Qtr 1,January,13,13.47,Graduate,Homework Help,6,TRUE,2
Biology,Assignment Completed,5,2025,Qtr 1,January,13,2.8,High School,Homework Help,1,TRUE,3
Biology,Assignment Completed,3.9,2025,Qtr 1,January,13,47.54,Undergraduate,Brainstorming,23,TRUE,4
Biology,Assignment Completed,5,2025,Qtr 1,January,13,42.23,Undergraduate,Writing,13,TRUE,5
Biology,Assignment Completed,1.4,2025,Qtr 1,January,14,23.51,Graduate,Studying,6,TRUE,3
Biology,Assignment Completed,1.6,2025,Qtr 1,January,15,30.03,High School,Homework Help,9,TRUE,2
Biology,Assignment Completed,1,2025,Qtr 1,January,16,22.97,Undergraduate,Studying,4,TRUE,1
Biology,Assignment Completed,3.6,2025,Qtr 1,January,16,15.82,Undergraduate,Writing,4,FALSE,4
Biology,Assignment Completed,3.9,2025,Qtr 1,January,17,23.54,Graduate,Homework Help,5,TRUE,3
Biology,Assignment Completed,4.3,2025,Qtr 1,January,17,37.76,High School,Coding,8,TRUE,5
Biology,Assignment Completed,4,2025,Qtr 1,January,17,17.59,High School,Writing,6,FALSE,3
Biology,Assignment Completed,4.1,2025,Qtr 1,January,17,16.92,Undergraduate,Coding,5,TRUE,4
Biology,Assignment Completed,2.3,2025,Qtr 1,January,18,40.41,Undergraduate,Studying,14,TRUE,4
Biology,Assignment Completed,4.6,2025,Qtr 1,January,18,39.26,Undergraduate,Writing,9,FALSE,4
Biology,Assignment Completed,5,2025,Qtr 1,January,20,27.38,Graduate,Writing,6,FALSE,5
Biology,Assignment Completed,4,2025,Qtr 1,January,20,13.21,Undergraduate,Coding,6,TRUE,3
Biology,Assignment Completed,4.2,2025,Qtr 1,January,21,11.88,Graduate,Coding,3,TRUE,3
Biology,Assignment Completed,4.2,2025,Qtr 1,January,21,5.67,High School,Coding,2,TRUE,4
Biology,Assignment Completed,1,2025,Qtr 1,January,21,43.7,High School,Writing,12,TRUE,2
Biology,Assignment Completed,4.6,2025,Qtr 1,January,22,5.42,High School,Writing,1,TRUE,4
Biology,Assignment Completed,1,2025,Qtr 1,January,22,29.41,Undergraduate,Homework Help,10,TRUE,3
Biology,Assignment Completed,4.5,2025,Qtr 1,January,22,17.78,Undergraduate,Studying,3,TRUE,5
Biology,Assignment Completed,5,2025,Qtr 1,January,23,42.01,Undergraduate,Homework Help,8,TRUE,4
Biology,Assignment Completed,3.4,2025,Qtr 1,January,23,3.28,Undergraduate,Writing,1,TRUE,4
Biology,Assignment Completed,3,2025,Qtr 1,January,24,25.96,Undergraduate,Homework Help,5,TRUE,3
Biology,Assignment Completed,2.7,2025,Qtr 1,January,24,11.97,Undergraduate,Studying,5,FALSE,3
Biology,Assignment Completed,4.7,2025,Qtr 1,January,26,13.46,High School,Studying,6,TRUE,4
Biology,Assignment Completed,2,2025,Qtr 1,January,26,8.1,Undergraduate,Coding,3,TRUE,4
Biology,Assignment Completed,4.8,2025,Qtr 1,January,26,15.08,Undergraduate,Writing,3,TRUE,4
Biology,Assignment Completed,4,2025,Qtr 1,January,27,49.7,High School,Coding,19,TRUE,3
Biology,Assignment Completed,3.7,2025,Qtr 1,January,27,15.13,Undergraduate,Coding,5,TRUE,4
Biology,Assignment Completed,2.5,2025,Qtr 1,January,27,43.04,Undergraduate,Research,15,TRUE,4
Biology,Assignment Completed,7.1,2025,Qtr 1,January,27,28.18,Undergraduate,Writing,5,FALSE,6
Biology,Assignment Completed,5,2025,Qtr 1,January,28,47.52,Undergraduate,Homework Help,16,FALSE,5
Biology,Assignment Completed,4.7,2025,Qtr 1,January,30,23.15,Undergraduate,Writing,10,TRUE,4
Biology,Assignment Completed,3.4,2025,Qtr 1,January,31,29.56,Graduate,Writing,10,TRUE,3
Biology,Assignment Completed,4.1,2025,Qtr 1,January,31,29.77,Undergraduate,Coding,6,FALSE,4
Biology,Assignment Completed,3.9,2025,Qtr 1,February,1,20.73,Graduate,Coding,5,FALSE,3
Biology,Assignment Completed,1,2025,Qtr 1,February,1,58.74,Undergraduate,Brainstorming,18,TRUE,1
Biology,Assignment Completed,2.9,2025,Qtr 1,February,1,32.37,Undergraduate,Writing,13,FALSE,3
Biology,Assignment Completed,5,2025,Qtr 1,February,3,9.27,Undergraduate,Writing,2,TRUE,4
Biology,Assignment Completed,1,2025,Qtr 1,February,6,32.4,Undergraduate,Homework Help,9,TRUE,2
Biology,Assignment Completed,4.7,2025,Qtr 1,February,6,33.82,Undergraduate,Writing,7,TRUE,4
Biology,Assignment Completed,4.7,2025,Qtr 1,February,7,55.93,High School,Studying,12,TRUE,5
Biology,Assignment Completed,2.3,2025,Qtr 1,February,7,33.82,Undergraduate,Studying,10,TRUE,3
Biology,Assignment Completed,4.5,2025,Qtr 1,February,9,31.27,High School,Homework Help,7,TRUE,4
Biology,Assignment Completed,2.4,2025,Qtr 1,February,9,35.11,Undergraduate,Coding,12,FALSE,3
Biology,Assignment Completed,4.8,2025,Qtr 1,February,9,10.07,Undergraduate,Studying,2,FALSE,4
Biology,Assignment Completed,2.4,2025,Qtr 1,February,9,29.48,Undergraduate,Studying,9,TRUE,3
Biology,Assignment Completed,4.4,2025,Qtr 1,February,9,36.61,Undergraduate,Writing,11,TRUE,4
Biology,Assignment Completed,5,2025,Qtr 1,February,10,7.41,Undergraduate,Coding,2,FALSE,5
Biology,Assignment Completed,4.3,2025,Qtr 1,February,10,10.08,Undergraduate,Research,3,TRUE,4
Biology,Assignment Completed,1.4,2025,Qtr 1,February,10,27.03,Undergraduate,Studying,6,FALSE,2
Biology,Assignment Completed,4.3,2025,Qtr 1,February,10,7.69,Undergraduate,Writing,2,FALSE,4
Biology,Assignment Completed,3.3,2025,Qtr 1,February,11,14.34,Undergraduate,Writing,5,FALSE,4
Biology,Assignment Completed,4.4,2025,Qtr 1,February,13,46.62,Undergraduate,Writing,22,TRUE,4
Biology,Assignment Completed,4.3,2025,Qtr 1,February,14,12.28,High School,Writing,4,FALSE,3
Biology,Assignment Completed,4.1,2025,Qtr 1,February,14,12.25,High School,Writing,2,TRUE,3
Biology,Assignment Completed,4.8,2025,Qtr 1,February,14,25.43,Undergraduate,Homework Help,5,TRUE,4
Biology,Assignment Completed,3.5,2025,Qtr 1,February,14,10.82,Undergraduate,Studying,2,TRUE,3
Biology,Assignment Completed,3.2,2025,Qtr 1,February,14,10.99,Undergraduate,Writing,2,FALSE,4
Biology,Assignment Completed,4.2,2025,Qtr 1,February,15,24.8,Graduate,Homework Help,9,TRUE,4
Biology,Assignment Completed,9.2,2025,Qtr 1,February,16,42.04,Undergraduate,Homework Help,17,TRUE,10
Biology,Assignment Completed,4.2,2025,Qtr 1,February,16,13.33,Undergraduate,Writing,2,TRUE,4
Biology,Assignment Completed,2.4,2025,Qtr 1,February,17,23.33,Graduate,Studying,7,TRUE,3
Biology,Assignment Completed,3.9,2025,Qtr 1,February,17,12.23,High School,Writing,4,TRUE,4
Biology,Assignment Completed,2.6,2025,Qtr 1,February,17,8.27,Undergraduate,Coding,1,TRUE,3
Biology,Assignment Completed,3.1,2025,Qtr 1,February,18,21.94,Undergraduate,Coding,4,TRUE,4
Biology,Assignment Completed,5,2025,Qtr 1,February,18,16.35,Undergraduate,Writing,3,FALSE,4
Biology,Assignment Completed,4.3,2025,Qtr 1,February,19,45.1,Graduate,Studying,17,TRUE,3
Biology,Assignment Completed,3.9,2025,Qtr 1,February,19,17.59,Undergraduate,Coding,3,TRUE,4
Biology,Assignment Completed,2.8,2025,Qtr 1,February,19,12.11,Undergraduate,Writing,3,TRUE,3
Biology,Assignment Completed,2.2,2025,Qtr 1,February,20,2.2,Undergraduate,Writing,1,FALSE,2
Biology,Assignment Completed,2.9,2025,Qtr 1,February,21,43.72,High School,Studying,9,TRUE,4
Biology,Assignment Completed,4,2025,Qtr 1,February,21,3.4,Undergraduate,Coding,1,TRUE,4
Biology,Assignment Completed,4.7,2025,Qtr 1,February,22,52.19,Graduate,Coding,12,TRUE,4
Biology,Assignment Completed,5,2025,Qtr 1,February,22,11.44,Undergraduate,Homework Help,3,TRUE,4
Biology,Assignment Completed,3.3,2025,Qtr 1,February,23,16.84,Graduate,Coding,5,TRUE,4
Biology,Assignment Completed,4.3,2025,Qtr 1,February,24,34.69,Undergraduate,Coding,9,TRUE,4
Biology,Assignment Completed,5,2025,Qtr 1,February,24,14.78,Undergraduate,Homework Help,6,TRUE,4
Biology,Assignment Completed,4.5,2025,Qtr 1,February,25,12.68,Graduate,Coding,3,TRUE,4
Biology,Assignment Completed,2.4,2025,Qtr 1,February,25,15.91,High School,Writing,4,TRUE,2
Biology,Assignment Completed,2.6,2025,Qtr 1,February,25,9.33,Undergraduate,Writing,3,TRUE,2
Biology,Assignment Completed,2.5,2025,Qtr 1,February,26,27.16,Graduate,Homework Help,7,FALSE,4
Biology,Assignment Completed,3.8,2025,Qtr 1,February,27,2.41,High School,Coding,1,TRUE,4
Biology,Assignment Completed,1.4,2025,Qtr 1,February,27,15.95,Undergraduate,Coding,5,TRUE,3
Biology,Assignment Completed,4.8,2025,Qtr 1,February,28,55.45,Graduate,Coding,20,TRUE,4
Biology,Assignment Completed,5,2025,Qtr 1,February,28,8.26,Undergraduate,Studying,2,TRUE,3
Biology,Assignment Completed,3,2025,Qtr 1,March,1,6.52,Undergraduate,Writing,1,TRUE,3
Biology,Assignment Completed,4.1,2025,Qtr 1,March,2,32.25,High School,Writing,8,FALSE,5
Biology,Assignment Completed,1.9,2025,Qtr 1,March,4,24.73,Graduate,Writing,8,TRUE,2
Biology,Assignment Completed,1,2025,Qtr 1,March,4,23.42,High School,Homework Help,4,FALSE,2
Biology,Assignment Completed,2.2,2025,Qtr 1,March,4,43.14,Undergraduate,Writing,8,TRUE,2
Biology,Assignment Completed,4.6,2025,Qtr 1,March,6,19.44,Graduate,Coding,7,TRUE,5
Biology,Assignment Completed,6.4,2025,Qtr 1,March,6,47.28,High School,Homework Help,15,TRUE,7
Biology,Assignment Completed,4.2,2025,Qtr 1,March,6,9.6,Undergraduate,Writing,2,TRUE,4
Biology,Assignment Completed,4.2,2025,Qtr 1,March,7,37.37,Undergraduate,Writing,10,TRUE,4
Biology,Assignment Completed,3,2025,Qtr 1,March,8,6.13,Graduate,Coding,1,TRUE,4
Biology,Assignment Completed,5,2025,Qtr 1,March,8,10.62,High School,Homework Help,2,TRUE,5
Biology,Assignment Completed,1,2025,Qtr 1,March,8,34,Undergraduate,Homework Help,11,TRUE,1
Biology,Assignment Completed,3.3,2025,Qtr 1,March,9,17.23,Graduate,Coding,3,TRUE,4
Biology,Assignment Completed,2.3,2025,Qtr 1,March,9,25.87,Undergraduate,Homework Help,6,FALSE,4
Biology,Assignment Completed,3.3,2025,Qtr 1,March,9,18.18,Undergraduate,Studying,4,TRUE,4
Biology,Assignment Completed,3.9,2025,Qtr 1,March,9,28.36,Undergraduate,Writing,7,TRUE,4
Biology,Assignment Completed,3.6,2025,Qtr 1,March,11,14.46,Graduate,Studying,3,TRUE,4
Biology,Assignment Completed,2.8,2025,Qtr 1,March,11,10.38,High School,Studying,4,TRUE,3
Biology,Assignment Completed,5,2025,Qtr 1,March,11,7.83,Undergraduate,Studying,2,TRUE,4
Biology,Assignment Completed,3.5,2025,Qtr 1,March,12,4.4,Undergraduate,Studying,1,FALSE,4
Biology,Assignment Completed,5,2025,Qtr 1,March,13,34.31,High School,Brainstorming,10,FALSE,5
Biology,Assignment Completed,3.1,2025,Qtr 1,March,13,20.33,Undergraduate,Coding,4,TRUE,3
Biology,Assignment Completed,1.4,2025,Qtr 1,March,14,26.44,Graduate,Coding,5,TRUE,2
Biology,Assignment Completed,1.9,2025,Qtr 1,March,14,24.29,Undergraduate,Homework Help,7,TRUE,3
Biology,Assignment Completed,2,2025,Qtr 1,March,15,13.82,Graduate,Homework Help,5,TRUE,3
Biology,Assignment Completed,1,2025,Qtr 1,March,15,11.92,Graduate,Studying,4,TRUE,1
Biology,Assignment Completed,3.3,2025,Qtr 1,March,15,21.47,High School,Studying,7,TRUE,3
Biology,Assignment Completed,3.1,2025,Qtr 1,March,15,5.26,High School,Writing,2,TRUE,3
Biology,Assignment Completed,3.2,2025,Qtr 1,March,16,16.62,Graduate,Writing,4,TRUE,3
Biology,Assignment Completed,5,2025,Qtr 1,March,16,20.96,Undergraduate,Homework Help,4,TRUE,4
Biology,Assignment Completed,2.3,2025,Qtr 1,March,16,14.61,Undergraduate,Writing,3,TRUE,3
Biology,Assignment Completed,4.3,2025,Qtr 1,March,17,13.03,High School,Writing,6,FALSE,5
Biology,Assignment Completed,1.7,2025,Qtr 1,March,19,30.97,Graduate,Writing,10,TRUE,3
Biology,Assignment Completed,1.4,2025,Qtr 1,March,19,26.45,Undergraduate,Homework Help,10,TRUE,1
Biology,Assignment Completed,4.6,2025,Qtr 1,March,19,50.97,Undergraduate,Studying,22,TRUE,4
Biology,Assignment Completed,3.5,2025,Qtr 1,March,20,36.15,Undergraduate,Coding,8,FALSE,3
Biology,Assignment Completed,3.6,2025,Qtr 1,March,21,28.11,Undergraduate,Writing,13,FALSE,3
Biology,Assignment Completed,2.6,2025,Qtr 1,March,22,29.56,Graduate,Writing,10,FALSE,3
Biology,Assignment Completed,7.9,2025,Qtr 1,March,22,86.83,High School,Coding,21,TRUE,8
Biology,Assignment Completed,4,2025,Qtr 1,March,22,47.59,High School,Writing,14,TRUE,4
Biology,Assignment Completed,7.9,2025,Qtr 1,March,22,17.95,Undergraduate,Writing,4,TRUE,9
Biology,Assignment Completed,5,2025,Qtr 1,March,23,13.77,High School,Writing,6,TRUE,4
Biology,Assignment Completed,3.5,2025,Qtr 1,March,24,11.93,Undergraduate,Homework Help,4,TRUE,4
Biology,Assignment Completed,1.8,2025,Qtr 1,March,26,2.64,Undergraduate,Writing,1,TRUE,2
Biology,Assignment Completed,3.1,2025,Qtr 1,March,27,7.89,High School,Studying,1,TRUE,3
Biology,Assignment Completed,1.7,2025,Qtr 1,March,28,18.41,Undergraduate,Studying,4,TRUE,3
Biology,Assignment Completed,3,2025,Qtr 1,March,28,20.02,Undergraduate,Writing,4,FALSE,3
Biology,Assignment Completed,10.2,2025,Qtr 1,March,29,64.35,Undergraduate,Homework Help,16,TRUE,10
Biology,Assignment Completed,5,2025,Qtr 1,March,30,4.34,Graduate,Writing,1,FALSE,5
Biology,Assignment Completed,5,2025,Qtr 1,March,30,35.56,Undergraduate,Coding,12,TRUE,5
Biology,Assignment Completed,7.9,2025,Qtr 1,March,30,20.96,Undergraduate,Homework Help,5,TRUE,8
Biology,Assignment Completed,1.4,2025,Qtr 1,March,30,52.92,Undergraduate,Writing,15,TRUE,2
Biology,Assignment Completed,3.7,2025,Qtr 1,March,31,2.67,High School,Studying,1,FALSE,3
Biology,Assignment Completed,2.2,2025,Qtr 1,March,31,26.3,Undergraduate,Coding,7,TRUE,3
Biology,Assignment Completed,4.2,2025,Qtr 1,March,31,10.37,Undergraduate,Homework Help,4,TRUE,4
Biology,Assignment Completed,3.7,2025,Qtr 2,April,1,9.55,Undergraduate,Homework Help,3,TRUE,4
Biology,Assignment Completed,1.9,2025,Qtr 2,April,2,36.6,High School,Coding,15,TRUE,3
Biology,Assignment Completed,1,2025,Qtr 2,April,4,4.67,Undergraduate,Coding,1,TRUE,1
Biology,Assignment Completed,1.9,2025,Qtr 2,April,4,2.27,Undergraduate,Research,1,TRUE,3
Biology,Assignment Completed,7.4,2025,Qtr 2,April,4,75.23,Undergraduate,Studying,18,TRUE,7
Biology,Assignment Completed,4.3,2025,Qtr 2,April,6,20.43,Undergraduate,Brainstorming,9,TRUE,4
Biology,Assignment Completed,4,2025,Qtr 2,April,6,48.45,Undergraduate,Homework Help,13,TRUE,5
Biology,Assignment Completed,3.2,2025,Qtr 2,April,6,27.88,Undergraduate,Writing,6,FALSE,2
Biology,Assignment Completed,4.8,2025,Qtr 2,April,7,44.01,High School,Studying,16,TRUE,4
Biology,Assignment Completed,5,2025,Qtr 2,April,7,12.13,Undergraduate,Homework Help,4,TRUE,5
Biology,Assignment Completed,3.5,2025,Qtr 2,April,8,7.34,Undergraduate,Brainstorming,1,TRUE,3
Biology,Assignment Completed,4.3,2025,Qtr 2,April,8,31.93,Undergraduate,Homework Help,13,TRUE,4
Biology,Assignment Completed,2.3,2025,Qtr 2,April,9,12.18,High School,Writing,4,TRUE,2
Biology,Assignment Completed,1,2025,Qtr 2,April,10,44.18,Undergraduate,Studying,9,FALSE,2
Biology,Assignment Completed,4.3,2025,Qtr 2,April,10,14.01,Undergraduate,Writing,4,TRUE,3
Biology,Assignment Completed,1.4,2025,Qtr 2,April,11,3.3,High School,Homework Help,1,TRUE,2
Biology,Assignment Completed,3.9,2025,Qtr 2,April,12,19.94,Undergraduate,Brainstorming,4,TRUE,4
Biology,Assignment Completed,2.7,2025,Qtr 2,April,12,33.76,Undergraduate,Homework Help,9,TRUE,3
Biology,Assignment Completed,4.5,2025,Qtr 2,April,13,29.41,Graduate,Homework Help,10,TRUE,4
Biology,Assignment Completed,3,2025,Qtr 2,April,13,36.87,High School,Writing,13,FALSE,3
Biology,Assignment Completed,8.7,2025,Qtr 2,April,13,60.67,Undergraduate,Coding,16,TRUE,8
Biology,Assignment Completed,8.4,2025,Qtr 2,April,13,53.7,Undergraduate,Writing,17,TRUE,9
Biology,Assignment Completed,4.3,2025,Qtr 2,April,14,7.05,Graduate,Writing,2,TRUE,4
Biology,Assignment Completed,2.2,2025,Qtr 2,April,14,19.76,Undergraduate,Studying,5,TRUE,4
Biology,Assignment Completed,2.2,2025,Qtr 2,April,15,18.36,Graduate,Coding,4,TRUE,3
Biology,Assignment Completed,3.4,2025,Qtr 2,April,15,5.62,High School,Writing,2,TRUE,4
Biology,Assignment Completed,3.9,2025,Qtr 2,April,15,2.23,Undergraduate,Coding,1,TRUE,3
Biology,Assignment Completed,1.7,2025,Qtr 2,April,16,30.61,Graduate,Writing,13,FALSE,3
Biology,Assignment Completed,3.7,2025,Qtr 2,April,16,41.69,Graduate,Writing,14,TRUE,4
Biology,Assignment Completed,2.5,2025,Qtr 2,April,16,15.61,Undergraduate,Studying,4,TRUE,4
Biology,Assignment Completed,3.9,2025,Qtr 2,April,17,14.34,Undergraduate,Coding,4,FALSE,4
Biology,Assignment Completed,5,2025,Qtr 2,April,17,33.28,Undergraduate,Studying,10,TRUE,3
Biology,Assignment Completed,3.8,2025,Qtr 2,April,18,3.84,Graduate,Coding,1,FALSE,4
Biology,Assignment Completed,2.7,2025,Qtr 2,April,18,20.06,Graduate,Writing,9,TRUE,4
Biology,Assignment Completed,3.4,2025,Qtr 2,April,18,4.49,Undergraduate,Coding,1,TRUE,4
Biology,Assignment Completed,3.5,2025,Qtr 2,April,20,36.09,High School,Writing,8,TRUE,3
Biology,Assignment Completed,10.5,2025,Qtr 2,April,20,77.52,Undergraduate,Coding,23,TRUE,12
Biology,Assignment Completed,1.5,2025,Qtr 2,April,20,10.29,Undergraduate,Writing,2,TRUE,2
Biology,Assignment Completed,5,2025,Qtr 2,April,21,9.46,Undergraduate,Coding,2,TRUE,4
Biology,Assignment Completed,3.5,2025,Qtr 2,April,21,20.84,Undergraduate,Homework Help,6,TRUE,2
Biology,Assignment Completed,4.4,2025,Qtr 2,April,21,12.52,Undergraduate,Studying,3,TRUE,4
Biology,Assignment Completed,4.7,2025,Qtr 2,April,21,5.58,Undergraduate,Writing,1,TRUE,4
Biology,Assignment Completed,3.5,2025,Qtr 2,April,22,20.43,Graduate,Studying,5,FALSE,4
Biology,Assignment Completed,2.5,2025,Qtr 2,April,22,19.21,High School,Studying,4,TRUE,3
Biology,Assignment Completed,3.5,2025,Qtr 2,April,22,11.92,Undergraduate,Research,3,TRUE,4
Biology,Assignment Completed,4.1,2025,Qtr 2,April,23,7.79,Undergraduate,Studying,3,TRUE,4
Biology,Assignment Completed,3.4,2025,Qtr 2,April,24,28,Undergraduate,Writing,6,TRUE,4
Biology,Assignment Completed,1.9,2025,Qtr 2,April,25,44.65,Graduate,Homework Help,13,TRUE,3
Biology,Assignment Completed,3.1,2025,Qtr 2,April,25,32.08,Undergraduate,Homework Help,11,TRUE,3
Biology,Assignment Completed,5,2025,Qtr 2,April,26,8.88,High School,Homework Help,1,TRUE,5
Biology,Assignment Completed,4.9,2025,Qtr 2,April,27,7.97,High School,Coding,2,TRUE,3
Biology,Assignment Completed,2,2025,Qtr 2,April,27,3.68,Undergraduate,Coding,1,FALSE,2
Biology,Assignment Completed,1.8,2025,Qtr 2,April,27,3.28,Undergraduate,Coding,1,TRUE,1
Biology,Assignment Completed,2.9,2025,Qtr 2,April,27,35.5,Undergraduate,Homework Help,8,TRUE,3
Biology,Assignment Completed,3.5,2025,Qtr 2,April,28,7.97,Undergraduate,Homework Help,2,TRUE,3
Biology,Assignment Completed,7.9,2025,Qtr 2,April,29,96.93,Graduate,Coding,35,TRUE,8
Biology,Assignment Completed,4,2025,Qtr 2,April,30,9.32,Undergraduate,Studying,4,FALSE,3
Biology,Assignment Completed,3.1,2025,Qtr 2,April,30,46.5,Undergraduate,Writing,9,TRUE,5
Biology,Assignment Completed,3.4,2025,Qtr 2,May,1,26.05,Undergraduate,Homework Help,5,TRUE,4
Biology,Assignment Completed,4.1,2025,Qtr 2,May,2,6.21,Graduate,Homework Help,1,TRUE,5
Biology,Assignment Completed,3.2,2025,Qtr 2,May,2,31.14,High School,Homework Help,6,TRUE,4
Biology,Assignment Completed,4.6,2025,Qtr 2,May,2,6.96,High School,Studying,3,TRUE,4
Biology,Assignment Completed,3.5,2025,Qtr 2,May,2,13.04,Undergraduate,Coding,3,FALSE,4
Biology,Assignment Completed,4.6,2025,Qtr 2,May,2,16.56,Undergraduate,Studying,3,FALSE,5
Biology,Assignment Completed,5,2025,Qtr 2,May,5,18.88,Undergraduate,Studying,5,TRUE,5
Biology,Assignment Completed,4.5,2025,Qtr 2,May,5,78.54,Undergraduate,Writing,23,TRUE,4
Biology,Assignment Completed,2.7,2025,Qtr 2,May,6,5.56,High School,Writing,1,TRUE,2
Biology,Assignment Completed,4.7,2025,Qtr 2,May,6,26.53,Undergraduate,Writing,6,FALSE,5
Biology,Assignment Completed,3.3,2025,Qtr 2,May,7,25.18,Graduate,Coding,12,TRUE,3
Biology,Assignment Completed,2.9,2025,Qtr 2,May,7,24.09,Graduate,Studying,7,TRUE,2
Biology,Assignment Completed,4.6,2025,Qtr 2,May,7,26.5,High School,Writing,7,TRUE,4
Biology,Assignment Completed,5,2025,Qtr 2,May,8,16.47,Graduate,Coding,3,TRUE,4
Biology,Assignment Completed,3,2025,Qtr 2,May,8,18.96,Graduate,Writing,4,TRUE,3
Biology,Assignment Completed,5,2025,Qtr 2,May,8,2.58,High School,Studying,1,TRUE,4
Biology,Assignment Completed,5,2025,Qtr 2,May,9,31.4,Undergraduate,Writing,6,TRUE,5
Biology,Assignment Completed,4.4,2025,Qtr 2,May,11,11.87,Graduate,Coding,3,TRUE,4
Biology,Assignment Completed,4.6,2025,Qtr 2,May,12,12,High School,Homework Help,3,TRUE,5
Biology,Assignment Completed,3.9,2025,Qtr 2,May,12,28.79,Undergraduate,Coding,8,TRUE,4
Biology,Assignment Completed,3.9,2025,Qtr 2,May,13,34.19,Undergraduate,Coding,7,TRUE,4
Biology,Assignment Completed,3.8,2025,Qtr 2,May,13,26.78,Undergraduate,Writing,6,TRUE,4
Biology,Assignment Completed,4.2,2025,Qtr 2,May,15,23.16,Graduate,Coding,5,FALSE,4
Biology,Assignment Completed,1,2025,Qtr 2,May,17,31.59,Graduate,Coding,11,TRUE,2
Biology,Assignment Completed,5,2025,Qtr 2,May,17,13.4,Graduate,Studying,3,TRUE,4
Biology,Assignment Completed,3.8,2025,Qtr 2,May,18,11.68,Graduate,Studying,3,FALSE,5
Biology,Assignment Completed,3.8,2025,Qtr 2,May,18,7.76,Undergraduate,Writing,3,TRUE,4
Biology,Assignment Completed,3.5,2025,Qtr 2,May,19,22.33,Undergraduate,Coding,4,FALSE,4
Biology,Assignment Completed,2.8,2025,Qtr 2,May,20,6.5,Graduate,Writing,1,FALSE,3
Biology,Assignment Completed,2.4,2025,Qtr 2,May,22,16.24,High School,Coding,3,TRUE,2
Biology,Assignment Completed,3.7,2025,Qtr 2,May,22,8.92,Undergraduate,Studying,2,FALSE,4
Biology,Assignment Completed,7.8,2025,Qtr 2,May,22,44.68,Undergraduate,Writing,16,TRUE,7
Biology,Assignment Completed,3.8,2025,Qtr 2,May,24,18.09,Undergraduate,Coding,4,FALSE,4
Biology,Assignment Completed,2.4,2025,Qtr 2,May,24,7.22,Undergraduate,Studying,2,TRUE,2
Biology,Assignment Completed,3.5,2025,Qtr 2,May,25,11.59,High School,Studying,3,TRUE,4
Biology,Assignment Completed,1.3,2025,Qtr 2,May,25,7.09,Undergraduate,Writing,2,FALSE,1
Biology,Assignment Completed,7.8,2025,Qtr 2,May,25,35.16,Undergraduate,Writing,10,TRUE,7
Biology,Assignment Completed,2.3,2025,Qtr 2,May,27,16.86,Undergraduate,Writing,5,TRUE,3
Biology,Assignment Completed,2.3,2025,Qtr 2,May,28,26.52,Graduate,Homework Help,5,FALSE,2
Biology,Assignment Completed,4.9,2025,Qtr 2,May,30,6.33,Undergraduate,Writing,1,TRUE,4
Biology,Assignment Completed,2.7,2025,Qtr 2,May,31,4.31,High School,Studying,1,TRUE,3
Biology,Assignment Completed,5,2025,Qtr 2,May,31,27.53,Undergraduate,Coding,12,TRUE,5
Biology,Assignment Completed,5,2025,Qtr 2,June,1,4.43,Graduate,Coding,1,TRUE,4
Biology,Assignment Completed,2.7,2025,Qtr 2,June,1,11.03,High School,Homework Help,2,TRUE,2
Biology,Assignment Completed,3.2,2025,Qtr 2,June,1,17.62,Undergraduate,Writing,7,TRUE,3
Biology,Assignment Completed,3,2025,Qtr 2,June,2,25.84,Graduate,Studying,8,TRUE,3
Biology,Assignment Completed,3,2025,Qtr 2,June,2,21.22,Graduate,Writing,4,TRUE,4
Biology,Assignment Completed,4.3,2025,Qtr 2,June,2,8.6,High School,Coding,2,FALSE,4
Biology,Assignment Completed,4.2,2025,Qtr 2,June,2,22.73,Undergraduate,Research,8,TRUE,3
Biology,Assignment Completed,2.8,2025,Qtr 2,June,2,4.85,Undergraduate,Writing,1,TRUE,3
Biology,Assignment Completed,4.3,2025,Qtr 2,June,3,14.29,Graduate,Writing,4,TRUE,4
Biology,Assignment Completed,2.4,2025,Qtr 2,June,4,11.28,Graduate,Homework Help,4,TRUE,2
Biology,Assignment Completed,5,2025,Qtr 2,June,4,12.64,High School,Writing,2,TRUE,4
Biology,Assignment Completed,4.6,2025,Qtr 2,June,4,14.75,Undergraduate,Studying,3,TRUE,4
Biology,Assignment Completed,2.3,2025,Qtr 2,June,4,30.25,Undergraduate,Writing,6,TRUE,3
Biology,Assignment Completed,2.6,2025,Qtr 2,June,5,20.11,Undergraduate,Writing,5,FALSE,3
Biology,Assignment Completed,4.5,2025,Qtr 2,June,6,27.27,Graduate,Coding,6,TRUE,5
Biology,Assignment Completed,1.8,2025,Qtr 2,June,6,18.72,Graduate,Studying,5,TRUE,2
Biology,Assignment Completed,3.4,2025,Qtr 2,June,6,13.5,High School,Writing,3,TRUE,2
Biology,Assignment Completed,2.4,2025,Qtr 2,June,6,17.16,Undergraduate,Coding,5,TRUE,3
Biology,Assignment Completed,5,2025,Qtr 2,June,7,11.37,Undergraduate,Writing,2,TRUE,5
Biology,Assignment Completed,3.9,2025,Qtr 2,June,9,5.26,Undergraduate,Writing,1,TRUE,3
Biology,Assignment Completed,3.3,2025,Qtr 2,June,11,36.9,Undergraduate,Writing,9,FALSE,3
Biology,Assignment Completed,5,2025,Qtr 2,June,12,44.52,Graduate,Homework Help,20,TRUE,4
Biology,Assignment Completed,1.5,2025,Qtr 2,June,12,17.33,High School,Writing,4,TRUE,1
Biology,Assignment Completed,4.3,2025,Qtr 2,June,12,49.91,Undergraduate,Writing,13,TRUE,6
Biology,Assignment Completed,5,2025,Qtr 2,June,13,8.15,Graduate,Studying,2,FALSE,5
Biology,Assignment Completed,4.8,2025,Qtr 2,June,13,13.48,Undergraduate,Coding,5,TRUE,4
Biology,Assignment Completed,4.1,2025,Qtr 2,June,14,12.7,High School,Writing,3,TRUE,3
Biology,Assignment Completed,3.3,2025,Qtr 2,June,14,38.74,Undergraduate,Coding,16,TRUE,3
Biology,Assignment Completed,5,2025,Qtr 2,June,15,28.38,Undergraduate,Coding,11,TRUE,5
Biology,Assignment Completed,4.8,2025,Qtr 2,June,16,25.84,Undergraduate,Homework Help,6,TRUE,5
Biology,Assignment Completed,4.2,2025,Qtr 2,June,16,14.34,Undergraduate,Writing,3,TRUE,4
Biology,Assignment Completed,4.8,2025,Qtr 2,June,17,9.66,Graduate,Homework Help,1,TRUE,5
Biology,Assignment Completed,3.8,2025,Qtr 2,June,17,21.32,High School,Studying,7,TRUE,4
Biology,Assignment Completed,3.7,2025,Qtr 2,June,18,4.82,Undergraduate,Studying,1,FALSE,3
Biology,Assignment Completed,3.2,2025,Qtr 2,June,19,2.34,Undergraduate,Writing,1,FALSE,4
Biology,Assignment Completed,7.3,2025,Qtr 2,June,20,41.44,Undergraduate,Coding,11,TRUE,6
Biology,Assignment Completed,2.9,2025,Qtr 2,June,21,15.84,High School,Coding,6,TRUE,4
Biology,Assignment Completed,1,2025,Qtr 2,June,21,9.13,Undergraduate,Writing,2,TRUE,1
Biology,Assignment Completed,4,2025,Qtr 2,June,22,13.03,Graduate,Writing,3,TRUE,3
Biology,Assignment Completed,3.5,2025,Qtr 2,June,22,34.73,Undergraduate,Studying,7,TRUE,3
Biology,Assignment Completed,4.3,2025,Qtr 2,June,23,5.84,High School,Coding,2,TRUE,4
Biology,Assignment Completed,5,2025,Qtr 2,June,23,12.93,Undergraduate,Studying,3,FALSE,4
Biology,Assignment Completed,5,2025,Qtr 2,June,24,32.65,Undergraduate,Coding,7,TRUE,4
Biology,Confused,4.5,2024,Qtr 2,June,25,30.26,Graduate,Studying,6,FALSE,5
Biology,Confused,4.1,2024,Qtr 3,July,1,8.92,Undergraduate,Studying,2,FALSE,4
Biology,Confused,1,2024,Qtr 3,July,4,59.7,High School,Homework Help,26,FALSE,2
Biology,Confused,4.2,2024,Qtr 3,July,5,15.28,Undergraduate,Coding,4,TRUE,5
Biology,Confused,5,2024,Qtr 3,July,7,11.91,Undergraduate,Studying,3,TRUE,5
Biology,Confused,4.1,2024,Qtr 3,July,11,24.28,Undergraduate,Homework Help,7,FALSE,4
Biology,Confused,4.3,2024,Qtr 3,July,13,38.18,Undergraduate,Studying,10,TRUE,4
Biology,Confused,3.7,2024,Qtr 3,July,14,6.75,Graduate,Research,1,FALSE,3
Biology,Confused,1.2,2024,Qtr 3,July,19,7.52,Undergraduate,Coding,2,FALSE,2
Biology,Confused,1.2,2024,Qtr 3,July,19,5.76,Undergraduate,Writing,1,TRUE,1
Biology,Confused,1.7,2024,Qtr 3,July,21,17.21,Undergraduate,Homework Help,3,FALSE,3
Biology,Confused,1.7,2024,Qtr 3,July,23,4.93,Undergraduate,Studying,1,TRUE,2
Biology,Confused,5,2024,Qtr 3,July,24,2.83,High School,Writing,1,TRUE,5
Biology,Confused,2.4,2024,Qtr 3,July,27,42.75,Undergraduate,Coding,11,FALSE,3
Biology,Confused,1.6,2024,Qtr 3,July,28,27.47,Undergraduate,Coding,6,FALSE,2
Biology,Confused,3.1,2024,Qtr 3,July,28,17.72,Undergraduate,Homework Help,4,FALSE,3
Biology,Confused,1.7,2024,Qtr 3,July,29,32.19,Graduate,Writing,12,FALSE,2
Biology,Confused,2.7,2024,Qtr 3,July,29,6.39,Undergraduate,Homework Help,1,FALSE,3
Biology,Confused,5,2024,Qtr 3,July,30,9.23,Undergraduate,Studying,2,TRUE,4
Biology,Confused,1.9,2024,Qtr 3,August,2,4.59,Undergraduate,Homework Help,1,FALSE,2
Biology,Confused,2.8,2024,Qtr 3,August,5,14.37,Undergraduate,Writing,3,TRUE,3
Biology,Confused,4,2024,Qtr 3,August,6,37.36,Undergraduate,Studying,14,FALSE,4
Biology,Confused,5.9,2024,Qtr 3,August,7,34.08,Undergraduate,Coding,7,FALSE,6
Biology,Confused,5,2024,Qtr 3,August,8,12.48,Graduate,Coding,4,TRUE,5
Biology,Confused,3.7,2024,Qtr 3,August,9,12.77,Undergraduate,Writing,2,TRUE,4
Biology,Confused,4.7,2024,Qtr 3,August,10,7.09,Graduate,Studying,2,TRUE,4
Biology,Confused,4.4,2024,Qtr 3,August,10,10.01,High School,Studying,3,TRUE,4
Biology,Confused,1.2,2024,Qtr 3,August,10,17.39,Undergraduate,Homework Help,5,FALSE,2
Biology,Confused,3.7,2024,Qtr 3,August,12,17.67,Graduate,Homework Help,6,FALSE,4
Biology,Confused,5,2024,Qtr 3,August,13,37.8,Undergraduate,Coding,8,FALSE,5
Biology,Confused,4.9,2024,Qtr 3,August,16,2.18,Undergraduate,Homework Help,1,FALSE,5
Biology,Confused,5,2024,Qtr 3,August,17,28.33,High School,Coding,12,FALSE,5
Biology,Confused,5,2024,Qtr 3,August,17,14.31,Undergraduate,Homework Help,3,TRUE,5
Biology,Confused,3.2,2024,Qtr 3,August,20,16.02,High School,Research,3,FALSE,3
Biology,Confused,2.7,2024,Qtr 3,August,20,30.87,Undergraduate,Research,6,FALSE,3
Biology,Confused,5,2024,Qtr 3,August,20,10.27,Undergraduate,Studying,2,TRUE,5
Biology,Confused,3.7,2024,Qtr 3,August,22,22.8,Undergraduate,Writing,4,FALSE,4
Biology,Confused,2.9,2024,Qtr 3,August,26,12.52,Graduate,Coding,2,TRUE,2
Biology,Confused,4.5,2024,Qtr 3,August,26,16.51,Undergraduate,Homework Help,6,TRUE,4
Biology,Confused,3.3,2024,Qtr 3,August,26,38.23,Undergraduate,Writing,12,TRUE,2
Biology,Confused,4.4,2024,Qtr 3,August,29,31.03,Graduate,Coding,12,TRUE,4
Biology,Confused,5,2024,Qtr 3,August,30,12.46,Undergraduate,Homework Help,5,FALSE,5
Biology,Confused,2.3,2024,Qtr 3,August,30,8.21,Undergraduate,Studying,1,TRUE,3
Biology,Confused,3.4,2024,Qtr 3,August,31,21.87,Undergraduate,Writing,9,FALSE,4
Biology,Confused,1,2024,Qtr 3,September,1,13.87,Undergraduate,Studying,3,FALSE,1
Biology,Confused,4.7,2024,Qtr 3,September,3,10.12,Graduate,Studying,3,TRUE,5
Biology,Confused,1.7,2024,Qtr 3,September,3,14.35,High School,Coding,6,FALSE,2
Biology,Confused,3.9,2024,Qtr 3,September,4,27.07,Undergraduate,Homework Help,7,TRUE,4
Biology,Confused,5,2024,Qtr 3,September,5,12.63,Graduate,Research,2,TRUE,5
Biology,Confused,3.8,2024,Qtr 3,September,6,26.97,High School,Coding,7,FALSE,3
Biology,Confused,2.7,2024,Qtr 3,September,7,8.24,Graduate,Homework Help,1,FALSE,3
Biology,Confused,4.5,2024,Qtr 3,September,8,53.5,Graduate,Homework Help,13,TRUE,3
Biology,Confused,1.2,2024,Qtr 3,September,8,11.75,Undergraduate,Brainstorming,2,TRUE,1
Biology,Confused,5,2024,Qtr 3,September,8,20.9,Undergraduate,Coding,4,FALSE,5
Biology,Confused,3.9,2024,Qtr 3,September,12,26.32,High School,Coding,12,TRUE,3
Biology,Confused,3.4,2024,Qtr 3,September,15,6.53,Undergraduate,Homework Help,1,TRUE,4
Biology,Confused,2,2024,Qtr 3,September,20,0.76,High School,Homework Help,1,FALSE,3
Biology,Confused,2.4,2024,Qtr 3,September,21,5.27,Undergraduate,Coding,1,TRUE,2
Biology,Confused,2.3,2024,Qtr 3,September,21,11.05,Undergraduate,Homework Help,4,TRUE,3
Biology,Confused,3.4,2024,Qtr 3,September,24,8.11,High School,Brainstorming,1,FALSE,3
Biology,Confused,4.9,2024,Qtr 3,September,24,35.52,Undergraduate,Homework Help,9,TRUE,5
Biology,Confused,7.5,2024,Qtr 3,September,25,37.11,Undergraduate,Writing,9,TRUE,9
Biology,Confused,2.8,2024,Qtr 3,September,27,33.19,High School,Studying,15,TRUE,3
Biology,Confused,4.7,2024,Qtr 3,September,27,20.51,Undergraduate,Homework Help,5,FALSE,5
Biology,Confused,4.7,2024,Qtr 3,September,28,22.19,High School,Writing,4,FALSE,4
Biology,Confused,3.3,2024,Qtr 4,October,2,27.59,Graduate,Studying,5,FALSE,3
Biology,Confused,1,2024,Qtr 4,October,3,5.57,Graduate,Homework Help,2,FALSE,1
Biology,Confused,4.2,2024,Qtr 4,October,3,14.76,High School,Homework Help,5,FALSE,3
Biology,Confused,4.9,2024,Qtr 4,October,3,30.82,High School,Studying,8,FALSE,4
Biology,Confused,3.7,2024,Qtr 4,October,3,23.89,Undergraduate,Homework Help,8,FALSE,4
Biology,Confused,3.1,2024,Qtr 4,October,5,54.73,Undergraduate,Coding,25,FALSE,4
Biology,Confused,4.1,2024,Qtr 4,October,6,2.38,High School,Writing,1,FALSE,4
Biology,Confused,2.4,2024,Qtr 4,October,7,21.23,Graduate,Writing,8,FALSE,3
Biology,Confused,2.3,2024,Qtr 4,October,8,3.49,Undergraduate,Coding,1,FALSE,3
Biology,Confused,2.5,2024,Qtr 4,October,15,44.36,Graduate,Writing,11,FALSE,3
Biology,Confused,3.7,2024,Qtr 4,October,15,9.73,Undergraduate,Homework Help,3,FALSE,4
Biology,Confused,3.5,2024,Qtr 4,October,18,2.39,High School,Research,1,TRUE,3
Biology,Confused,3.5,2024,Qtr 4,October,19,10.79,Graduate,Studying,3,TRUE,4
Biology,Confused,2.5,2024,Qtr 4,October,19,10.74,Undergraduate,Studying,4,FALSE,3
Biology,Confused,2.2,2024,Qtr 4,October,20,26.64,Graduate,Homework Help,5,FALSE,3
Biology,Confused,3.2,2024,Qtr 4,October,22,19.87,Undergraduate,Studying,5,FALSE,3
Biology,Confused,1.3,2024,Qtr 4,October,24,31.38,Graduate,Studying,11,FALSE,2
Biology,Confused,5,2024,Qtr 4,October,25,14.97,High School,Studying,5,FALSE,4
Biology,Confused,5,2024,Qtr 4,October,27,8.5,Undergraduate,Studying,2,FALSE,5
Biology,Confused,4.2,2024,Qtr 4,November,2,32,Undergraduate,Writing,7,FALSE,4
Biology,Confused,4,2024,Qtr 4,November,4,26.24,Undergraduate,Studying,6,FALSE,4
Biology,Confused,1.9,2024,Qtr 4,November,20,20.79,Graduate,Coding,6,FALSE,4
Biology,Confused,1.4,2024,Qtr 4,November,21,13.25,Undergraduate,Research,4,FALSE,2
Biology,Confused,4.3,2024,Qtr 4,November,22,32.09,High School,Studying,8,FALSE,3
Biology,Confused,1.7,2024,Qtr 4,November,23,24.02,High School,Studying,5,TRUE,3
Biology,Confused,4.5,2024,Qtr 4,November,26,37.47,Undergraduate,Coding,18,FALSE,4
Biology,Confused,5,2024,Qtr 4,November,28,13,Graduate,Writing,2,FALSE,5
Biology,Confused,4.3,2024,Qtr 4,November,30,26.94,High School,Homework Help,10,FALSE,3
Biology,Confused,4,2024,Qtr 4,December,4,40.95,Graduate,Studying,12,TRUE,4
Biology,Confused,1.3,2024,Qtr 4,December,5,34.25,High School,Writing,12,FALSE,3
Biology,Confused,3.1,2024,Qtr 4,December,6,55.35,Undergraduate,Coding,20,FALSE,3
Biology,Confused,3.8,2024,Qtr 4,December,8,19.34,Graduate,Studying,4,FALSE,4
Biology,Confused,3.4,2024,Qtr 4,December,9,12.94,High School,Homework Help,3,FALSE,2
Biology,Confused,3.6,2024,Qtr 4,December,9,15.27,Undergraduate,Writing,7,TRUE,4
Biology,Confused,4.5,2024,Qtr 4,December,13,5.67,Undergraduate,Writing,1,FALSE,5
Biology,Confused,5,2024,Qtr 4,December,14,32.96,Graduate,Research,11,TRUE,5
Biology,Confused,3.4,2024,Qtr 4,December,14,34.72,Undergraduate,Research,7,TRUE,3
Biology,Confused,4.4,2024,Qtr 4,December,16,5.12,High School,Homework Help,1,FALSE,5
Biology,Confused,4.7,2024,Qtr 4,December,17,58.58,High School,Research,22,FALSE,4
Biology,Confused,3.4,2024,Qtr 4,December,17,28.75,Undergraduate,Homework Help,10,FALSE,3
Biology,Confused,1.9,2024,Qtr 4,December,18,26.53,Undergraduate,Studying,12,FALSE,3
Biology,Confused,2.9,2024,Qtr 4,December,19,37.32,Undergraduate,Studying,17,TRUE,3
Biology,Confused,4.3,2024,Qtr 4,December,20,7.31,Undergraduate,Coding,1,FALSE,4
Biology,Confused,3.8,2024,Qtr 4,December,22,1.86,Undergraduate,Homework Help,1,TRUE,5
Biology,Confused,5,2024,Qtr 4,December,22,34.69,Undergraduate,Writing,7,TRUE,5
Biology,Confused,1.7,2024,Qtr 4,December,23,2.89,Undergraduate,Writing,1,FALSE,2
Biology,Confused,4,2024,Qtr 4,December,25,7.43,Undergraduate,Coding,3,FALSE,5
Biology,Confused,5,2024,Qtr 4,December,27,8.59,Undergraduate,Writing,2,FALSE,5
Biology,Confused,2.1,2024,Qtr 4,December,29,18.84,High School,Coding,8,TRUE,2
Biology,Confused,2.6,2025,Qtr 1,January,2,26.9,Undergraduate,Writing,6,TRUE,4
Biology,Confused,4,2025,Qtr 1,January,6,50.58,Undergraduate,Coding,22,FALSE,4
Biology,Confused,5.1,2025,Qtr 1,January,7,14.69,Graduate,Homework Help,5,FALSE,7
Biology,Confused,4.3,2025,Qtr 1,January,8,22.04,High School,Homework Help,7,FALSE,4
Biology,Confused,3.9,2025,Qtr 1,January,9,4.14,High School,Homework Help,1,FALSE,4
Biology,Confused,1.5,2025,Qtr 1,January,9,28.38,Undergraduate,Research,7,FALSE,2
Biology,Confused,4.9,2025,Qtr 1,January,10,22.5,Graduate,Studying,10,FALSE,3
Biology,Confused,1,2025,Qtr 1,January,10,15.28,Graduate,Writing,6,FALSE,1
Biology,Confused,2.3,2025,Qtr 1,January,10,7.67,Undergraduate,Homework Help,1,TRUE,4
Biology,Confused,2.8,2025,Qtr 1,January,11,9.69,High School,Coding,3,TRUE,4
Biology,Confused,2.8,2025,Qtr 1,January,13,8.21,Graduate,Homework Help,3,TRUE,3
Biology,Confused,4.1,2025,Qtr 1,January,14,17.48,Undergraduate,Coding,3,FALSE,3
Biology,Confused,2.5,2025,Qtr 1,January,14,18.19,Undergraduate,Homework Help,3,FALSE,3
Biology,Confused,2.6,2025,Qtr 1,January,15,19.86,Graduate,Writing,8,FALSE,3
Biology,Confused,1.5,2025,Qtr 1,January,15,14.28,Undergraduate,Coding,3,FALSE,3
Biology,Confused,4.6,2025,Qtr 1,January,17,43.5,High School,Coding,16,FALSE,4
Biology,Confused,5,2025,Qtr 1,January,18,10.9,High School,Homework Help,3,TRUE,5
Biology,Confused,3.9,2025,Qtr 1,January,18,11.98,Undergraduate,Brainstorming,4,TRUE,5
Biology,Confused,1,2025,Qtr 1,January,19,10.57,High School,Writing,3,FALSE,2
Biology,Confused,1.2,2025,Qtr 1,January,19,3.26,Undergraduate,Homework Help,1,FALSE,2
Biology,Confused,5,2025,Qtr 1,January,24,12.71,High School,Studying,2,FALSE,5
Biology,Confused,3,2025,Qtr 1,January,25,19.22,Undergraduate,Homework Help,3,TRUE,4
Biology,Confused,2.4,2025,Qtr 1,January,25,51.09,Undergraduate,Studying,10,FALSE,3
Biology,Confused,1.8,2025,Qtr 1,January,29,33.11,Graduate,Writing,10,FALSE,2
Biology,Confused,4.9,2025,Qtr 1,January,29,28.86,Undergraduate,Coding,7,TRUE,5
Biology,Confused,5,2025,Qtr 1,January,29,20.24,Undergraduate,Studying,6,FALSE,5
Biology,Confused,3.1,2025,Qtr 1,January,30,7.66,Undergraduate,Coding,2,TRUE,3
Biology,Confused,2.5,2025,Qtr 1,February,1,29.35,Undergraduate,Studying,10,FALSE,3
Biology,Confused,4.1,2025,Qtr 1,February,4,5.67,Undergraduate,Research,1,TRUE,4
Biology,Confused,2.8,2025,Qtr 1,February,7,47.69,High School,Writing,15,FALSE,3
Biology,Confused,3.6,2025,Qtr 1,February,9,21.9,Undergraduate,Homework Help,10,FALSE,4
Biology,Confused,3.6,2025,Qtr 1,February,10,18.74,Undergraduate,Homework Help,5,TRUE,4
Biology,Confused,2.6,2025,Qtr 1,February,14,47.14,High School,Studying,14,TRUE,3
Biology,Confused,4.8,2025,Qtr 1,February,14,19.32,Undergraduate,Coding,6,FALSE,4
Biology,Confused,4.2,2025,Qtr 1,February,15,22.81,Graduate,Writing,10,FALSE,5
Biology,Confused,1.9,2025,Qtr 1,February,15,14.56,High School,Coding,2,TRUE,2
Biology,Confused,3.1,2025,Qtr 1,February,15,7.81,Undergraduate,Writing,2,FALSE,3
Biology,Confused,1.9,2025,Qtr 1,February,16,9.52,Graduate,Studying,4,FALSE,2
Biology,Confused,1.2,2025,Qtr 1,February,17,5.47,Graduate,Writing,1,FALSE,2
Biology,Confused,2.9,2025,Qtr 1,February,18,2.69,High School,Studying,1,FALSE,3
Biology,Confused,5,2025,Qtr 1,February,19,5.6,Undergraduate,Homework Help,1,FALSE,5
Biology,Confused,4.5,2025,Qtr 1,February,20,15.11,Undergraduate,Studying,3,TRUE,4
Biology,Confused,2.3,2025,Qtr 1,February,22,2.73,Undergraduate,Studying,1,FALSE,3
Biology,Confused,3.9,2025,Qtr 1,February,24,48.3,Graduate,Studying,10,FALSE,3
Biology,Confused,6.8,2025,Qtr 1,February,25,75.36,Undergraduate,Homework Help,16,TRUE,6
Biology,Confused,3,2025,Qtr 1,March,1,21.68,Undergraduate,Writing,5,FALSE,3
Biology,Confused,4.8,2025,Qtr 1,March,4,24.16,Undergraduate,Studying,6,TRUE,5
Biology,Confused,4.4,2025,Qtr 1,March,5,41.06,Undergraduate,Studying,10,FALSE,4
Biology,Confused,2.4,2025,Qtr 1,March,7,20.52,Graduate,Homework Help,5,TRUE,4
Biology,Confused,4.6,2025,Qtr 1,March,7,21.12,Undergraduate,Homework Help,7,FALSE,4
Biology,Confused,5,2025,Qtr 1,March,11,25.6,Undergraduate,Homework Help,6,FALSE,4
Biology,Confused,2.3,2025,Qtr 1,March,12,22.32,Undergraduate,Writing,5,FALSE,3
Biology,Confused,1.8,2025,Qtr 1,March,16,13.6,Graduate,Studying,2,TRUE,3
Biology,Confused,3.3,2025,Qtr 1,March,17,9.2,High School,Studying,2,FALSE,3
Biology,Confused,2.4,2025,Qtr 1,March,19,5.5,Undergraduate,Homework Help,1,TRUE,3
Biology,Confused,5,2025,Qtr 1,March,20,20.7,Graduate,Coding,5,FALSE,4
Biology,Confused,3.5,2025,Qtr 1,March,24,7.27,Undergraduate,Homework Help,2,TRUE,3
Biology,Confused,4.2,2025,Qtr 1,March,25,8.54,Graduate,Homework Help,2,FALSE,5
Biology,Confused,1.8,2025,Qtr 1,March,28,12.49,Undergraduate,Studying,6,FALSE,2
Biology,Confused,3.9,2025,Qtr 1,March,28,110.81,Undergraduate,Writing,39,TRUE,3
Biology,Confused,1,2025,Qtr 1,March,29,13.52,Undergraduate,Homework Help,4,FALSE,1
Biology,Confused,2.6,2025,Qtr 1,March,29,3.56,Undergraduate,Homework Help,1,TRUE,3
Biology,Confused,4.1,2025,Qtr 1,March,29,35.9,Undergraduate,Studying,15,TRUE,4
Biology,Confused,2,2025,Qtr 2,April,1,6.62,Undergraduate,Brainstorming,1,FALSE,2
Biology,Confused,3.6,2025,Qtr 2,April,2,81.47,Undergraduate,Coding,33,TRUE,4
Biology,Confused,3.2,2025,Qtr 2,April,4,15.25,High School,Studying,3,TRUE,3
Biology,Confused,3.5,2025,Qtr 2,April,4,11.25,Undergraduate,Brainstorming,2,FALSE,4
Biology,Confused,2.8,2025,Qtr 2,April,5,22.65,Undergraduate,Writing,8,FALSE,3
Biology,Confused,1,2025,Qtr 2,April,8,26,High School,Writing,6,TRUE,2
Biology,Confused,2.5,2025,Qtr 2,April,8,10.77,Undergraduate,Studying,3,TRUE,3
Biology,Confused,1.2,2025,Qtr 2,April,13,18.36,High School,Studying,4,FALSE,2
Biology,Confused,4.1,2025,Qtr 2,April,14,45.19,Graduate,Writing,10,FALSE,4
Biology,Confused,3.9,2025,Qtr 2,April,15,38.43,Undergraduate,Homework Help,10,FALSE,5
Biology,Confused,3.6,2025,Qtr 2,April,16,45.57,High School,Homework Help,9,TRUE,4
Biology,Confused,4.5,2025,Qtr 2,April,17,9.37,Undergraduate,Homework Help,3,FALSE,4
Biology,Confused,2.8,2025,Qtr 2,April,18,24.46,Undergraduate,Homework Help,6,FALSE,3
Biology,Confused,4.3,2025,Qtr 2,April,18,6.9,Undergraduate,Studying,1,FALSE,3
Biology,Confused,3.5,2025,Qtr 2,April,19,27.14,High School,Coding,13,FALSE,4
Biology,Confused,2.6,2025,Qtr 2,April,21,24.95,Undergraduate,Writing,6,TRUE,3
Biology,Confused,4.5,2025,Qtr 2,April,22,13.85,Undergraduate,Homework Help,3,TRUE,5
Biology,Confused,5,2025,Qtr 2,April,23,2.21,Undergraduate,Writing,1,TRUE,5
Biology,Confused,3.6,2025,Qtr 2,April,24,9.08,High School,Homework Help,2,FALSE,4
Biology,Confused,6.8,2025,Qtr 2,April,28,21.9,Undergraduate,Homework Help,5,TRUE,6
Biology,Confused,3.8,2025,Qtr 2,April,28,13.2,Undergraduate,Studying,2,TRUE,4
Biology,Confused,2.4,2025,Qtr 2,April,29,15.25,Undergraduate,Homework Help,6,TRUE,2
Biology,Confused,5,2025,Qtr 2,May,2,14.2,Undergraduate,Homework Help,4,FALSE,5
Biology,Confused,5,2025,Qtr 2,May,2,45.1,Undergraduate,Writing,9,TRUE,4
Biology,Confused,4.1,2025,Qtr 2,May,3,29.68,High School,Writing,8,TRUE,3
Biology,Confused,5,2025,Qtr 2,May,5,1.53,Undergraduate,Research,1,TRUE,5
Biology,Confused,2,2025,Qtr 2,May,6,18.62,Undergraduate,Writing,4,TRUE,2
Biology,Confused,2.9,2025,Qtr 2,May,7,19.23,Undergraduate,Coding,6,FALSE,3
Biology,Confused,4.1,2025,Qtr 2,May,9,16.34,Undergraduate,Writing,4,FALSE,4
Biology,Confused,1.7,2025,Qtr 2,May,11,4.54,Undergraduate,Coding,1,TRUE,2
Biology,Confused,3.5,2025,Qtr 2,May,13,6.81,Undergraduate,Coding,1,FALSE,4
Biology,Confused,3.6,2025,Qtr 2,May,17,13.49,Undergraduate,Homework Help,3,TRUE,4
Biology,Confused,2.8,2025,Qtr 2,May,23,9.91,High School,Coding,4,TRUE,3
Biology,Confused,4.2,2025,Qtr 2,May,27,14.93,Graduate,Homework Help,3,TRUE,4
Biology,Confused,3.9,2025,Qtr 2,May,28,15.94,Undergraduate,Studying,4,TRUE,4
Biology,Confused,3.7,2025,Qtr 2,May,29,16.92,Undergraduate,Writing,3,FALSE,4
Biology,Confused,3.9,2025,Qtr 2,May,31,47.23,Undergraduate,Coding,10,FALSE,3
Biology,Confused,3.2,2025,Qtr 2,May,31,29.78,Undergraduate,Research,13,FALSE,4
Biology,Confused,2.4,2025,Qtr 2,June,4,51.3,High School,Writing,18,FALSE,3
Biology,Confused,4.1,2025,Qtr 2,June,6,34.63,High School,Writing,9,FALSE,4
Biology,Confused,4.7,2025,Qtr 2,June,7,38.64,Undergraduate,Coding,15,TRUE,5
Biology,Confused,2.7,2025,Qtr 2,June,7,9.89,Undergraduate,Homework Help,2,FALSE,3
Biology,Confused,4.1,2025,Qtr 2,June,7,8.96,Undergraduate,Studying,3,TRUE,5
Biology,Confused,3,2025,Qtr 2,June,8,16.04,Undergraduate,Studying,5,FALSE,3
Biology,Confused,3.2,2025,Qtr 2,June,11,17.83,Undergraduate,Coding,3,TRUE,3
Biology,Confused,3.4,2025,Qtr 2,June,13,20.27,Undergraduate,Studying,6,FALSE,3
Biology,Confused,5,2025,Qtr 2,June,14,10.99,High School,Writing,2,TRUE,4
Biology,Confused,3.8,2025,Qtr 2,June,15,11.85,High School,Coding,4,FALSE,5
Biology,Confused,2.7,2025,Qtr 2,June,16,14.43,Undergraduate,Homework Help,3,TRUE,1
Biology,Confused,1,2025,Qtr 2,June,17,59.02,Graduate,Coding,28,TRUE,1
Biology,Confused,2.7,2025,Qtr 2,June,17,21.69,Graduate,Writing,6,FALSE,4
Biology,Confused,8.8,2025,Qtr 2,June,17,46.07,Undergraduate,Studying,16,TRUE,9
Biology,Confused,2.6,2025,Qtr 2,June,22,11.76,High School,Writing,3,FALSE,3
Biology,Gave Up,5,2024,Qtr 3,July,2,6.31,Undergraduate,Coding,1,TRUE,4
Biology,Gave Up,4.5,2024,Qtr 3,July,10,8.12,Graduate,Writing,2,FALSE,4
Biology,Gave Up,3.8,2024,Qtr 3,July,18,33,Graduate,Studying,7,TRUE,4
Biology,Gave Up,2.8,2024,Qtr 3,July,19,29.93,Graduate,Homework Help,6,FALSE,3
Biology,Gave Up,5,2024,Qtr 3,July,23,37.49,Undergraduate,Writing,12,FALSE,5
Biology,Gave Up,3.5,2024,Qtr 3,July,29,18.4,Graduate,Studying,6,TRUE,4
Biology,Gave Up,4.1,2024,Qtr 3,August,2,48.9,Undergraduate,Brainstorming,20,TRUE,4
Biology,Gave Up,4.9,2024,Qtr 3,August,4,28.53,Undergraduate,Studying,10,FALSE,5
Biology,Gave Up,2.2,2024,Qtr 3,August,4,26.83,Undergraduate,Studying,7,TRUE,2
Biology,Gave Up,3.1,2024,Qtr 3,August,4,55.56,Undergraduate,Writing,12,TRUE,4
Biology,Gave Up,2.3,2024,Qtr 3,August,14,9.84,Graduate,Homework Help,2,FALSE,4
Biology,Gave Up,4,2024,Qtr 3,August,14,33.76,Undergraduate,Writing,6,FALSE,4
Biology,Gave Up,4.4,2024,Qtr 3,August,15,7.68,Graduate,Homework Help,1,FALSE,4
Biology,Gave Up,3.9,2024,Qtr 3,August,16,4.84,Graduate,Writing,1,TRUE,4
Biology,Gave Up,3.9,2024,Qtr 3,August,18,1.8,Graduate,Studying,1,FALSE,5
Biology,Gave Up,3.3,2024,Qtr 3,August,23,16.67,Graduate,Writing,7,FALSE,3
Biology,Gave Up,2.1,2024,Qtr 3,August,24,17.33,Undergraduate,Homework Help,4,TRUE,2
Biology,Gave Up,4,2024,Qtr 3,August,28,3.84,High School,Homework Help,1,TRUE,4
Biology,Gave Up,3.5,2024,Qtr 3,August,31,1.98,Undergraduate,Writing,1,TRUE,2
Biology,Gave Up,2.9,2024,Qtr 3,September,2,16.61,Undergraduate,Homework Help,7,FALSE,3
Biology,Gave Up,4.4,2024,Qtr 3,September,7,5.9,Undergraduate,Homework Help,1,TRUE,5
Biology,Gave Up,5,2024,Qtr 3,September,10,28.76,Undergraduate,Writing,9,FALSE,5
Biology,Gave Up,4.4,2024,Qtr 3,September,20,6.83,Graduate,Homework Help,1,TRUE,4
Biology,Gave Up,3.3,2024,Qtr 3,September,25,14.41,Undergraduate,Studying,3,FALSE,4
Biology,Gave Up,1,2024,Qtr 4,October,10,7.13,Undergraduate,Coding,3,TRUE,1
Biology,Gave Up,2.9,2024,Qtr 4,October,24,28.32,High School,Homework Help,6,TRUE,4
Biology,Gave Up,5,2024,Qtr 4,October,24,40.44,High School,Writing,12,FALSE,5
Biology,Gave Up,2.4,2024,Qtr 4,October,26,11.63,Graduate,Brainstorming,3,FALSE,3
Biology,Gave Up,2.1,2024,Qtr 4,November,2,19.43,Graduate,Studying,5,TRUE,3
Biology,Gave Up,3.7,2024,Qtr 4,November,3,33.45,Graduate,Writing,9,FALSE,4
Biology,Gave Up,4,2024,Qtr 4,November,7,2.38,High School,Writing,1,FALSE,3
Biology,Gave Up,3.5,2024,Qtr 4,November,18,19.55,Undergraduate,Homework Help,4,TRUE,3
Biology,Gave Up,3.1,2024,Qtr 4,November,20,12.81,Undergraduate,Writing,4,FALSE,2
Biology,Gave Up,3.1,2024,Qtr 4,November,24,10.7,Undergraduate,Coding,2,FALSE,3
Biology,Gave Up,3.5,2024,Qtr 4,December,7,18.56,Graduate,Brainstorming,3,FALSE,4
Biology,Gave Up,2.8,2024,Qtr 4,December,9,16.79,Undergraduate,Research,4,TRUE,4
Biology,Gave Up,3.8,2024,Qtr 4,December,11,2.4,Undergraduate,Coding,1,TRUE,3
Biology,Gave Up,3.5,2024,Qtr 4,December,11,12.78,Undergraduate,Homework Help,2,FALSE,2
Biology,Gave Up,3.9,2024,Qtr 4,December,11,35.22,Undergraduate,Studying,11,TRUE,4
Biology,Gave Up,3.6,2024,Qtr 4,December,14,13.66,Undergraduate,Homework Help,4,FALSE,4
Biology,Gave Up,2.5,2024,Qtr 4,December,21,2.43,Graduate,Homework Help,1,TRUE,3
Biology,Gave Up,1.7,2024,Qtr 4,December,24,5.57,Undergraduate,Homework Help,1,TRUE,2
Biology,Gave Up,2.4,2024,Qtr 4,December,28,23.79,High School,Studying,6,FALSE,3
Biology,Gave Up,2.5,2025,Qtr 1,January,3,16.64,Graduate,Studying,4,TRUE,3
Biology,Gave Up,3.7,2025,Qtr 1,January,4,35.86,Graduate,Studying,10,TRUE,4
Biology,Gave Up,3.3,2025,Qtr 1,January,11,9.25,Undergraduate,Studying,2,TRUE,3
Biology,Gave Up,5,2025,Qtr 1,January,13,13.75,High School,Studying,3,TRUE,5
Biology,Gave Up,1.4,2025,Qtr 1,January,17,1.44,Graduate,Writing,1,FALSE,2
Biology,Gave Up,5,2025,Qtr 1,January,20,22.67,High School,Writing,11,FALSE,4
Biology,Gave Up,1.2,2025,Qtr 1,January,22,21.42,Undergraduate,Brainstorming,6,FALSE,3
Biology,Gave Up,1.9,2025,Qtr 1,January,22,8.36,Undergraduate,Homework Help,4,TRUE,3
Biology,Gave Up,3.2,2025,Qtr 1,January,30,7.4,Undergraduate,Brainstorming,1,FALSE,4
Biology,Gave Up,2.2,2025,Qtr 1,February,6,16.83,Undergraduate,Homework Help,7,FALSE,3
Biology,Gave Up,4.5,2025,Qtr 1,February,9,9.35,Graduate,Studying,2,TRUE,4
Biology,Gave Up,2.6,2025,Qtr 1,February,12,17.15,Undergraduate,Studying,3,TRUE,2
Biology,Gave Up,3.1,2025,Qtr 1,February,13,7.24,Graduate,Studying,1,TRUE,4
Biology,Gave Up,2.3,2025,Qtr 1,February,17,28.34,Undergraduate,Coding,5,FALSE,3
Biology,Gave Up,5,2025,Qtr 1,February,18,14.08,Undergraduate,Homework Help,3,TRUE,5
Biology,Gave Up,2.6,2025,Qtr 1,February,21,18.2,Undergraduate,Homework Help,4,FALSE,4
Biology,Gave Up,1.4,2025,Qtr 1,March,4,18.28,High School,Writing,4,FALSE,3
Biology,Gave Up,2.4,2025,Qtr 1,March,4,1.05,Undergraduate,Writing,1,FALSE,3
Biology,Gave Up,2.5,2025,Qtr 1,March,7,25.84,Undergraduate,Studying,9,TRUE,3
Biology,Gave Up,1.6,2025,Qtr 1,March,12,23.53,Undergraduate,Writing,5,TRUE,3
Biology,Gave Up,1.7,2025,Qtr 1,March,16,20.04,Undergraduate,Homework Help,6,FALSE,2
Biology,Gave Up,3.4,2025,Qtr 1,March,20,15.32,Graduate,Writing,4,TRUE,3
Biology,Gave Up,3.8,2025,Qtr 1,March,20,18.23,High School,Coding,4,TRUE,4
Biology,Gave Up,4.3,2025,Qtr 1,March,23,25.37,Graduate,Homework Help,9,FALSE,3
Biology,Gave Up,2.9,2025,Qtr 1,March,24,45.63,Undergraduate,Studying,14,TRUE,3
Biology,Gave Up,4.7,2025,Qtr 1,March,26,5.57,Graduate,Writing,2,FALSE,5
Biology,Gave Up,2.8,2025,Qtr 1,March,30,23.17,Graduate,Homework Help,7,FALSE,3
Biology,Gave Up,4,2025,Qtr 2,April,1,10.22,Undergraduate,Writing,3,TRUE,3
Biology,Gave Up,5,2025,Qtr 2,April,3,12.66,High School,Homework Help,3,TRUE,5
Biology,Gave Up,3.1,2025,Qtr 2,April,3,10.59,High School,Studying,3,FALSE,3
Biology,Gave Up,4.9,2025,Qtr 2,April,4,6.78,Undergraduate,Coding,1,TRUE,4
Biology,Gave Up,3.2,2025,Qtr 2,April,8,3.69,Graduate,Studying,1,FALSE,3
Biology,Gave Up,3.1,2025,Qtr 2,April,16,11.6,Undergraduate,Coding,2,TRUE,2
Biology,Gave Up,3.1,2025,Qtr 2,April,19,27.82,Graduate,Studying,11,FALSE,3
Biology,Gave Up,5,2025,Qtr 2,April,22,24.34,Undergraduate,Homework Help,10,FALSE,4
Biology,Gave Up,4.2,2025,Qtr 2,April,22,37.5,Undergraduate,Studying,12,TRUE,5
Biology,Gave Up,3.9,2025,Qtr 2,April,25,11.12,Graduate,Writing,4,FALSE,4
Biology,Gave Up,3.6,2025,Qtr 2,April,26,7.49,Graduate,Studying,1,TRUE,4
Biology,Gave Up,3.6,2025,Qtr 2,April,27,21.29,Graduate,Coding,8,TRUE,4
Biology,Gave Up,4.1,2025,Qtr 2,April,27,13.15,High School,Writing,3,FALSE,3
Biology,Gave Up,1.8,2025,Qtr 2,April,27,15.53,Undergraduate,Studying,5,TRUE,2
Biology,Gave Up,3.4,2025,Qtr 2,April,28,43.85,High School,Studying,9,FALSE,3
Biology,Gave Up,2.5,2025,Qtr 2,May,3,6.17,Graduate,Homework Help,1,FALSE,2
Biology,Gave Up,2.9,2025,Qtr 2,May,16,14.47,High School,Brainstorming,6,TRUE,2
Biology,Gave Up,1.7,2025,Qtr 2,May,19,5.96,Undergraduate,Homework Help,1,FALSE,2
Biology,Gave Up,2.1,2025,Qtr 2,May,23,18.86,Undergraduate,Coding,7,TRUE,3
Biology,Gave Up,2.3,2025,Qtr 2,May,24,14.76,Undergraduate,Coding,3,FALSE,3
Biology,Gave Up,3.5,2025,Qtr 2,May,26,14.49,Graduate,Coding,4,TRUE,3
Biology,Gave Up,1.1,2025,Qtr 2,May,26,7.48,High School,Writing,1,TRUE,3
Biology,Gave Up,4.9,2025,Qtr 2,May,30,35.26,High School,Writing,7,TRUE,4
Biology,Gave Up,2,2025,Qtr 2,May,30,5.87,Undergraduate,Research,1,TRUE,3
Biology,Gave Up,2.1,2025,Qtr 2,June,3,55.91,Undergraduate,Writing,12,FALSE,3
Biology,Gave Up,3.3,2025,Qtr 2,June,12,16.65,Graduate,Homework Help,3,FALSE,4
Biology,Gave Up,5,2025,Qtr 2,June,13,17.88,High School,Studying,7,TRUE,4
Biology,Gave Up,3.6,2025,Qtr 2,June,15,19.03,Undergraduate,Studying,4,FALSE,3
Biology,Gave Up,4.5,2025,Qtr 2,June,17,31.51,Undergraduate,Homework Help,6,FALSE,4
Biology,Gave Up,4.7,2025,Qtr 2,June,22,9.11,Undergraduate,Studying,1,FALSE,4
Biology,Gave Up,2.3,2025,Qtr 2,June,23,18.43,High School,Homework Help,6,FALSE,3
Biology,Idea Drafted,4,2024,Qtr 2,June,24,23.98,Graduate,Brainstorming,8,TRUE,4
Biology,Idea Drafted,3.1,2024,Qtr 2,June,24,14.96,High School,Homework Help,3,TRUE,3
Biology,Idea Drafted,2.8,2024,Qtr 2,June,24,15.38,Undergraduate,Homework Help,5,TRUE,3
Biology,Idea Drafted,2.3,2024,Qtr 2,June,25,22.66,Undergraduate,Writing,5,FALSE,4
Biology,Idea Drafted,2.2,2024,Qtr 2,June,27,59.71,Undergraduate,Brainstorming,16,TRUE,3
Biology,Idea Drafted,3.2,2024,Qtr 2,June,27,13.45,Undergraduate,Coding,5,TRUE,3
Biology,Idea Drafted,4,2024,Qtr 2,June,29,34.35,Undergraduate,Studying,11,FALSE,5
Biology,Idea Drafted,2.3,2024,Qtr 2,June,29,56.41,Undergraduate,Studying,15,TRUE,4
Biology,Idea Drafted,2.3,2024,Qtr 2,June,30,57.24,High School,Writing,13,FALSE,2
Biology,Idea Drafted,4,2024,Qtr 2,June,30,6.87,Undergraduate,Coding,1,TRUE,5
Biology,Idea Drafted,3.1,2024,Qtr 2,June,30,19.82,Undergraduate,Studying,4,TRUE,3
Biology,Idea Drafted,4.4,2024,Qtr 2,June,30,41.31,Undergraduate,Writing,11,TRUE,4
Biology,Idea Drafted,2.7,2024,Qtr 3,July,3,12.21,Undergraduate,Homework Help,2,TRUE,2
Biology,Idea Drafted,3.5,2024,Qtr 3,July,5,12.85,Graduate,Coding,5,TRUE,3
Biology,Idea Drafted,1.7,2024,Qtr 3,July,6,51.18,Graduate,Coding,16,TRUE,2
Biology,Idea Drafted,3.3,2024,Qtr 3,July,8,26.07,Undergraduate,Studying,7,TRUE,3
Biology,Idea Drafted,2.9,2024,Qtr 3,July,10,6.74,Graduate,Coding,1,TRUE,2
Biology,Idea Drafted,5,2024,Qtr 3,July,10,17.96,Undergraduate,Writing,6,TRUE,5
Biology,Idea Drafted,8.1,2024,Qtr 3,July,11,8.23,Undergraduate,Studying,3,TRUE,7
Biology,Idea Drafted,1,2024,Qtr 3,July,13,10.24,Undergraduate,Writing,2,FALSE,2
Biology,Idea Drafted,3,2024,Qtr 3,July,13,4.87,Undergraduate,Writing,1,TRUE,4
Biology,Idea Drafted,2.6,2024,Qtr 3,July,15,54.39,Undergraduate,Research,26,TRUE,2
Biology,Idea Drafted,3.6,2024,Qtr 3,July,16,7.5,Graduate,Brainstorming,3,FALSE,4
Biology,Idea Drafted,5,2024,Qtr 3,July,17,20.47,Graduate,Writing,4,TRUE,5
Biology,Idea Drafted,2.4,2024,Qtr 3,July,17,8.12,Undergraduate,Coding,2,TRUE,2
Biology,Idea Drafted,4.4,2024,Qtr 3,July,19,25.29,Undergraduate,Coding,10,TRUE,4
Biology,Idea Drafted,5,2024,Qtr 3,July,20,14.87,Undergraduate,Writing,3,FALSE,4
Biology,Idea Drafted,3.1,2024,Qtr 3,July,22,32.27,High School,Writing,6,FALSE,1
Biology,Idea Drafted,2.9,2024,Qtr 3,July,22,17.62,Undergraduate,Research,4,TRUE,4
Biology,Idea Drafted,1,2024,Qtr 3,July,23,27.22,Graduate,Studying,11,FALSE,2
Biology,Idea Drafted,3,2024,Qtr 3,July,23,21.03,Undergraduate,Studying,4,TRUE,3
Biology,Idea Drafted,5,2024,Qtr 3,July,24,11.85,Graduate,Studying,5,FALSE,4
Biology,Idea Drafted,2.6,2024,Qtr 3,July,25,22.9,Graduate,Research,7,TRUE,2
Biology,Idea Drafted,1.6,2024,Qtr 3,July,26,1.35,Undergraduate,Coding,1,FALSE,2
Biology,Idea Drafted,3.1,2024,Qtr 3,July,26,26.19,Undergraduate,Writing,7,TRUE,2
Biology,Idea Drafted,3.1,2024,Qtr 3,July,27,13.38,Undergraduate,Studying,2,TRUE,4
Biology,Idea Drafted,5,2024,Qtr 3,July,28,20.69,Graduate,Studying,8,TRUE,4
Biology,Idea Drafted,5,2024,Qtr 3,July,28,7.39,High School,Coding,2,TRUE,4
Biology,Idea Drafted,4.8,2024,Qtr 3,July,29,4.36,Undergraduate,Studying,1,TRUE,5
Biology,Idea Drafted,2.7,2024,Qtr 3,July,30,47.03,Undergraduate,Coding,12,FALSE,3
Biology,Idea Drafted,2.3,2024,Qtr 3,July,31,23.22,Undergraduate,Coding,5,TRUE,3
Biology,Idea Drafted,3,2024,Qtr 3,August,2,29.03,Undergraduate,Writing,7,TRUE,3
Biology,Idea Drafted,2.4,2024,Qtr 3,August,3,27.77,Undergraduate,Writing,7,TRUE,4
Biology,Idea Drafted,5,2024,Qtr 3,August,4,4.47,High School,Homework Help,1,TRUE,5
Biology,Idea Drafted,4.3,2024,Qtr 3,August,4,14.71,Undergraduate,Writing,4,FALSE,5
Biology,Idea Drafted,4.9,2024,Qtr 3,August,5,12.75,Undergraduate,Studying,3,FALSE,4
Biology,Idea Drafted,5,2024,Qtr 3,August,5,7.75,Undergraduate,Studying,1,TRUE,4
Biology,Idea Drafted,2.4,2024,Qtr 3,August,6,19.02,High School,Studying,6,TRUE,2
Biology,Idea Drafted,2.5,2024,Qtr 3,August,7,21.69,Undergraduate,Brainstorming,4,TRUE,3
Biology,Idea Drafted,4.8,2024,Qtr 3,August,7,11.97,Undergraduate,Writing,3,TRUE,4
Biology,Idea Drafted,5,2024,Qtr 3,August,8,5.86,Graduate,Coding,2,TRUE,5
Biology,Idea Drafted,4.5,2024,Qtr 3,August,10,13.4,Undergraduate,Brainstorming,2,TRUE,5
Biology,Idea Drafted,2.3,2024,Qtr 3,August,10,11.95,Undergraduate,Coding,3,TRUE,3
Biology,Idea Drafted,4,2024,Qtr 3,August,10,22.29,Undergraduate,Studying,5,TRUE,3
Biology,Idea Drafted,3.5,2024,Qtr 3,August,11,53.8,Undergraduate,Studying,15,TRUE,4
Biology,Idea Drafted,3,2024,Qtr 3,August,11,88.21,Undergraduate,Writing,26,TRUE,3
Biology,Idea Drafted,4.9,2024,Qtr 3,August,12,7.37,High School,Brainstorming,2,FALSE,5
Biology,Idea Drafted,4.4,2024,Qtr 3,August,12,17.53,High School,Studying,6,TRUE,5
Biology,Idea Drafted,4.7,2024,Qtr 3,August,13,11.98,Undergraduate,Writing,2,TRUE,4
Biology,Idea Drafted,3.1,2024,Qtr 3,August,14,13.05,Graduate,Brainstorming,5,TRUE,4
Biology,Idea Drafted,5,2024,Qtr 3,August,15,5.3,Undergraduate,Homework Help,2,TRUE,5
Biology,Idea Drafted,3.5,2024,Qtr 3,August,15,26.24,Undergraduate,Writing,6,TRUE,4
Biology,Idea Drafted,5,2024,Qtr 3,August,16,19.02,Undergraduate,Brainstorming,4,TRUE,5
Biology,Idea Drafted,3.6,2024,Qtr 3,August,16,10.94,Undergraduate,Coding,5,TRUE,5
Biology,Idea Drafted,2,2024,Qtr 3,August,16,35.17,Undergraduate,Homework Help,8,TRUE,3
Biology,Idea Drafted,2.2,2024,Qtr 3,August,18,6.08,Undergraduate,Coding,1,TRUE,2
Biology,Idea Drafted,3.7,2024,Qtr 3,August,19,17.89,Graduate,Research,4,TRUE,4
Biology,Idea Drafted,4,2024,Qtr 3,August,19,19.09,Undergraduate,Brainstorming,4,TRUE,3
Biology,Idea Drafted,7,2024,Qtr 3,August,19,16.03,Undergraduate,Studying,3,FALSE,8
Biology,Idea Drafted,4.3,2024,Qtr 3,August,20,28.02,Graduate,Studying,8,TRUE,4
Biology,Idea Drafted,4,2024,Qtr 3,August,20,16.13,Graduate,Writing,3,TRUE,4
Biology,Idea Drafted,4.2,2024,Qtr 3,August,21,4.98,Graduate,Writing,1,TRUE,4
Biology,Idea Drafted,4.9,2024,Qtr 3,August,21,17.75,High School,Coding,4,TRUE,4
Biology,Idea Drafted,4.3,2024,Qtr 3,August,21,34.56,High School,Writing,11,TRUE,4
Biology,Idea Drafted,4.6,2024,Qtr 3,August,24,17.79,High School,Writing,7,FALSE,4
Biology,Idea Drafted,3.7,2024,Qtr 3,August,24,26.74,Undergraduate,Coding,6,FALSE,4
Biology,Idea Drafted,3.9,2024,Qtr 3,August,25,20.6,Undergraduate,Studying,7,TRUE,3
Biology,Idea Drafted,2.5,2024,Qtr 3,August,27,13.66,Graduate,Studying,3,TRUE,3
Biology,Idea Drafted,3.4,2024,Qtr 3,August,27,33.14,High School,Research,15,TRUE,3
Biology,Idea Drafted,1,2024,Qtr 3,August,27,16.72,Undergraduate,Coding,6,TRUE,2
Biology,Idea Drafted,5,2024,Qtr 3,August,28,20.35,Undergraduate,Homework Help,7,TRUE,5
Biology,Idea Drafted,1.2,2024,Qtr 3,August,29,21.97,Undergraduate,Writing,10,TRUE,3
Biology,Idea Drafted,2.3,2024,Qtr 3,September,1,9.89,Undergraduate,Coding,3,FALSE,3
Biology,Idea Drafted,3.6,2024,Qtr 3,September,3,14.77,Undergraduate,Writing,3,TRUE,2
Biology,Idea Drafted,4.2,2024,Qtr 3,September,4,39.95,Undergraduate,Coding,15,TRUE,3
Biology,Idea Drafted,5,2024,Qtr 3,September,4,7,Undergraduate,Writing,3,FALSE,3
Biology,Idea Drafted,4.9,2024,Qtr 3,September,4,19.61,Undergraduate,Writing,8,TRUE,5
Biology,Idea Drafted,3.7,2024,Qtr 3,September,7,10.83,Graduate,Studying,2,FALSE,3
Biology,Idea Drafted,3.2,2024,Qtr 3,September,7,17.11,Undergraduate,Studying,6,FALSE,2
Biology,Idea Drafted,4.2,2024,Qtr 3,September,8,30.83,High School,Writing,11,TRUE,5
Biology,Idea Drafted,4.4,2024,Qtr 3,September,9,28.75,Graduate,Writing,6,FALSE,5
Biology,Idea Drafted,3.5,2024,Qtr 3,September,11,10.78,Undergraduate,Studying,2,TRUE,3
Biology,Idea Drafted,3.2,2024,Qtr 3,September,14,11.86,Undergraduate,Writing,2,TRUE,2
Biology,Idea Drafted,3.1,2024,Qtr 3,September,16,34.58,High School,Coding,8,TRUE,4
Biology,Idea Drafted,4.4,2024,Qtr 3,September,16,66.27,High School,Writing,31,TRUE,5
Biology,Idea Drafted,3.9,2024,Qtr 3,September,16,55.46,Undergraduate,Homework Help,12,TRUE,3
Biology,Idea Drafted,2.4,2024,Qtr 3,September,17,20.38,Undergraduate,Homework Help,7,TRUE,3
Biology,Idea Drafted,3.8,2024,Qtr 3,September,18,34.79,High School,Brainstorming,9,TRUE,4
Biology,Idea Drafted,2.6,2024,Qtr 3,September,18,1.9,Undergraduate,Homework Help,1,TRUE,3
Biology,Idea Drafted,3.3,2024,Qtr 3,September,19,14.64,High School,Writing,5,TRUE,3
Biology,Idea Drafted,4.6,2024,Qtr 3,September,19,13.96,Undergraduate,Writing,5,TRUE,5
Biology,Idea Drafted,2.2,2024,Qtr 3,September,23,42.17,High School,Writing,14,TRUE,2
Biology,Idea Drafted,4.4,2024,Qtr 3,September,23,35.44,Undergraduate,Homework Help,11,TRUE,4
Biology,Idea Drafted,4.4,2024,Qtr 3,September,23,2.84,Undergraduate,Studying,1,TRUE,4
Biology,Idea Drafted,3.4,2024,Qtr 3,September,24,51.41,High School,Coding,14,TRUE,3
Biology,Idea Drafted,2.3,2024,Qtr 3,September,26,23.82,High School,Homework Help,6,TRUE,4
Biology,Idea Drafted,5,2024,Qtr 3,September,28,61.33,Graduate,Writing,13,TRUE,5
Biology,Idea Drafted,4.2,2024,Qtr 3,September,29,16.81,Undergraduate,Writing,3,TRUE,4
Biology,Idea Drafted,1.9,2024,Qtr 3,September,30,26.57,Undergraduate,Coding,6,TRUE,4
Biology,Idea Drafted,5,2024,Qtr 4,October,2,15.42,Graduate,Homework Help,3,TRUE,5
Biology,Idea Drafted,4.2,2024,Qtr 4,October,3,1.71,Undergraduate,Writing,1,FALSE,5
Biology,Idea Drafted,5,2024,Qtr 4,October,4,28.67,Undergraduate,Coding,7,TRUE,4
Biology,Idea Drafted,2.7,2024,Qtr 4,October,4,23.47,Undergraduate,Homework Help,6,TRUE,2
Biology,Idea Drafted,2.9,2024,Qtr 4,October,4,44.79,Undergraduate,Studying,11,TRUE,2
Biology,Idea Drafted,3.4,2024,Qtr 4,October,5,19.31,Undergraduate,Writing,4,TRUE,3
Biology,Idea Drafted,5,2024,Qtr 4,October,6,35.31,Undergraduate,Homework Help,7,FALSE,5
Biology,Idea Drafted,3.6,2024,Qtr 4,October,10,7.98,Undergraduate,Studying,1,TRUE,3
Biology,Idea Drafted,3.5,2024,Qtr 4,October,11,3.05,Undergraduate,Writing,1,FALSE,3
Biology,Idea Drafted,4,2024,Qtr 4,October,12,2.32,Undergraduate,Brainstorming,1,TRUE,2
Biology,Idea Drafted,4,2024,Qtr 4,October,12,12.81,Undergraduate,Writing,3,TRUE,4
Biology,Idea Drafted,4.5,2024,Qtr 4,October,13,2.63,Undergraduate,Brainstorming,1,FALSE,4
Biology,Idea Drafted,3.2,2024,Qtr 4,October,13,20.52,Undergraduate,Coding,4,TRUE,3
Biology,Idea Drafted,3.2,2024,Qtr 4,October,14,7.71,Graduate,Coding,1,TRUE,3
Biology,Idea Drafted,1,2024,Qtr 4,October,14,21.03,Undergraduate,Coding,7,TRUE,2
Biology,Idea Drafted,1.6,2024,Qtr 4,October,14,24.57,Undergraduate,Studying,6,TRUE,2
Biology,Idea Drafted,4.5,2024,Qtr 4,October,15,19.64,Undergraduate,Studying,7,TRUE,5
Biology,Idea Drafted,4.3,2024,Qtr 4,October,15,18.47,Undergraduate,Writing,3,TRUE,3
Biology,Idea Drafted,4.7,2024,Qtr 4,October,17,18.52,High School,Coding,6,TRUE,5
Biology,Idea Drafted,1,2024,Qtr 4,October,18,21.04,Graduate,Homework Help,6,TRUE,2
Biology,Idea Drafted,2.9,2024,Qtr 4,October,19,3.9,High School,Homework Help,1,TRUE,3
Biology,Idea Drafted,2.1,2024,Qtr 4,October,20,21.51,High School,Writing,4,TRUE,3
Biology,Idea Drafted,3.7,2024,Qtr 4,October,21,31.87,Graduate,Writing,7,FALSE,4
Biology,Idea Drafted,4.7,2024,Qtr 4,October,21,26.7,High School,Homework Help,10,TRUE,4
Biology,Idea Drafted,4,2024,Qtr 4,October,21,4.61,Undergraduate,Coding,1,TRUE,4
Biology,Idea Drafted,3.3,2024,Qtr 4,October,21,16.52,Undergraduate,Writing,3,TRUE,4
Biology,Idea Drafted,2.8,2024,Qtr 4,October,23,33.57,Graduate,Homework Help,6,TRUE,3
Biology,Idea Drafted,5,2024,Qtr 4,October,24,30.1,Undergraduate,Brainstorming,13,TRUE,4
Biology,Idea Drafted,2.2,2024,Qtr 4,October,25,14.95,Graduate,Coding,3,TRUE,4
Biology,Idea Drafted,2,2024,Qtr 4,October,27,30.09,High School,Coding,7,FALSE,2
Biology,Idea Drafted,4.1,2024,Qtr 4,October,28,49.16,Graduate,Coding,12,FALSE,4
Biology,Idea Drafted,6.2,2024,Qtr 4,October,28,60.06,Undergraduate,Studying,12,TRUE,7
Biology,Idea Drafted,2.2,2024,Qtr 4,October,30,3.92,High School,Homework Help,1,TRUE,2
Biology,Idea Drafted,2.3,2024,Qtr 4,October,30,3.41,Undergraduate,Writing,1,TRUE,3
Biology,Idea Drafted,3.3,2024,Qtr 4,November,1,6.08,Undergraduate,Writing,1,TRUE,3
Biology,Idea Drafted,4.6,2024,Qtr 4,November,4,5.89,High School,Writing,1,TRUE,4
Biology,Idea Drafted,5,2024,Qtr 4,November,4,2.85,Undergraduate,Coding,1,TRUE,5
Biology,Idea Drafted,4.7,2024,Qtr 4,November,4,64.83,Undergraduate,Writing,13,FALSE,4
Biology,Idea Drafted,3.6,2024,Qtr 4,November,7,24.12,Undergraduate,Homework Help,5,FALSE,4
Biology,Idea Drafted,4.6,2024,Qtr 4,November,7,16.86,Undergraduate,Writing,3,TRUE,5
Biology,Idea Drafted,1.6,2024,Qtr 4,November,8,19.95,Undergraduate,Homework Help,9,TRUE,2
Biology,Idea Drafted,3.5,2024,Qtr 4,November,10,10.47,Undergraduate,Coding,2,TRUE,3
Biology,Idea Drafted,5,2024,Qtr 4,November,10,16.05,Undergraduate,Homework Help,3,FALSE,3
Biology,Idea Drafted,5,2024,Qtr 4,November,11,30.97,High School,Homework Help,7,TRUE,4
Biology,Idea Drafted,5,2024,Qtr 4,November,14,7.11,Undergraduate,Studying,3,TRUE,5
Biology,Idea Drafted,3.5,2024,Qtr 4,November,14,15.31,Undergraduate,Writing,3,TRUE,4
Biology,Idea Drafted,4.3,2024,Qtr 4,November,15,21.02,Undergraduate,Homework Help,4,TRUE,4
Biology,Idea Drafted,2.9,2024,Qtr 4,November,17,5.19,Graduate,Studying,1,FALSE,2
Biology,Idea Drafted,3.2,2024,Qtr 4,November,17,12.15,High School,Homework Help,2,TRUE,3
Biology,Idea Drafted,3.2,2024,Qtr 4,November,17,27.59,Undergraduate,Homework Help,8,FALSE,3
Biology,Idea Drafted,2.7,2024,Qtr 4,November,17,41.42,Undergraduate,Writing,10,TRUE,4
Biology,Idea Drafted,2.3,2024,Qtr 4,November,18,7.46,Graduate,Writing,1,TRUE,2
Biology,Idea Drafted,1.7,2024,Qtr 4,November,18,20.59,High School,Studying,9,TRUE,2
Biology,Idea Drafted,5,2024,Qtr 4,November,20,42,Undergraduate,Coding,11,TRUE,5
Biology,Idea Drafted,3.3,2024,Qtr 4,November,20,4.83,Undergraduate,Writing,1,TRUE,3
Biology,Idea Drafted,1.7,2024,Qtr 4,November,21,20.31,Undergraduate,Coding,4,TRUE,2
Biology,Idea Drafted,3.9,2024,Qtr 4,November,22,5.57,Undergraduate,Research,1,TRUE,3
Biology,Idea Drafted,4.5,2024,Qtr 4,November,23,27.36,Graduate,Homework Help,6,FALSE,4
Biology,Idea Drafted,3,2024,Qtr 4,November,23,10.04,Undergraduate,Brainstorming,2,TRUE,3
Biology,Idea Drafted,4.1,2024,Qtr 4,November,24,3.4,High School,Studying,1,TRUE,4
Biology,Idea Drafted,3,2024,Qtr 4,November,24,5.86,Undergraduate,Brainstorming,1,TRUE,4
Biology,Idea Drafted,4,2024,Qtr 4,November,25,15.67,Undergraduate,Homework Help,4,TRUE,3
Biology,Idea Drafted,5,2024,Qtr 4,November,26,5.03,High School,Writing,1,FALSE,4
Biology,Idea Drafted,3,2024,Qtr 4,November,27,41.49,Graduate,Writing,18,TRUE,3
Biology,Idea Drafted,5,2024,Qtr 4,November,28,36.17,Undergraduate,Studying,9,TRUE,5
Biology,Idea Drafted,4.1,2024,Qtr 4,November,29,11.88,Graduate,Writing,2,TRUE,4
Biology,Idea Drafted,3,2024,Qtr 4,December,1,57.25,Graduate,Writing,12,TRUE,3
Biology,Idea Drafted,1.8,2024,Qtr 4,December,1,19.21,High School,Writing,7,TRUE,3
Biology,Idea Drafted,3,2024,Qtr 4,December,3,27.21,Undergraduate,Writing,8,FALSE,2
Biology,Idea Drafted,1.8,2024,Qtr 4,December,4,8.33,Graduate,Studying,2,TRUE,3
Biology,Idea Drafted,2.8,2024,Qtr 4,December,4,0.81,Undergraduate,Coding,1,TRUE,3
Biology,Idea Drafted,4.7,2024,Qtr 4,December,5,4.22,Undergraduate,Brainstorming,1,TRUE,4
Biology,Idea Drafted,4.7,2024,Qtr 4,December,6,2.67,High School,Writing,1,TRUE,5
Biology,Idea Drafted,1.7,2024,Qtr 4,December,6,15.45,Undergraduate,Writing,3,TRUE,3
Biology,Idea Drafted,2.8,2024,Qtr 4,December,7,13.68,Graduate,Homework Help,3,TRUE,2
Biology,Idea Drafted,9.6,2024,Qtr 4,December,7,53.08,Undergraduate,Writing,14,TRUE,9
Biology,Idea Drafted,3.1,2024,Qtr 4,December,10,4.54,Undergraduate,Coding,1,FALSE,3
Biology,Idea Drafted,4.7,2024,Qtr 4,December,10,12.6,Undergraduate,Studying,3,FALSE,4
Biology,Idea Drafted,4,2024,Qtr 4,December,10,22.54,Undergraduate,Studying,9,TRUE,4
Biology,Idea Drafted,4.4,2024,Qtr 4,December,13,23.24,Undergraduate,Homework Help,4,TRUE,3
Biology,Idea Drafted,3,2024,Qtr 4,December,14,30.97,Graduate,Homework Help,9,FALSE,2
Biology,Idea Drafted,2.8,2024,Qtr 4,December,15,80,Undergraduate,Writing,16,TRUE,4
Biology,Idea Drafted,3.8,2024,Qtr 4,December,16,14.93,Graduate,Coding,3,TRUE,5
Biology,Idea Drafted,4.4,2024,Qtr 4,December,16,21.17,Graduate,Writing,4,FALSE,4
Biology,Idea Drafted,3.4,2024,Qtr 4,December,16,20.57,High School,Writing,4,FALSE,3
Biology,Idea Drafted,3.8,2024,Qtr 4,December,18,7.15,Graduate,Writing,1,TRUE,4
Biology,Idea Drafted,3.4,2024,Qtr 4,December,18,6.14,Undergraduate,Studying,1,TRUE,3
Biology,Idea Drafted,4.7,2024,Qtr 4,December,19,20.84,High School,Homework Help,8,FALSE,4
Biology,Idea Drafted,2.9,2024,Qtr 4,December,21,18.5,Undergraduate,Coding,6,TRUE,3
Biology,Idea Drafted,3.6,2024,Qtr 4,December,23,36.19,Undergraduate,Writing,7,TRUE,4
Biology,Idea Drafted,3.2,2024,Qtr 4,December,27,11.61,Graduate,Coding,2,TRUE,2
Biology,Idea Drafted,2.9,2024,Qtr 4,December,30,1.87,Undergraduate,Studying,1,TRUE,3
Biology,Idea Drafted,4.1,2024,Qtr 4,December,31,21.24,High School,Studying,4,TRUE,4
Biology,Idea Drafted,3.6,2025,Qtr 1,January,1,19.41,Undergraduate,Writing,5,FALSE,3
Biology,Idea Drafted,3,2025,Qtr 1,January,2,2.42,Graduate,Studying,1,TRUE,4
Biology,Idea Drafted,3.4,2025,Qtr 1,January,2,34.89,Undergraduate,Brainstorming,9,TRUE,3
Biology,Idea Drafted,2.8,2025,Qtr 1,January,3,51.31,Undergraduate,Brainstorming,17,FALSE,3
Biology,Idea Drafted,4.8,2025,Qtr 1,January,4,46.66,High School,Coding,12,TRUE,5
Biology,Idea Drafted,3.7,2025,Qtr 1,January,4,26.7,Undergraduate,Writing,8,FALSE,5
Biology,Idea Drafted,4.4,2025,Qtr 1,January,5,56.47,Undergraduate,Studying,19,TRUE,4
Biology,Idea Drafted,2,2025,Qtr 1,January,6,1.77,Undergraduate,Writing,1,TRUE,1
Biology,Idea Drafted,1.2,2025,Qtr 1,January,8,15.63,Undergraduate,Studying,6,TRUE,3
Biology,Idea Drafted,3.3,2025,Qtr 1,January,8,7.77,Undergraduate,Writing,3,TRUE,4
Biology,Idea Drafted,3.3,2025,Qtr 1,January,9,16.86,High School,Homework Help,6,TRUE,3
Biology,Idea Drafted,4.7,2025,Qtr 1,January,9,30.79,Undergraduate,Homework Help,11,TRUE,4
Biology,Idea Drafted,3.4,2025,Qtr 1,January,13,4.4,High School,Homework Help,1,TRUE,3
Biology,Idea Drafted,5,2025,Qtr 1,January,13,42.18,Undergraduate,Homework Help,8,TRUE,5
Biology,Idea Drafted,3.7,2025,Qtr 1,January,14,8.2,Undergraduate,Brainstorming,1,TRUE,4
Biology,Idea Drafted,5,2025,Qtr 1,January,14,17.96,Undergraduate,Coding,3,TRUE,5
Biology,Idea Drafted,1,2025,Qtr 1,January,15,17.2,Graduate,Homework Help,6,TRUE,1
Biology,Idea Drafted,3.8,2025,Qtr 1,January,15,42.54,Graduate,Writing,16,TRUE,6
Biology,Idea Drafted,2.9,2025,Qtr 1,January,17,13.87,Undergraduate,Homework Help,2,FALSE,3
Biology,Idea Drafted,4.7,2025,Qtr 1,January,19,1.57,Graduate,Research,1,TRUE,4
Biology,Idea Drafted,2.9,2025,Qtr 1,January,19,10.06,Undergraduate,Studying,2,TRUE,2
Biology,Idea Drafted,2.1,2025,Qtr 1,January,19,9.51,Undergraduate,Writing,3,TRUE,3
Biology,Idea Drafted,1.1,2025,Qtr 1,January,20,10.59,Undergraduate,Brainstorming,2,TRUE,3
Biology,Idea Drafted,1,2025,Qtr 1,January,21,23.41,Undergraduate,Coding,6,TRUE,2
Biology,Idea Drafted,3.5,2025,Qtr 1,January,23,31.46,Undergraduate,Studying,7,TRUE,4
Biology,Idea Drafted,2.7,2025,Qtr 1,January,23,17.13,Undergraduate,Writing,6,TRUE,2
Biology,Idea Drafted,4,2025,Qtr 1,January,25,18.69,High School,Homework Help,8,TRUE,4
Biology,Idea Drafted,8.7,2025,Qtr 1,January,26,36.31,Undergraduate,Writing,7,TRUE,8
Biology,Idea Drafted,2.2,2025,Qtr 1,January,27,3.82,Undergraduate,Writing,1,FALSE,3
Biology,Idea Drafted,3.7,2025,Qtr 1,January,28,22.86,Undergraduate,Studying,5,FALSE,3
Biology,Idea Drafted,3,2025,Qtr 1,January,29,4.42,Undergraduate,Coding,1,TRUE,3
Biology,Idea Drafted,3,2025,Qtr 1,January,29,19.17,Undergraduate,Research,6,TRUE,4
Biology,Idea Drafted,3,2025,Qtr 1,January,30,39.61,Undergraduate,Writing,12,TRUE,4
Biology,Idea Drafted,2.6,2025,Qtr 1,February,1,18.07,Graduate,Writing,6,TRUE,3
Biology,Idea Drafted,3.9,2025,Qtr 1,February,1,24.35,Undergraduate,Writing,10,TRUE,5
Biology,Idea Drafted,3,2025,Qtr 1,February,3,9.94,Graduate,Research,2,TRUE,4
Biology,Idea Drafted,2.3,2025,Qtr 1,February,3,26.42,Graduate,Writing,6,FALSE,4
Biology,Idea Drafted,2.9,2025,Qtr 1,February,4,13.51,High School,Homework Help,3,TRUE,3
Biology,Idea Drafted,1.5,2025,Qtr 1,February,4,10.37,High School,Studying,4,TRUE,2
Biology,Idea Drafted,3.7,2025,Qtr 1,February,4,18.15,Undergraduate,Homework Help,8,TRUE,3
Biology,Idea Drafted,2,2025,Qtr 1,February,5,10.52,Graduate,Coding,3,TRUE,2
Biology,Idea Drafted,2.4,2025,Qtr 1,February,5,4.46,Undergraduate,Homework Help,1,TRUE,3
Biology,Idea Drafted,2,2025,Qtr 1,February,6,60.41,Undergraduate,Studying,13,TRUE,2
Biology,Idea Drafted,4.7,2025,Qtr 1,February,7,16.25,High School,Writing,6,TRUE,4
Biology,Idea Drafted,3.3,2025,Qtr 1,February,8,33.35,Undergraduate,Studying,12,TRUE,4
Biology,Idea Drafted,4.4,2025,Qtr 1,February,9,48.36,High School,Studying,21,TRUE,4
Biology,Idea Drafted,2.9,2025,Qtr 1,February,12,35.86,High School,Writing,8,TRUE,3
Biology,Idea Drafted,2.6,2025,Qtr 1,February,14,6.81,High School,Writing,1,FALSE,4
Biology,Idea Drafted,4.2,2025,Qtr 1,February,14,26.26,Undergraduate,Studying,6,TRUE,4
Biology,Idea Drafted,3.9,2025,Qtr 1,February,15,8.87,High School,Coding,2,TRUE,4
Biology,Idea Drafted,4.5,2025,Qtr 1,February,16,3.85,Undergraduate,Brainstorming,1,TRUE,4
Biology,Idea Drafted,4.8,2025,Qtr 1,February,21,18.73,Undergraduate,Brainstorming,4,FALSE,5
Biology,Idea Drafted,8.3,2025,Qtr 1,February,21,66.82,Undergraduate,Writing,18,TRUE,9
Biology,Idea Drafted,8.8,2025,Qtr 1,February,22,15.72,Undergraduate,Writing,3,TRUE,7
Biology,Idea Drafted,2.1,2025,Qtr 1,February,24,8.46,Undergraduate,Homework Help,3,TRUE,3
Biology,Idea Drafted,2.4,2025,Qtr 1,February,26,1.85,Graduate,Homework Help,1,FALSE,2
Biology,Idea Drafted,2.8,2025,Qtr 1,February,26,16.34,Graduate,Studying,4,TRUE,3
Biology,Idea Drafted,4,2025,Qtr 1,February,26,6.56,Undergraduate,Studying,2,TRUE,4
Biology,Idea Drafted,5,2025,Qtr 1,February,26,42.39,Undergraduate,Writing,15,FALSE,5
Biology,Idea Drafted,3.9,2025,Qtr 1,February,27,39.57,High School,Homework Help,11,FALSE,4
Biology,Idea Drafted,1.9,2025,Qtr 1,March,1,2.63,Undergraduate,Homework Help,1,TRUE,3
Biology,Idea Drafted,3.7,2025,Qtr 1,March,1,25.85,Undergraduate,Studying,9,TRUE,4
Biology,Idea Drafted,3.5,2025,Qtr 1,March,2,25.21,Graduate,Studying,6,TRUE,3
Biology,Idea Drafted,1.9,2025,Qtr 1,March,2,18.43,Graduate,Writing,5,TRUE,4
Biology,Idea Drafted,2.3,2025,Qtr 1,March,5,11.9,Undergraduate,Research,4,TRUE,3
Biology,Idea Drafted,4.8,2025,Qtr 1,March,6,12.61,Graduate,Brainstorming,4,TRUE,4
Biology,Idea Drafted,4.5,2025,Qtr 1,March,6,28.8,Undergraduate,Writing,12,TRUE,4
Biology,Idea Drafted,4.9,2025,Qtr 1,March,7,37.87,Graduate,Studying,9,FALSE,5
Biology,Idea Drafted,5,2025,Qtr 1,March,7,18.01,Graduate,Writing,3,TRUE,4
Biology,Idea Drafted,4.8,2025,Qtr 1,March,7,39.53,Undergraduate,Research,7,TRUE,5
Biology,Idea Drafted,3.5,2025,Qtr 1,March,8,17.7,Undergraduate,Writing,4,FALSE,4
Biology,Idea Drafted,2,2025,Qtr 1,March,9,1.44,Graduate,Coding,1,TRUE,2
Biology,Idea Drafted,5,2025,Qtr 1,March,10,14.24,Graduate,Writing,4,TRUE,5
Biology,Idea Drafted,3.5,2025,Qtr 1,March,10,15.87,High School,Writing,3,TRUE,4
Biology,Idea Drafted,3.5,2025,Qtr 1,March,11,7.64,Undergraduate,Writing,2,TRUE,4
Biology,Idea Drafted,3,2025,Qtr 1,March,12,62.77,High School,Writing,20,TRUE,3
Biology,Idea Drafted,3.7,2025,Qtr 1,March,15,14.6,High School,Research,4,TRUE,4
Biology,Idea Drafted,5,2025,Qtr 1,March,16,3.14,Undergraduate,Studying,1,FALSE,4
Biology,Idea Drafted,1,2025,Qtr 1,March,17,23.89,High School,Studying,11,TRUE,1
Biology,Idea Drafted,3.7,2025,Qtr 1,March,18,27.63,Undergraduate,Homework Help,8,TRUE,4
Biology,Idea Drafted,1.8,2025,Qtr 1,March,20,17.76,Undergraduate,Coding,4,FALSE,3
Biology,Idea Drafted,3.7,2025,Qtr 1,March,21,23.75,High School,Writing,6,FALSE,4
Biology,Idea Drafted,2.3,2025,Qtr 1,March,21,36.38,Undergraduate,Writing,12,TRUE,3
Biology,Idea Drafted,4.9,2025,Qtr 1,March,22,2.5,Graduate,Homework Help,1,TRUE,5
Biology,Idea Drafted,2.3,2025,Qtr 1,March,22,24.19,Undergraduate,Writing,5,FALSE,2
Biology,Idea Drafted,1.8,2025,Qtr 1,March,23,25.39,Graduate,Writing,6,TRUE,3
Biology,Idea Drafted,4.4,2025,Qtr 1,March,26,2.47,Graduate,Brainstorming,1,TRUE,4
Biology,Idea Drafted,5,2025,Qtr 1,March,29,4.75,High School,Writing,1,TRUE,5
Biology,Idea Drafted,3.6,2025,Qtr 1,March,29,61.36,Undergraduate,Brainstorming,15,TRUE,3
Biology,Idea Drafted,1,2025,Qtr 1,March,29,13.79,Undergraduate,Homework Help,5,TRUE,1
Biology,Idea Drafted,4.4,2025,Qtr 1,March,29,13.11,Undergraduate,Studying,4,TRUE,4
Biology,Idea Drafted,4.9,2025,Qtr 1,March,30,41.6,High School,Research,8,TRUE,4
Biology,Idea Drafted,1,2025,Qtr 1,March,30,11.11,Undergraduate,Studying,4,FALSE,1
Biology,Idea Drafted,3,2025,Qtr 1,March,31,4.43,Undergraduate,Writing,1,TRUE,3
Biology,Idea Drafted,4.7,2025,Qtr 2,April,2,19.9,Undergraduate,Homework Help,7,TRUE,5
Biology,Idea Drafted,4.9,2025,Qtr 2,April,3,3.3,Graduate,Homework Help,1,TRUE,5
Biology,Idea Drafted,7.7,2025,Qtr 2,April,3,142.63,Graduate,Writing,50,TRUE,8
Biology,Idea Drafted,2.5,2025,Qtr 2,April,4,10.74,High School,Coding,2,FALSE,3
Biology,Idea Drafted,4.4,2025,Qtr 2,April,4,18.19,Undergraduate,Coding,4,TRUE,4
Biology,Idea Drafted,4.6,2025,Qtr 2,April,4,33.25,Undergraduate,Writing,8,TRUE,5
Biology,Idea Drafted,2.8,2025,Qtr 2,April,5,8.34,Undergraduate,Studying,2,TRUE,3
Biology,Idea Drafted,3.7,2025,Qtr 2,April,7,25.21,Graduate,Homework Help,7,TRUE,4
Biology,Idea Drafted,1.9,2025,Qtr 2,April,7,5.98,High School,Studying,1,FALSE,3
Biology,Idea Drafted,4.4,2025,Qtr 2,April,7,46.27,High School,Writing,11,TRUE,5
Biology,Idea Drafted,3.8,2025,Qtr 2,April,8,16.98,High School,Research,3,TRUE,4
Biology,Idea Drafted,4.3,2025,Qtr 2,April,8,30.47,Undergraduate,Coding,12,TRUE,4
Biology,Idea Drafted,5,2025,Qtr 2,April,9,3.3,Graduate,Writing,1,TRUE,4
Biology,Idea Drafted,3.8,2025,Qtr 2,April,9,5.46,Undergraduate,Studying,1,TRUE,3
Biology,Idea Drafted,5,2025,Qtr 2,April,10,13.14,Undergraduate,Homework Help,4,TRUE,4
Biology,Idea Drafted,5,2025,Qtr 2,April,10,7.5,Undergraduate,Writing,2,TRUE,4
Biology,Idea Drafted,3.9,2025,Qtr 2,April,11,12.46,Graduate,Research,4,FALSE,4
Biology,Idea Drafted,4.7,2025,Qtr 2,April,12,15.44,Undergraduate,Writing,3,FALSE,3
Biology,Idea Drafted,3.3,2025,Qtr 2,April,14,14.91,Undergraduate,Writing,7,TRUE,4
Biology,Idea Drafted,1,2025,Qtr 2,April,15,4.97,Graduate,Studying,2,FALSE,1
Biology,Idea Drafted,4.7,2025,Qtr 2,April,16,24.69,High School,Brainstorming,5,TRUE,4
Biology,Idea Drafted,2,2025,Qtr 2,April,16,6.76,Undergraduate,Coding,1,TRUE,4
Biology,Idea Drafted,8,2025,Qtr 2,April,16,31,Undergraduate,Writing,6,TRUE,7
Biology,Idea Drafted,2.5,2025,Qtr 2,April,19,10.15,Undergraduate,Coding,3,FALSE,4
Biology,Idea Drafted,2.4,2025,Qtr 2,April,19,8.49,Undergraduate,Homework Help,3,TRUE,2
Biology,Idea Drafted,3.1,2025,Qtr 2,April,21,19.87,Undergraduate,Studying,8,TRUE,2
Biology,Idea Drafted,4.1,2025,Qtr 2,April,25,5.81,Undergraduate,Homework Help,1,TRUE,3
Biology,Idea Drafted,5,2025,Qtr 2,April,27,43.69,Undergraduate,Brainstorming,15,TRUE,4
Biology,Idea Drafted,4,2025,Qtr 2,April,27,9.01,Undergraduate,Writing,2,TRUE,4
Biology,Idea Drafted,3.8,2025,Qtr 2,April,28,10.16,Undergraduate,Studying,2,TRUE,5
Biology,Idea Drafted,3.1,2025,Qtr 2,May,1,15.49,Undergraduate,Coding,7,TRUE,2
Biology,Idea Drafted,5,2025,Qtr 2,May,2,40.28,High School,Homework Help,16,TRUE,4
Biology,Idea Drafted,5,2025,Qtr 2,May,2,6.48,Undergraduate,Studying,1,FALSE,4
Biology,Idea Drafted,2.5,2025,Qtr 2,May,3,38.28,Graduate,Studying,9,TRUE,3
Biology,Idea Drafted,3.5,2025,Qtr 2,May,3,11.69,Undergraduate,Research,4,FALSE,4
Biology,Idea Drafted,5,2025,Qtr 2,May,5,10.15,Undergraduate,Homework Help,2,TRUE,4
Biology,Idea Drafted,3.3,2025,Qtr 2,May,5,8.83,Undergraduate,Studying,2,TRUE,4
Biology,Idea Drafted,3.9,2025,Qtr 2,May,7,6.16,Undergraduate,Studying,1,TRUE,4
Biology,Idea Drafted,2.4,2025,Qtr 2,May,8,9.06,High School,Studying,4,TRUE,3
Biology,Idea Drafted,2.2,2025,Qtr 2,May,9,9.18,Undergraduate,Homework Help,4,TRUE,2
Biology,Idea Drafted,2.2,2025,Qtr 2,May,11,22.88,Undergraduate,Homework Help,9,TRUE,4
Biology,Idea Drafted,7.1,2025,Qtr 2,May,11,70.31,Undergraduate,Studying,17,TRUE,8
Biology,Idea Drafted,2.8,2025,Qtr 2,May,12,14.01,High School,Writing,4,TRUE,3
Biology,Idea Drafted,3.9,2025,Qtr 2,May,13,8.85,High School,Studying,2,TRUE,4
Biology,Idea Drafted,2.2,2025,Qtr 2,May,14,2.48,High School,Studying,1,TRUE,2
Biology,Idea Drafted,4.3,2025,Qtr 2,May,14,26.36,Undergraduate,Coding,10,FALSE,4
Biology,Idea Drafted,3.6,2025,Qtr 2,May,14,6.17,Undergraduate,Homework Help,1,FALSE,4
Biology,Idea Drafted,3.5,2025,Qtr 2,May,15,7.18,Undergraduate,Coding,2,TRUE,3
Biology,Idea Drafted,5,2025,Qtr 2,May,19,26.17,Graduate,Writing,10,TRUE,5
Biology,Idea Drafted,3.5,2025,Qtr 2,May,19,22.73,High School,Writing,7,TRUE,3
Biology,Idea Drafted,3.3,2025,Qtr 2,May,20,4.52,Undergraduate,Writing,1,TRUE,3
Biology,Idea Drafted,2.3,2025,Qtr 2,May,21,27.21,High School,Coding,9,TRUE,4
Biology,Idea Drafted,4.3,2025,Qtr 2,May,21,18.67,Undergraduate,Brainstorming,4,FALSE,3
Biology,Idea Drafted,2.6,2025,Qtr 2,May,21,8.07,Undergraduate,Writing,1,FALSE,4
Biology,Idea Drafted,4.2,2025,Qtr 2,May,22,54.78,High School,Writing,11,TRUE,5
Biology,Idea Drafted,5,2025,Qtr 2,May,23,31.73,Undergraduate,Studying,9,FALSE,5
Biology,Idea Drafted,1,2025,Qtr 2,May,23,28.23,Undergraduate,Writing,7,TRUE,1
Biology,Idea Drafted,2.4,2025,Qtr 2,May,24,66.95,High School,Coding,15,TRUE,2
Biology,Idea Drafted,4.1,2025,Qtr 2,May,24,8.8,Undergraduate,Studying,3,FALSE,4
Biology,Idea Drafted,2.4,2025,Qtr 2,May,24,6.09,Undergraduate,Studying,2,TRUE,3
Biology,Idea Drafted,3.3,2025,Qtr 2,May,25,17.91,Graduate,Studying,7,TRUE,5
Biology,Idea Drafted,1,2025,Qtr 2,May,26,5.41,High School,Writing,1,TRUE,1
Biology,Idea Drafted,4.1,2025,Qtr 2,May,26,19.96,Undergraduate,Studying,7,TRUE,4
Biology,Idea Drafted,1.4,2025,Qtr 2,May,27,38.57,Graduate,Writing,8,TRUE,2
Biology,Idea Drafted,3.8,2025,Qtr 2,May,27,11.54,Undergraduate,Homework Help,2,TRUE,4
Biology,Idea Drafted,4,2025,Qtr 2,May,28,27.34,Undergraduate,Homework Help,9,TRUE,5
Biology,Idea Drafted,1.5,2025,Qtr 2,May,29,37.5,Undergraduate,Writing,16,TRUE,2
Biology,Idea Drafted,4.9,2025,Qtr 2,May,31,9.85,High School,Homework Help,2,TRUE,4
Biology,Idea Drafted,4.7,2025,Qtr 2,June,1,5.8,High School,Homework Help,1,TRUE,5
Biology,Idea Drafted,4,2025,Qtr 2,June,1,17.73,High School,Writing,5,TRUE,4
Biology,Idea Drafted,4.6,2025,Qtr 2,June,2,21.74,High School,Writing,10,FALSE,5
Biology,Idea Drafted,2.9,2025,Qtr 2,June,2,6.43,High School,Writing,2,TRUE,2
Biology,Idea Drafted,8.5,2025,Qtr 2,June,2,19.51,Undergraduate,Writing,8,TRUE,7
Biology,Idea Drafted,1,2025,Qtr 2,June,3,36.12,Undergraduate,Writing,14,TRUE,2
Biology,Idea Drafted,1.7,2025,Qtr 2,June,4,4.41,Undergraduate,Studying,1,TRUE,2
Biology,Idea Drafted,1.9,2025,Qtr 2,June,5,4.09,Graduate,Coding,1,TRUE,3
Biology,Idea Drafted,3.9,2025,Qtr 2,June,5,7.93,Undergraduate,Coding,3,TRUE,4
Biology,Idea Drafted,4.2,2025,Qtr 2,June,5,8.4,Undergraduate,Studying,3,FALSE,4
Biology,Idea Drafted,2.2,2025,Qtr 2,June,5,4.18,Undergraduate,Studying,1,TRUE,3
Biology,Idea Drafted,2.9,2025,Qtr 2,June,8,5.99,Graduate,Studying,1,FALSE,2
Biology,Idea Drafted,3.9,2025,Qtr 2,June,8,12.65,Undergraduate,Writing,3,TRUE,3
Biology,Idea Drafted,5,2025,Qtr 2,June,9,32.65,Graduate,Brainstorming,13,TRUE,4
Biology,Idea Drafted,5,2025,Qtr 2,June,9,4.18,High School,Homework Help,1,TRUE,5
Biology,Idea Drafted,3.8,2025,Qtr 2,June,9,84.35,High School,Studying,19,TRUE,4
Biology,Idea Drafted,3.2,2025,Qtr 2,June,12,13.14,Graduate,Research,5,FALSE,4
Biology,Idea Drafted,2.8,2025,Qtr 2,June,13,3.96,Graduate,Research,1,TRUE,3
Biology,Idea Drafted,5,2025,Qtr 2,June,14,14.53,Graduate,Writing,6,TRUE,5
Biology,Idea Drafted,4.9,2025,Qtr 2,June,16,14.67,Graduate,Writing,3,TRUE,4
Biology,Idea Drafted,3.6,2025,Qtr 2,June,17,10.87,High School,Writing,2,TRUE,3
Biology,Idea Drafted,3,2025,Qtr 2,June,18,17.51,High School,Writing,7,TRUE,4
Biology,Idea Drafted,3.6,2025,Qtr 2,June,18,17.29,Undergraduate,Homework Help,4,TRUE,4
Biology,Idea Drafted,3.3,2025,Qtr 2,June,18,11.3,Undergraduate,Writing,4,TRUE,3
Biology,Idea Drafted,3.2,2025,Qtr 2,June,19,26.05,High School,Coding,8,TRUE,3
Biology,Idea Drafted,3.4,2025,Qtr 2,June,19,29.39,Undergraduate,Brainstorming,8,FALSE,4
Biology,Idea Drafted,2.6,2025,Qtr 2,June,19,7.39,Undergraduate,Research,1,FALSE,4
Biology,Idea Drafted,5,2025,Qtr 2,June,21,10.3,High School,Writing,2,TRUE,5
Biology,Idea Drafted,1.9,2025,Qtr 2,June,21,19.74,Undergraduate,Homework Help,4,FALSE,1
Biology,Idea Drafted,2,2025,Qtr 2,June,21,5.41,Undergraduate,Studying,2,TRUE,2
Biology,Idea Drafted,5,2025,Qtr 2,June,21,37.18,Undergraduate,Writing,17,TRUE,5
Biology,Idea Drafted,1.7,2025,Qtr 2,June,22,64.83,Undergraduate,Homework Help,21,FALSE,3
Biology,Idea Drafted,4.8,2025,Qtr 2,June,23,27.03,Undergraduate,Writing,7,TRUE,4
Biology,Idea Drafted,3.7,2025,Qtr 2,June,24,2.59,Graduate,Homework Help,1,FALSE,3
Biology,Idea Drafted,4.6,2025,Qtr 2,June,24,13.43,Undergraduate,Brainstorming,3,TRUE,4
Business,Assignment Completed,3.9,2024,Qtr 2,June,24,15.1,Graduate,Homework Help,5,TRUE,4
Business,Assignment Completed,4.6,2024,Qtr 2,June,24,9.94,High School,Coding,2,TRUE,4
Business,Assignment Completed,5,2024,Qtr 2,June,24,14.58,Undergraduate,Studying,3,TRUE,4
Business,Assignment Completed,4.5,2024,Qtr 2,June,25,61.57,Graduate,Homework Help,23,TRUE,3
Business,Assignment Completed,3.5,2024,Qtr 2,June,25,14.91,High School,Homework Help,3,TRUE,3
Business,Assignment Completed,2.8,2024,Qtr 2,June,25,6.53,Undergraduate,Homework Help,2,TRUE,3
Business,Assignment Completed,3.3,2024,Qtr 2,June,25,47.16,Undergraduate,Studying,17,TRUE,4
Business,Assignment Completed,5.8,2024,Qtr 2,June,25,64.17,Undergraduate,Writing,20,TRUE,7
Business,Assignment Completed,1.5,2024,Qtr 2,June,27,23.4,High School,Research,8,TRUE,3
Business,Assignment Completed,5,2024,Qtr 2,June,27,33.93,Undergraduate,Brainstorming,9,TRUE,5
Business,Assignment Completed,4,2024,Qtr 2,June,27,18.43,Undergraduate,Studying,7,TRUE,4
Business,Assignment Completed,5,2024,Qtr 2,June,30,68.09,Graduate,Homework Help,28,FALSE,5
Business,Assignment Completed,10.7,2024,Qtr 2,June,30,48.58,Undergraduate,Writing,16,TRUE,11
Business,Assignment Completed,2.4,2024,Qtr 3,July,1,11.54,Undergraduate,Research,2,TRUE,3
Business,Assignment Completed,4.5,2024,Qtr 3,July,2,33.13,High School,Homework Help,9,TRUE,4
Business,Assignment Completed,1.3,2024,Qtr 3,July,3,42.46,Graduate,Studying,12,TRUE,2
Business,Assignment Completed,4.5,2024,Qtr 3,July,3,17.82,Graduate,Writing,3,TRUE,4
Business,Assignment Completed,1.4,2024,Qtr 3,July,3,12.32,Undergraduate,Studying,5,TRUE,2
Business,Assignment Completed,4.1,2024,Qtr 3,July,4,4.08,Undergraduate,Homework Help,1,FALSE,5
Business,Assignment Completed,3,2024,Qtr 3,July,4,16.53,Undergraduate,Studying,7,FALSE,3
Business,Assignment Completed,4.5,2024,Qtr 3,July,5,0.74,Undergraduate,Coding,1,TRUE,5
Business,Assignment Completed,7.4,2024,Qtr 3,July,5,38.37,Undergraduate,Homework Help,8,TRUE,9
Business,Assignment Completed,2,2024,Qtr 3,July,6,9.77,High School,Homework Help,2,TRUE,2
Business,Assignment Completed,2.6,2024,Qtr 3,July,8,8.81,Undergraduate,Coding,2,TRUE,4
Business,Assignment Completed,5,2024,Qtr 3,July,10,11.84,Graduate,Studying,2,TRUE,4
Business,Assignment Completed,4.4,2024,Qtr 3,July,10,23.91,Undergraduate,Writing,9,TRUE,5
Business,Assignment Completed,2.5,2024,Qtr 3,July,11,12.24,High School,Coding,4,TRUE,4
Business,Assignment Completed,3.6,2024,Qtr 3,July,11,34.82,Undergraduate,Coding,9,TRUE,4
Business,Assignment Completed,5,2024,Qtr 3,July,11,20.46,Undergraduate,Studying,8,FALSE,5
Business,Assignment Completed,5,2024,Qtr 3,July,11,8.21,Undergraduate,Writing,1,TRUE,4
Business,Assignment Completed,2.6,2024,Qtr 3,July,12,19.5,Graduate,Studying,9,TRUE,2
Business,Assignment Completed,7.4,2024,Qtr 3,July,13,30.78,Undergraduate,Studying,5,TRUE,8
Business,Assignment Completed,3.6,2024,Qtr 3,July,14,2.08,Undergraduate,Homework Help,1,TRUE,3
Business,Assignment Completed,3.8,2024,Qtr 3,July,14,14.49,Undergraduate,Research,4,TRUE,4
Business,Assignment Completed,3.4,2024,Qtr 3,July,16,25.12,Undergraduate,Coding,7,FALSE,4
Business,Assignment Completed,9.2,2024,Qtr 3,July,16,35,Undergraduate,Studying,8,TRUE,8
Business,Assignment Completed,3.4,2024,Qtr 3,July,17,24.43,Undergraduate,Homework Help,5,TRUE,3
Business,Assignment Completed,8.8,2024,Qtr 3,July,18,94.77,Graduate,Studying,23,TRUE,9
Business,Assignment Completed,3.6,2024,Qtr 3,July,19,26.81,Undergraduate,Writing,6,TRUE,4
Business,Assignment Completed,4,2024,Qtr 3,July,20,18.32,Graduate,Writing,4,TRUE,5
Business,Assignment Completed,3.5,2024,Qtr 3,July,21,35.77,Graduate,Writing,15,TRUE,3
Business,Assignment Completed,4.3,2024,Qtr 3,July,21,18.02,Undergraduate,Studying,5,TRUE,4
Business,Assignment Completed,4.2,2024,Qtr 3,July,21,22.47,Undergraduate,Writing,8,TRUE,4
Business,Assignment Completed,2.5,2024,Qtr 3,July,22,53.65,Graduate,Homework Help,18,TRUE,3
Business,Assignment Completed,4.5,2024,Qtr 3,July,23,16.11,Graduate,Coding,4,TRUE,4
Business,Assignment Completed,2.2,2024,Qtr 3,July,23,5.18,Undergraduate,Coding,1,TRUE,3
Business,Assignment Completed,2.2,2024,Qtr 3,July,24,6.97,Graduate,Coding,1,TRUE,3
Business,Assignment Completed,2.9,2024,Qtr 3,July,24,11.77,Undergraduate,Coding,4,TRUE,3
Business,Assignment Completed,7.1,2024,Qtr 3,July,24,43.94,Undergraduate,Writing,10,TRUE,8
Business,Assignment Completed,1.7,2024,Qtr 3,July,25,30.68,Undergraduate,Homework Help,7,TRUE,2
Business,Assignment Completed,5,2024,Qtr 3,July,25,16,Undergraduate,Studying,4,TRUE,4
Business,Assignment Completed,3.4,2024,Qtr 3,July,26,43.81,Graduate,Research,10,TRUE,3
Business,Assignment Completed,3.6,2024,Qtr 3,July,28,19.47,Graduate,Brainstorming,4,TRUE,4
Business,Assignment Completed,5,2024,Qtr 3,July,28,7.44,High School,Studying,2,TRUE,5
Business,Assignment Completed,3.7,2024,Qtr 3,July,28,10.48,High School,Writing,2,FALSE,4
Business,Assignment Completed,3.6,2024,Qtr 3,July,28,59.17,Undergraduate,Studying,20,TRUE,3
Business,Assignment Completed,3.3,2024,Qtr 3,July,28,8.8,Undergraduate,Writing,3,TRUE,4
Business,Assignment Completed,1.4,2024,Qtr 3,July,29,30.29,Undergraduate,Writing,12,FALSE,2
Business,Assignment Completed,3.3,2024,Qtr 3,July,30,26.61,Undergraduate,Brainstorming,5,FALSE,4
Business,Assignment Completed,3.9,2024,Qtr 3,July,30,63.2,Undergraduate,Homework Help,14,TRUE,5
Business,Assignment Completed,1.5,2024,Qtr 3,July,31,10.85,Undergraduate,Homework Help,3,TRUE,2
Business,Assignment Completed,1.3,2024,Qtr 3,July,31,15.52,Undergraduate,Writing,3,FALSE,2
Business,Assignment Completed,5,2024,Qtr 3,August,1,16.64,High School,Brainstorming,7,TRUE,5
Business,Assignment Completed,6.2,2024,Qtr 3,August,1,56.63,High School,Studying,17,TRUE,5
Business,Assignment Completed,5,2024,Qtr 3,August,1,45.44,Undergraduate,Studying,9,TRUE,5
Business,Assignment Completed,5,2024,Qtr 3,August,1,23.01,Undergraduate,Writing,7,FALSE,5
Business,Assignment Completed,1.8,2024,Qtr 3,August,1,7.27,Undergraduate,Writing,2,TRUE,3
Business,Assignment Completed,3.7,2024,Qtr 3,August,2,64.03,Undergraduate,Writing,13,TRUE,5
Business,Assignment Completed,2.6,2024,Qtr 3,August,3,49.66,Graduate,Writing,19,FALSE,3
Business,Assignment Completed,1.4,2024,Qtr 3,August,4,11.57,Undergraduate,Coding,4,FALSE,3
Business,Assignment Completed,3.9,2024,Qtr 3,August,4,21.93,Undergraduate,Writing,8,TRUE,4
Business,Assignment Completed,4.8,2024,Qtr 3,August,6,3.45,Graduate,Brainstorming,1,FALSE,5
Business,Assignment Completed,2,2024,Qtr 3,August,6,32.63,Graduate,Studying,12,TRUE,2
Business,Assignment Completed,4.9,2024,Qtr 3,August,6,55.06,Undergraduate,Writing,15,FALSE,4
Business,Assignment Completed,1,2024,Qtr 3,August,6,9.7,Undergraduate,Writing,2,TRUE,1
Business,Assignment Completed,3.2,2024,Qtr 3,August,8,9.67,Undergraduate,Writing,3,TRUE,3
Business,Assignment Completed,4.5,2024,Qtr 3,August,9,35.12,High School,Writing,16,TRUE,4
Business,Assignment Completed,3.3,2024,Qtr 3,August,9,16.58,Undergraduate,Writing,3,TRUE,2
Business,Assignment Completed,4.6,2024,Qtr 3,August,10,4.24,High School,Studying,1,TRUE,5
Business,Assignment Completed,1,2024,Qtr 3,August,10,7.33,Undergraduate,Coding,2,FALSE,2
Business,Assignment Completed,3.9,2024,Qtr 3,August,11,9.01,High School,Writing,3,TRUE,4
Business,Assignment Completed,3.8,2024,Qtr 3,August,11,32.05,Undergraduate,Studying,7,TRUE,5
Business,Assignment Completed,3.6,2024,Qtr 3,August,11,29.72,Undergraduate,Writing,8,FALSE,3
Business,Assignment Completed,2.4,2024,Qtr 3,August,12,4.8,Undergraduate,Homework Help,2,TRUE,2
Business,Assignment Completed,4.7,2024,Qtr 3,August,13,22.99,High School,Homework Help,4,TRUE,5
Business,Assignment Completed,4.3,2024,Qtr 3,August,13,32.61,Undergraduate,Homework Help,7,FALSE,4
Business,Assignment Completed,2.7,2024,Qtr 3,August,14,11.26,Undergraduate,Coding,2,TRUE,4
Business,Assignment Completed,3.4,2024,Qtr 3,August,15,6.11,Graduate,Coding,1,TRUE,4
Business,Assignment Completed,3.9,2024,Qtr 3,August,15,26.65,Undergraduate,Coding,8,FALSE,2
Business,Assignment Completed,3.4,2024,Qtr 3,August,16,26.17,Undergraduate,Homework Help,12,TRUE,4
Business,Assignment Completed,3.7,2024,Qtr 3,August,16,11.36,Undergraduate,Writing,4,TRUE,4
Business,Assignment Completed,3,2024,Qtr 3,August,17,11.71,Undergraduate,Writing,2,TRUE,3
Business,Assignment Completed,2.9,2024,Qtr 3,August,18,2.31,High School,Homework Help,1,TRUE,3
Business,Assignment Completed,2.1,2024,Qtr 3,August,19,22.03,Undergraduate,Coding,4,TRUE,2
Business,Assignment Completed,4.7,2024,Qtr 3,August,19,28.81,Undergraduate,Writing,8,TRUE,4
Business,Assignment Completed,2.4,2024,Qtr 3,August,20,9.32,Undergraduate,Coding,4,TRUE,2
Business,Assignment Completed,2.9,2024,Qtr 3,August,20,26.26,Undergraduate,Writing,11,TRUE,3
Business,Assignment Completed,5,2024,Qtr 3,August,21,13.4,Undergraduate,Coding,3,FALSE,5
Business,Assignment Completed,4.1,2024,Qtr 3,August,21,12.71,Undergraduate,Writing,2,TRUE,3
Business,Assignment Completed,2.3,2024,Qtr 3,August,24,22.49,Graduate,Brainstorming,5,TRUE,3
Business,Assignment Completed,2.8,2024,Qtr 3,August,24,13.42,Undergraduate,Brainstorming,3,TRUE,3
Business,Assignment Completed,3.7,2024,Qtr 3,August,24,9.81,Undergraduate,Writing,2,TRUE,4
Business,Assignment Completed,4.2,2024,Qtr 3,August,25,3.83,Undergraduate,Homework Help,1,TRUE,5
Business,Assignment Completed,2.1,2024,Qtr 3,August,25,41.84,Undergraduate,Studying,9,TRUE,2
Business,Assignment Completed,4.6,2024,Qtr 3,August,26,6.1,High School,Coding,2,TRUE,4
Business,Assignment Completed,5,2024,Qtr 3,August,26,13.37,Undergraduate,Writing,2,TRUE,4
Business,Assignment Completed,9.8,2024,Qtr 3,August,28,29.91,Undergraduate,Coding,5,TRUE,9
Business,Assignment Completed,3.7,2024,Qtr 3,August,28,8.53,Undergraduate,Studying,1,TRUE,4
Business,Assignment Completed,5,2024,Qtr 3,August,29,10.46,High School,Homework Help,2,FALSE,5
Business,Assignment Completed,2.9,2024,Qtr 3,August,29,10.36,Undergraduate,Writing,2,FALSE,3
Business,Assignment Completed,2.4,2024,Qtr 3,August,30,7.06,Undergraduate,Coding,1,TRUE,2
Business,Assignment Completed,2,2024,Qtr 3,August,31,31.28,Graduate,Homework Help,9,FALSE,3
Business,Assignment Completed,6.6,2024,Qtr 3,August,31,19.12,Graduate,Writing,5,TRUE,8
Business,Assignment Completed,5,2024,Qtr 3,August,31,7.68,High School,Coding,2,TRUE,5
Business,Assignment Completed,2.6,2024,Qtr 3,September,1,26.13,Undergraduate,Homework Help,9,TRUE,3
Business,Assignment Completed,1.4,2024,Qtr 3,September,1,31.23,Undergraduate,Writing,13,TRUE,1
Business,Assignment Completed,3.1,2024,Qtr 3,September,2,0.97,Graduate,Writing,1,TRUE,3
Business,Assignment Completed,4.3,2024,Qtr 3,September,2,16.93,High School,Studying,3,TRUE,4
Business,Assignment Completed,1.5,2024,Qtr 3,September,2,6.23,Undergraduate,Coding,2,TRUE,1
Business,Assignment Completed,3.2,2024,Qtr 3,September,2,7.61,Undergraduate,Homework Help,3,TRUE,3
Business,Assignment Completed,1.9,2024,Qtr 3,September,3,62.93,Graduate,Writing,17,FALSE,2
Business,Assignment Completed,1,2024,Qtr 3,September,3,14.3,High School,Coding,4,FALSE,2
Business,Assignment Completed,3.7,2024,Qtr 3,September,3,25.29,Undergraduate,Homework Help,7,TRUE,4
Business,Assignment Completed,2.1,2024,Qtr 3,September,3,20.58,Undergraduate,Writing,9,TRUE,2
Business,Assignment Completed,1.4,2024,Qtr 3,September,4,38.61,Graduate,Coding,7,TRUE,3
Business,Assignment Completed,4.2,2024,Qtr 3,September,4,12.82,Undergraduate,Brainstorming,4,TRUE,3
Business,Assignment Completed,3.7,2024,Qtr 3,September,5,29.41,High School,Coding,10,TRUE,5
Business,Assignment Completed,5,2024,Qtr 3,September,5,20.08,Undergraduate,Coding,4,TRUE,4
Business,Assignment Completed,1.3,2024,Qtr 3,September,6,13.02,Undergraduate,Studying,4,TRUE,1
Business,Assignment Completed,3.8,2024,Qtr 3,September,7,54.88,Graduate,Homework Help,17,FALSE,3
Business,Assignment Completed,1,2024,Qtr 3,September,9,22.72,Graduate,Studying,11,TRUE,2
Business,Assignment Completed,3,2024,Qtr 3,September,9,22.74,Undergraduate,Brainstorming,11,TRUE,2
Business,Assignment Completed,3.9,2024,Qtr 3,September,9,12.5,Undergraduate,Writing,5,FALSE,4
Business,Assignment Completed,3.3,2024,Qtr 3,September,10,12.72,Undergraduate,Coding,4,FALSE,3
Business,Assignment Completed,4.7,2024,Qtr 3,September,11,27.95,Graduate,Writing,7,FALSE,4
Business,Assignment Completed,4.9,2024,Qtr 3,September,11,14.51,High School,Coding,4,TRUE,4
Business,Assignment Completed,4.7,2024,Qtr 3,September,12,8.76,Undergraduate,Studying,1,TRUE,5
Business,Assignment Completed,4.1,2024,Qtr 3,September,12,19.26,Undergraduate,Writing,5,TRUE,4
Business,Assignment Completed,3.8,2024,Qtr 3,September,13,21.1,Graduate,Writing,5,TRUE,4
Business,Assignment Completed,3.6,2024,Qtr 3,September,13,29.74,High School,Coding,7,TRUE,2
Business,Assignment Completed,2.6,2024,Qtr 3,September,13,36.64,Undergraduate,Coding,13,TRUE,3
Business,Assignment Completed,4.8,2024,Qtr 3,September,13,25.29,Undergraduate,Homework Help,5,TRUE,5
Business,Assignment Completed,5,2024,Qtr 3,September,13,17.32,Undergraduate,Studying,6,TRUE,4
Business,Assignment Completed,3,2024,Qtr 3,September,14,37.35,Graduate,Writing,12,TRUE,4
Business,Assignment Completed,1,2024,Qtr 3,September,14,26.29,Undergraduate,Studying,6,FALSE,1
Business,Assignment Completed,4.5,2024,Qtr 3,September,15,6.71,Graduate,Brainstorming,1,TRUE,4
Business,Assignment Completed,3.8,2024,Qtr 3,September,15,8.18,Graduate,Research,1,FALSE,4
Business,Assignment Completed,2.1,2024,Qtr 3,September,15,25.79,Undergraduate,Writing,7,TRUE,2
Business,Assignment Completed,1.4,2024,Qtr 3,September,16,10.01,Undergraduate,Coding,2,FALSE,2
Business,Assignment Completed,5,2024,Qtr 3,September,16,26.15,Undergraduate,Writing,5,TRUE,5
Business,Assignment Completed,5,2024,Qtr 3,September,17,7.4,Undergraduate,Coding,2,FALSE,5
Business,Assignment Completed,4.7,2024,Qtr 3,September,17,15.62,Undergraduate,Homework Help,3,TRUE,4
Business,Assignment Completed,2.5,2024,Qtr 3,September,18,11.75,Undergraduate,Coding,2,TRUE,3
Business,Assignment Completed,1.3,2024,Qtr 3,September,18,12.27,Undergraduate,Writing,2,FALSE,2
Business,Assignment Completed,9.6,2024,Qtr 3,September,18,64.24,Undergraduate,Writing,22,TRUE,10
Business,Assignment Completed,3.3,2024,Qtr 3,September,19,19.89,Undergraduate,Coding,6,FALSE,3
Business,Assignment Completed,3.5,2024,Qtr 3,September,20,10.66,Graduate,Coding,2,TRUE,3
Business,Assignment Completed,3.3,2024,Qtr 3,September,21,13.13,High School,Homework Help,4,TRUE,4
Business,Assignment Completed,3.2,2024,Qtr 3,September,21,26.26,Undergraduate,Homework Help,7,TRUE,3
Business,Assignment Completed,3.9,2024,Qtr 3,September,21,6.16,Undergraduate,Writing,2,TRUE,4
Business,Assignment Completed,4.2,2024,Qtr 3,September,22,5.62,Undergraduate,Coding,1,FALSE,4
Business,Assignment Completed,3.2,2024,Qtr 3,September,22,4.72,Undergraduate,Coding,2,TRUE,4
Business,Assignment Completed,1.8,2024,Qtr 3,September,22,4.88,Undergraduate,Homework Help,1,TRUE,3
Business,Assignment Completed,1,2024,Qtr 3,September,23,14.39,Graduate,Homework Help,4,TRUE,2
Business,Assignment Completed,5,2024,Qtr 3,September,23,12.22,High School,Coding,2,FALSE,5
Business,Assignment Completed,1.3,2024,Qtr 3,September,23,60.1,Undergraduate,Homework Help,27,TRUE,3
Business,Assignment Completed,3.5,2024,Qtr 3,September,24,18.34,Undergraduate,Homework Help,6,TRUE,4
Business,Assignment Completed,4.3,2024,Qtr 3,September,26,18.42,Graduate,Coding,4,TRUE,3
Business,Assignment Completed,4.2,2024,Qtr 3,September,26,37.16,Graduate,Writing,8,TRUE,5
Business,Assignment Completed,1.8,2024,Qtr 3,September,26,51.87,Undergraduate,Writing,10,TRUE,2
Business,Assignment Completed,1,2024,Qtr 3,September,27,21.5,Undergraduate,Studying,5,TRUE,1
Business,Assignment Completed,3.6,2024,Qtr 3,September,28,18.29,Undergraduate,Studying,7,FALSE,3
Business,Assignment Completed,3.7,2024,Qtr 3,September,29,4.08,Undergraduate,Homework Help,1,TRUE,3
Business,Assignment Completed,2.2,2024,Qtr 4,October,1,8.83,Graduate,Homework Help,3,TRUE,2
Business,Assignment Completed,5,2024,Qtr 4,October,1,11.31,High School,Writing,2,TRUE,4
Business,Assignment Completed,3.6,2024,Qtr 4,October,2,8.29,Graduate,Writing,1,TRUE,3
Business,Assignment Completed,1.8,2024,Qtr 4,October,2,15.5,Undergraduate,Coding,3,TRUE,2
Business,Assignment Completed,4.1,2024,Qtr 4,October,2,14.46,Undergraduate,Homework Help,6,TRUE,5
Business,Assignment Completed,3.6,2024,Qtr 4,October,2,14.3,Undergraduate,Writing,4,TRUE,3
Business,Assignment Completed,4.1,2024,Qtr 4,October,3,5.82,Graduate,Coding,2,TRUE,4
Business,Assignment Completed,5,2024,Qtr 4,October,3,32.23,Graduate,Writing,6,TRUE,5
Business,Assignment Completed,4,2024,Qtr 4,October,4,31.58,Graduate,Coding,11,TRUE,4
Business,Assignment Completed,1.9,2024,Qtr 4,October,4,42.97,Undergraduate,Research,16,TRUE,3
Business,Assignment Completed,2.3,2024,Qtr 4,October,5,6.85,Undergraduate,Homework Help,2,FALSE,2
Business,Assignment Completed,1.7,2024,Qtr 4,October,5,54.8,Undergraduate,Studying,21,TRUE,4
Business,Assignment Completed,3.6,2024,Qtr 4,October,6,7.63,Graduate,Homework Help,3,FALSE,4
Business,Assignment Completed,2.3,2024,Qtr 4,October,7,19.9,Undergraduate,Writing,7,TRUE,4
Business,Assignment Completed,2.1,2024,Qtr 4,October,8,32.39,Graduate,Studying,8,TRUE,2
Business,Assignment Completed,3.1,2024,Qtr 4,October,8,23.38,High School,Homework Help,5,TRUE,3
Business,Assignment Completed,3.8,2024,Qtr 4,October,8,16.93,Undergraduate,Studying,7,TRUE,4
Business,Assignment Completed,5,2024,Qtr 4,October,9,39.67,Undergraduate,Homework Help,11,FALSE,5
Business,Assignment Completed,8.5,2024,Qtr 4,October,9,21.06,Undergraduate,Writing,5,TRUE,9
Business,Assignment Completed,4.1,2024,Qtr 4,October,10,5.71,High School,Coding,2,TRUE,3
Business,Assignment Completed,3.6,2024,Qtr 4,October,10,36.58,Undergraduate,Studying,8,TRUE,4
Business,Assignment Completed,4,2024,Qtr 4,October,11,25.87,Undergraduate,Coding,6,TRUE,4
Business,Assignment Completed,4.9,2024,Qtr 4,October,11,23.03,Undergraduate,Writing,4,TRUE,5
Business,Assignment Completed,3.5,2024,Qtr 4,October,12,27.81,Undergraduate,Coding,11,TRUE,3
Business,Assignment Completed,3.8,2024,Qtr 4,October,12,16.94,Undergraduate,Writing,5,FALSE,4
Business,Assignment Completed,3.2,2024,Qtr 4,October,13,7.45,Undergraduate,Studying,1,TRUE,3
Business,Assignment Completed,4.9,2024,Qtr 4,October,14,23.22,High School,Coding,5,TRUE,5
Business,Assignment Completed,4.9,2024,Qtr 4,October,14,21.18,High School,Homework Help,9,TRUE,3
Business,Assignment Completed,5,2024,Qtr 4,October,14,15.56,Undergraduate,Coding,4,TRUE,5
Business,Assignment Completed,3.4,2024,Qtr 4,October,14,4.28,Undergraduate,Studying,1,TRUE,4
Business,Assignment Completed,3.5,2024,Qtr 4,October,15,9.22,Graduate,Coding,3,TRUE,3
Business,Assignment Completed,3,2024,Qtr 4,October,16,20.1,Graduate,Research,7,TRUE,4
Business,Assignment Completed,4.5,2024,Qtr 4,October,16,37.31,Graduate,Studying,8,TRUE,3
Business,Assignment Completed,1,2024,Qtr 4,October,16,22.54,High School,Homework Help,4,TRUE,1
Business,Assignment Completed,5,2024,Qtr 4,October,16,36.07,Undergraduate,Writing,9,TRUE,4
Business,Assignment Completed,2.6,2024,Qtr 4,October,17,4.64,High School,Writing,1,TRUE,3
Business,Assignment Completed,4.8,2024,Qtr 4,October,17,1.39,Undergraduate,Coding,1,TRUE,4
Business,Assignment Completed,3.1,2024,Qtr 4,October,18,29.35,Undergraduate,Studying,6,FALSE,4
Business,Assignment Completed,2.7,2024,Qtr 4,October,18,6.35,Undergraduate,Writing,2,TRUE,3
Business,Assignment Completed,5,2024,Qtr 4,October,19,69.81,Undergraduate,Coding,22,TRUE,4
Business,Assignment Completed,5,2024,Qtr 4,October,20,23.55,High School,Writing,7,TRUE,4
Business,Assignment Completed,4.3,2024,Qtr 4,October,20,4.78,Undergraduate,Brainstorming,1,TRUE,3
Business,Assignment Completed,4.5,2024,Qtr 4,October,20,12.2,Undergraduate,Writing,5,TRUE,5
Business,Assignment Completed,4.7,2024,Qtr 4,October,21,25.88,High School,Writing,10,TRUE,4
Business,Assignment Completed,3.3,2024,Qtr 4,October,22,17.16,Undergraduate,Research,4,FALSE,4
Business,Assignment Completed,5,2024,Qtr 4,October,23,17.78,Undergraduate,Studying,4,TRUE,5
Business,Assignment Completed,4.8,2024,Qtr 4,October,24,5.01,High School,Studying,1,TRUE,4
Business,Assignment Completed,5,2024,Qtr 4,October,26,17.51,Graduate,Coding,6,TRUE,5
Business,Assignment Completed,4.9,2024,Qtr 4,October,26,8.1,Graduate,Writing,2,TRUE,5
Business,Assignment Completed,3.6,2024,Qtr 4,October,26,22.59,Undergraduate,Coding,4,FALSE,4
Business,Assignment Completed,5,2024,Qtr 4,October,26,12.09,Undergraduate,Homework Help,3,TRUE,5
Business,Assignment Completed,2.1,2024,Qtr 4,October,27,25.35,Undergraduate,Studying,6,TRUE,2
Business,Assignment Completed,4.3,2024,Qtr 4,October,27,30.88,Undergraduate,Writing,7,FALSE,3
Business,Assignment Completed,2.4,2024,Qtr 4,October,28,9.87,Undergraduate,Research,2,FALSE,2
Business,Assignment Completed,6.9,2024,Qtr 4,October,28,38.86,Undergraduate,Writing,13,TRUE,6
Business,Assignment Completed,3.9,2024,Qtr 4,October,29,10.41,Undergraduate,Coding,3,TRUE,4
Business,Assignment Completed,5,2024,Qtr 4,October,29,4.87,Undergraduate,Writing,2,TRUE,4
Business,Assignment Completed,4.8,2024,Qtr 4,October,30,9.7,Graduate,Writing,3,TRUE,5
Business,Assignment Completed,4.4,2024,Qtr 4,October,30,10.15,Undergraduate,Homework Help,2,TRUE,4
Business,Assignment Completed,1.2,2024,Qtr 4,October,31,43.95,Graduate,Studying,8,TRUE,1
Business,Assignment Completed,4.2,2024,Qtr 4,October,31,13.59,Undergraduate,Coding,2,TRUE,4
Business,Assignment Completed,3.1,2024,Qtr 4,November,1,24.04,Undergraduate,Coding,9,TRUE,3
Business,Assignment Completed,5,2024,Qtr 4,November,3,9.79,High School,Studying,3,TRUE,5
Business,Assignment Completed,3.7,2024,Qtr 4,November,4,12.07,Graduate,Homework Help,2,TRUE,3
Business,Assignment Completed,2.2,2024,Qtr 4,November,5,27.9,Undergraduate,Coding,10,TRUE,3
Business,Assignment Completed,4.8,2024,Qtr 4,November,5,47.78,Undergraduate,Writing,21,FALSE,4
Business,Assignment Completed,3.3,2024,Qtr 4,November,7,19.4,Graduate,Coding,9,TRUE,3
Business,Assignment Completed,3.5,2024,Qtr 4,November,8,14.48,Graduate,Studying,5,FALSE,4
Business,Assignment Completed,5,2024,Qtr 4,November,8,33.94,Graduate,Studying,7,TRUE,5
Business,Assignment Completed,2.7,2024,Qtr 4,November,8,25.26,Undergraduate,Coding,8,FALSE,3
Business,Assignment Completed,3.3,2024,Qtr 4,November,9,18.75,Undergraduate,Writing,9,TRUE,4
Business,Assignment Completed,4.4,2024,Qtr 4,November,10,49.94,Graduate,Coding,24,TRUE,4
Business,Assignment Completed,3.7,2024,Qtr 4,November,10,20.05,Undergraduate,Studying,7,TRUE,4
Business,Assignment Completed,5,2024,Qtr 4,November,11,13.98,High School,Writing,6,TRUE,5
Business,Assignment Completed,4.3,2024,Qtr 4,November,12,23.75,Graduate,Writing,4,TRUE,4
Business,Assignment Completed,4.2,2024,Qtr 4,November,12,14.62,High School,Coding,5,TRUE,5
Business,Assignment Completed,6.7,2024,Qtr 4,November,12,50.66,Undergraduate,Writing,14,TRUE,8
Business,Assignment Completed,3.8,2024,Qtr 4,November,14,20.02,High School,Writing,5,TRUE,4
Business,Assignment Completed,1.2,2024,Qtr 4,November,14,34.2,Undergraduate,Coding,7,TRUE,1
Business,Assignment Completed,4.2,2024,Qtr 4,November,14,47.62,Undergraduate,Homework Help,23,TRUE,3
Business,Assignment Completed,4.9,2024,Qtr 4,November,14,48.86,Undergraduate,Studying,10,TRUE,5
Business,Assignment Completed,5,2024,Qtr 4,November,14,8.91,Undergraduate,Writing,4,FALSE,5
Business,Assignment Completed,3.1,2024,Qtr 4,November,14,48.74,Undergraduate,Writing,16,TRUE,3
Business,Assignment Completed,1,2024,Qtr 4,November,15,48.2,Graduate,Research,12,TRUE,3
Business,Assignment Completed,1.9,2024,Qtr 4,November,15,1.62,High School,Studying,1,TRUE,2
Business,Assignment Completed,3.9,2024,Qtr 4,November,15,5.47,Undergraduate,Homework Help,1,TRUE,4
Business,Assignment Completed,5,2024,Qtr 4,November,16,31.65,Undergraduate,Homework Help,11,FALSE,4
Business,Assignment Completed,4.9,2024,Qtr 4,November,16,17.23,Undergraduate,Homework Help,4,TRUE,5
Business,Assignment Completed,4.5,2024,Qtr 4,November,16,26.38,Undergraduate,Studying,7,TRUE,4
Business,Assignment Completed,4.2,2024,Qtr 4,November,17,38.28,High School,Coding,8,TRUE,3
Business,Assignment Completed,2.7,2024,Qtr 4,November,17,12.09,High School,Writing,3,TRUE,4
Business,Assignment Completed,3.3,2024,Qtr 4,November,17,44.94,Undergraduate,Homework Help,11,TRUE,4
Business,Assignment Completed,1.9,2024,Qtr 4,November,18,4.08,Undergraduate,Writing,1,FALSE,3
Business,Assignment Completed,2.3,2024,Qtr 4,November,19,27.84,Graduate,Coding,6,TRUE,3
Business,Assignment Completed,3.8,2024,Qtr 4,November,19,28.37,High School,Coding,12,TRUE,3
Business,Assignment Completed,3.9,2024,Qtr 4,November,19,6.99,High School,Homework Help,1,TRUE,4
Business,Assignment Completed,4.8,2024,Qtr 4,November,19,17.24,Undergraduate,Coding,3,FALSE,5
Business,Assignment Completed,3,2024,Qtr 4,November,20,16.34,Graduate,Writing,3,FALSE,3
Business,Assignment Completed,2.7,2024,Qtr 4,November,20,20.73,Undergraduate,Coding,6,FALSE,3
Business,Assignment Completed,1.6,2024,Qtr 4,November,21,2.35,Graduate,Homework Help,1,FALSE,2
Business,Assignment Completed,3.2,2024,Qtr 4,November,21,4.98,Undergraduate,Coding,1,TRUE,3
Business,Assignment Completed,1.8,2024,Qtr 4,November,22,9.59,Graduate,Homework Help,2,TRUE,4
Business,Assignment Completed,3.3,2024,Qtr 4,November,22,17.23,High School,Studying,4,TRUE,4
Business,Assignment Completed,3.3,2024,Qtr 4,November,23,40.74,High School,Coding,11,TRUE,3
Business,Assignment Completed,2.8,2024,Qtr 4,November,23,20.7,Undergraduate,Studying,5,TRUE,3
Business,Assignment Completed,3.9,2024,Qtr 4,November,23,9.88,Undergraduate,Writing,3,TRUE,4
Business,Assignment Completed,5.9,2024,Qtr 4,November,24,63.21,Undergraduate,Writing,14,TRUE,7
Business,Assignment Completed,4.8,2024,Qtr 4,November,25,26.72,Graduate,Coding,7,TRUE,5
Business,Assignment Completed,5,2024,Qtr 4,November,25,10.96,High School,Coding,2,TRUE,5
Business,Assignment Completed,3.2,2024,Qtr 4,November,25,39.76,High School,Research,14,TRUE,3
Business,Assignment Completed,2.2,2024,Qtr 4,November,25,21.93,Undergraduate,Studying,4,TRUE,2
Business,Assignment Completed,4.3,2024,Qtr 4,November,26,11.39,Graduate,Writing,3,FALSE,4
Business,Assignment Completed,2.3,2024,Qtr 4,November,26,6.48,Undergraduate,Homework Help,1,FALSE,3
Business,Assignment Completed,2.7,2024,Qtr 4,November,27,34.55,High School,Writing,7,TRUE,3
Business,Assignment Completed,2.9,2024,Qtr 4,November,28,14.98,Undergraduate,Homework Help,3,FALSE,3
Business,Assignment Completed,4,2024,Qtr 4,November,29,18.16,Graduate,Homework Help,5,FALSE,3
Business,Assignment Completed,4.2,2024,Qtr 4,November,29,36.93,Undergraduate,Studying,16,TRUE,4
Business,Assignment Completed,3.3,2024,Qtr 4,November,30,18.38,Graduate,Studying,8,TRUE,2
Business,Assignment Completed,3.8,2024,Qtr 4,December,1,2.68,High School,Writing,1,TRUE,3
Business,Assignment Completed,3.3,2024,Qtr 4,December,1,17.96,Undergraduate,Coding,4,TRUE,3
Business,Assignment Completed,4.1,2024,Qtr 4,December,2,19.12,High School,Studying,5,TRUE,3
Business,Assignment Completed,1.1,2024,Qtr 4,December,2,24.77,Undergraduate,Studying,10,TRUE,1
Business,Assignment Completed,4.1,2024,Qtr 4,December,3,3.13,Undergraduate,Writing,1,TRUE,5
Business,Assignment Completed,4.5,2024,Qtr 4,December,4,32.6,Undergraduate,Writing,15,TRUE,4
Business,Assignment Completed,1.8,2024,Qtr 4,December,5,17.08,Graduate,Writing,4,FALSE,1
Business,Assignment Completed,2.6,2024,Qtr 4,December,6,21.6,Undergraduate,Writing,6,TRUE,1
Business,Assignment Completed,4.4,2024,Qtr 4,December,7,21.35,Undergraduate,Writing,6,FALSE,4
Business,Assignment Completed,3.3,2024,Qtr 4,December,8,30.26,Undergraduate,Coding,8,TRUE,3
Business,Assignment Completed,3,2024,Qtr 4,December,8,48.9,Undergraduate,Studying,10,TRUE,2
Business,Assignment Completed,2.4,2024,Qtr 4,December,9,9.51,Undergraduate,Writing,4,TRUE,3
Business,Assignment Completed,2.1,2024,Qtr 4,December,10,3.32,Undergraduate,Coding,1,FALSE,2
Business,Assignment Completed,3.5,2024,Qtr 4,December,11,8.28,Undergraduate,Coding,3,TRUE,3
Business,Assignment Completed,2.8,2024,Qtr 4,December,11,25.63,Undergraduate,Research,5,TRUE,3
Business,Assignment Completed,4,2024,Qtr 4,December,12,5.7,Graduate,Homework Help,2,TRUE,4
Business,Assignment Completed,4.4,2024,Qtr 4,December,13,13.66,High School,Homework Help,4,FALSE,4
Business,Assignment Completed,6.4,2024,Qtr 4,December,15,24.01,Graduate,Writing,7,TRUE,6
Business,Assignment Completed,3.5,2024,Qtr 4,December,16,9.5,High School,Homework Help,1,FALSE,3
Business,Assignment Completed,1.8,2024,Qtr 4,December,16,10.52,Undergraduate,Homework Help,2,FALSE,3
Business,Assignment Completed,3,2024,Qtr 4,December,17,22.24,Undergraduate,Writing,4,TRUE,3
Business,Assignment Completed,3.5,2024,Qtr 4,December,18,8.12,Graduate,Writing,2,TRUE,3
Business,Assignment Completed,3.1,2024,Qtr 4,December,19,9.02,Undergraduate,Coding,2,FALSE,4
Business,Assignment Completed,4.8,2024,Qtr 4,December,19,26.56,Undergraduate,Coding,8,TRUE,4
Business,Assignment Completed,3.9,2024,Qtr 4,December,19,27.51,Undergraduate,Homework Help,12,TRUE,4
Business,Assignment Completed,1.8,2024,Qtr 4,December,20,11.79,High School,Coding,3,FALSE,2
Business,Assignment Completed,2.3,2024,Qtr 4,December,20,28.84,Undergraduate,Homework Help,6,TRUE,2
Business,Assignment Completed,5,2024,Qtr 4,December,22,36.43,High School,Coding,7,TRUE,5
Business,Assignment Completed,4.1,2024,Qtr 4,December,23,56.87,Undergraduate,Writing,15,TRUE,3
Business,Assignment Completed,1.8,2024,Qtr 4,December,24,8.4,Graduate,Coding,2,TRUE,2
Business,Assignment Completed,2.6,2024,Qtr 4,December,24,10.9,Undergraduate,Writing,3,TRUE,4
Business,Assignment Completed,1.6,2024,Qtr 4,December,25,31.23,Undergraduate,Coding,12,TRUE,3
Business,Assignment Completed,3.6,2024,Qtr 4,December,26,18.45,Undergraduate,Writing,3,FALSE,3
Business,Assignment Completed,4.5,2024,Qtr 4,December,27,2.78,Undergraduate,Writing,1,FALSE,4
Business,Assignment Completed,3,2024,Qtr 4,December,28,16.36,Undergraduate,Studying,5,TRUE,4
Business,Assignment Completed,1.5,2024,Qtr 4,December,28,3.83,Undergraduate,Writing,1,TRUE,2
Business,Assignment Completed,4.6,2024,Qtr 4,December,29,2.69,Graduate,Homework Help,1,TRUE,5
Business,Assignment Completed,1.9,2024,Qtr 4,December,29,27.71,High School,Coding,8,TRUE,3
Business,Assignment Completed,1,2024,Qtr 4,December,29,12.36,Undergraduate,Writing,5,TRUE,2
Business,Assignment Completed,3.7,2024,Qtr 4,December,30,38.21,High School,Writing,10,TRUE,3
Business,Assignment Completed,5,2024,Qtr 4,December,31,11.3,Graduate,Coding,2,TRUE,5
Business,Assignment Completed,5,2025,Qtr 1,January,1,17.07,Undergraduate,Coding,4,TRUE,4
Business,Assignment Completed,5,2025,Qtr 1,January,1,13.98,Undergraduate,Studying,6,TRUE,5
Business,Assignment Completed,6.8,2025,Qtr 1,January,1,22.27,Undergraduate,Writing,6,TRUE,7
Business,Assignment Completed,2.5,2025,Qtr 1,January,2,37.68,Graduate,Studying,8,TRUE,2
Business,Assignment Completed,1,2025,Qtr 1,January,2,20.85,High School,Coding,6,TRUE,2
Business,Assignment Completed,5,2025,Qtr 1,January,2,45.67,Undergraduate,Studying,9,TRUE,4
Business,Assignment Completed,4.4,2025,Qtr 1,January,3,10.87,Graduate,Writing,2,TRUE,3
Business,Assignment Completed,3.7,2025,Qtr 1,January,3,14.55,Undergraduate,Brainstorming,3,TRUE,3
Business,Assignment Completed,5,2025,Qtr 1,January,3,53.06,Undergraduate,Writing,16,TRUE,5
Business,Assignment Completed,4.4,2025,Qtr 1,January,5,16.12,High School,Coding,4,FALSE,4
Business,Assignment Completed,2.8,2025,Qtr 1,January,5,7.29,Undergraduate,Homework Help,1,FALSE,3
Business,Assignment Completed,3.1,2025,Qtr 1,January,5,8.44,Undergraduate,Writing,1,TRUE,3
Business,Assignment Completed,3.3,2025,Qtr 1,January,6,12.65,High School,Coding,5,TRUE,2
Business,Assignment Completed,3.3,2025,Qtr 1,January,6,16.2,Undergraduate,Homework Help,3,TRUE,4
Business,Assignment Completed,3,2025,Qtr 1,January,7,43.46,High School,Research,11,TRUE,4
Business,Assignment Completed,4.2,2025,Qtr 1,January,7,8.25,Undergraduate,Brainstorming,1,FALSE,4
Business,Assignment Completed,2.7,2025,Qtr 1,January,8,13,High School,Writing,3,TRUE,3
Business,Assignment Completed,4.5,2025,Qtr 1,January,8,29.22,Undergraduate,Coding,9,FALSE,4
Business,Assignment Completed,2,2025,Qtr 1,January,8,27.89,Undergraduate,Studying,13,FALSE,2
Business,Assignment Completed,4.9,2025,Qtr 1,January,9,11.11,Undergraduate,Homework Help,2,FALSE,5
Business,Assignment Completed,2.5,2025,Qtr 1,January,10,6.3,Graduate,Writing,1,TRUE,2
Business,Assignment Completed,2.7,2025,Qtr 1,January,11,14.18,High School,Writing,4,TRUE,3
Business,Assignment Completed,5,2025,Qtr 1,January,11,2.92,Undergraduate,Coding,1,TRUE,5
Business,Assignment Completed,3.2,2025,Qtr 1,January,12,48.37,Graduate,Homework Help,20,TRUE,3
Business,Assignment Completed,3.3,2025,Qtr 1,January,12,19.22,Undergraduate,Coding,5,TRUE,3
Business,Assignment Completed,5,2025,Qtr 1,January,13,23.44,Graduate,Coding,6,TRUE,5
Business,Assignment Completed,3.4,2025,Qtr 1,January,13,32.62,High School,Writing,6,TRUE,3
Business,Assignment Completed,3.2,2025,Qtr 1,January,13,61.31,Undergraduate,Studying,18,TRUE,3
Business,Assignment Completed,2.2,2025,Qtr 1,January,13,5.59,Undergraduate,Writing,1,TRUE,4
Business,Assignment Completed,2.9,2025,Qtr 1,January,14,21.51,Undergraduate,Writing,4,TRUE,3
Business,Assignment Completed,1.1,2025,Qtr 1,January,15,5.29,Graduate,Studying,1,TRUE,2
Business,Assignment Completed,4,2025,Qtr 1,January,15,6.21,High School,Studying,1,TRUE,4
Business,Assignment Completed,4.6,2025,Qtr 1,January,16,10.57,High School,Coding,3,TRUE,4
Business,Assignment Completed,3.3,2025,Qtr 1,January,16,15.14,Undergraduate,Coding,4,FALSE,4
Business,Assignment Completed,4.1,2025,Qtr 1,January,17,5.41,Graduate,Studying,1,FALSE,4
Business,Assignment Completed,4.5,2025,Qtr 1,January,17,13.59,Undergraduate,Coding,3,TRUE,4
Business,Assignment Completed,4.1,2025,Qtr 1,January,17,15.99,Undergraduate,Studying,3,TRUE,3
Business,Assignment Completed,3.7,2025,Qtr 1,January,18,22.2,High School,Coding,5,TRUE,3
Business,Assignment Completed,4.4,2025,Qtr 1,January,19,8.42,Graduate,Homework Help,3,TRUE,5
Business,Assignment Completed,2.7,2025,Qtr 1,January,19,5.95,High School,Coding,1,FALSE,4
Business,Assignment Completed,4.8,2025,Qtr 1,January,19,46.61,Undergraduate,Coding,13,TRUE,4
Business,Assignment Completed,1.9,2025,Qtr 1,January,20,18.08,Graduate,Research,5,TRUE,2
Business,Assignment Completed,3.9,2025,Qtr 1,January,21,19.17,High School,Coding,6,TRUE,3
Business,Assignment Completed,4.2,2025,Qtr 1,January,24,16.32,Graduate,Coding,3,TRUE,5
Business,Assignment Completed,4.1,2025,Qtr 1,January,24,14.88,High School,Homework Help,5,TRUE,3
Business,Assignment Completed,3.8,2025,Qtr 1,January,24,26.03,Undergraduate,Writing,11,TRUE,3
Business,Assignment Completed,1,2025,Qtr 1,January,25,20.27,Undergraduate,Coding,4,TRUE,2
Business,Assignment Completed,3.2,2025,Qtr 1,January,25,22.25,Undergraduate,Studying,4,FALSE,3
Business,Assignment Completed,4.8,2025,Qtr 1,January,25,6.11,Undergraduate,Writing,2,TRUE,5
Business,Assignment Completed,4,2025,Qtr 1,January,28,22.42,High School,Homework Help,9,TRUE,3
Business,Assignment Completed,3.6,2025,Qtr 1,January,28,31.93,Undergraduate,Coding,7,TRUE,4
Business,Assignment Completed,5,2025,Qtr 1,January,28,24.82,Undergraduate,Writing,6,TRUE,5
Business,Assignment Completed,4.6,2025,Qtr 1,January,29,20.76,Undergraduate,Coding,8,TRUE,5
Business,Assignment Completed,3.5,2025,Qtr 1,January,29,14.95,Undergraduate,Studying,6,FALSE,4
Business,Assignment Completed,2.9,2025,Qtr 1,January,29,18.27,Undergraduate,Writing,8,TRUE,3
Business,Assignment Completed,2.7,2025,Qtr 1,January,30,25.23,High School,Writing,5,TRUE,3
Business,Assignment Completed,9,2025,Qtr 1,January,31,33,Graduate,Writing,10,TRUE,9
Business,Assignment Completed,4.6,2025,Qtr 1,January,31,23.04,High School,Homework Help,9,TRUE,5
Business,Assignment Completed,1.8,2025,Qtr 1,January,31,84.75,Undergraduate,Homework Help,36,TRUE,2
Business,Assignment Completed,3.5,2025,Qtr 1,January,31,3.38,Undergraduate,Research,1,TRUE,3
Business,Assignment Completed,3.5,2025,Qtr 1,January,31,7.63,Undergraduate,Studying,3,FALSE,4
Business,Assignment Completed,2.5,2025,Qtr 1,January,31,65.59,Undergraduate,Writing,14,TRUE,3
Business,Assignment Completed,4.1,2025,Qtr 1,February,1,23.8,Undergraduate,Coding,7,FALSE,4
Business,Assignment Completed,2.1,2025,Qtr 1,February,1,4.59,Undergraduate,Homework Help,1,TRUE,3
Business,Assignment Completed,4.7,2025,Qtr 1,February,2,2.54,Graduate,Writing,1,TRUE,5
Business,Assignment Completed,2.8,2025,Qtr 1,February,2,51.19,Undergraduate,Homework Help,14,FALSE,3
Business,Assignment Completed,1,2025,Qtr 1,February,2,20.22,Undergraduate,Homework Help,6,TRUE,2
Business,Assignment Completed,3.7,2025,Qtr 1,February,3,13.28,High School,Writing,3,TRUE,3
Business,Assignment Completed,3.2,2025,Qtr 1,February,3,17.01,Undergraduate,Homework Help,5,FALSE,3
Business,Assignment Completed,3.5,2025,Qtr 1,February,5,18.89,Undergraduate,Writing,4,TRUE,3
Business,Assignment Completed,2,2025,Qtr 1,February,6,10.83,Undergraduate,Brainstorming,5,TRUE,1
Business,Assignment Completed,4.6,2025,Qtr 1,February,6,8.92,Undergraduate,Writing,2,TRUE,4
Business,Assignment Completed,3.9,2025,Qtr 1,February,7,61.57,High School,Brainstorming,18,TRUE,4
Business,Assignment Completed,3.3,2025,Qtr 1,February,7,9.6,Undergraduate,Research,3,FALSE,4
Business,Assignment Completed,2.1,2025,Qtr 1,February,8,11.01,High School,Homework Help,2,TRUE,3
Business,Assignment Completed,3.1,2025,Qtr 1,February,8,16.3,Undergraduate,Studying,5,TRUE,4
Business,Assignment Completed,5,2025,Qtr 1,February,8,29.91,Undergraduate,Writing,7,TRUE,4
Business,Assignment Completed,5,2025,Qtr 1,February,10,27.01,Undergraduate,Coding,7,FALSE,5
Business,Assignment Completed,2.3,2025,Qtr 1,February,10,14.25,Undergraduate,Studying,2,TRUE,3
Business,Assignment Completed,5,2025,Qtr 1,February,10,10.57,Undergraduate,Writing,2,TRUE,4
Business,Assignment Completed,3.8,2025,Qtr 1,February,11,27.41,Undergraduate,Writing,5,TRUE,4
Business,Assignment Completed,3.7,2025,Qtr 1,February,12,13.4,High School,Coding,2,TRUE,4
Business,Assignment Completed,2.7,2025,Qtr 1,February,13,5.66,Undergraduate,Research,1,TRUE,3
Business,Assignment Completed,4.8,2025,Qtr 1,February,13,4.59,Undergraduate,Writing,1,FALSE,5
Business,Assignment Completed,3.9,2025,Qtr 1,February,14,11.28,Graduate,Writing,5,TRUE,4
Business,Assignment Completed,4.4,2025,Qtr 1,February,14,5.79,Undergraduate,Homework Help,1,TRUE,5
Business,Assignment Completed,2.8,2025,Qtr 1,February,14,79.4,Undergraduate,Writing,18,FALSE,3
Business,Assignment Completed,3.1,2025,Qtr 1,February,15,24.01,High School,Homework Help,8,FALSE,4
Business,Assignment Completed,3.7,2025,Qtr 1,February,15,17.67,Undergraduate,Writing,3,TRUE,4
Business,Assignment Completed,4.6,2025,Qtr 1,February,17,11.94,Undergraduate,Writing,2,TRUE,4
Business,Assignment Completed,3.5,2025,Qtr 1,February,18,25.83,High School,Homework Help,6,TRUE,3
Business,Assignment Completed,2.2,2025,Qtr 1,February,19,19.17,Undergraduate,Studying,8,TRUE,3
Business,Assignment Completed,2.6,2025,Qtr 1,February,19,12.03,Undergraduate,Writing,4,TRUE,2
Business,Assignment Completed,4.7,2025,Qtr 1,February,20,39.41,High School,Homework Help,9,TRUE,4
Business,Assignment Completed,2.9,2025,Qtr 1,February,20,32.93,Undergraduate,Writing,7,TRUE,3
Business,Assignment Completed,3.6,2025,Qtr 1,February,21,29.67,High School,Writing,6,TRUE,4
Business,Assignment Completed,2.2,2025,Qtr 1,February,23,10.33,High School,Writing,2,FALSE,4
Business,Assignment Completed,4.6,2025,Qtr 1,February,23,6.64,Undergraduate,Coding,1,FALSE,4
Business,Assignment Completed,2.6,2025,Qtr 1,February,23,4.43,Undergraduate,Studying,2,TRUE,3
Business,Assignment Completed,4.6,2025,Qtr 1,February,24,34.14,Graduate,Writing,7,TRUE,4
Business,Assignment Completed,4.4,2025,Qtr 1,February,24,29.55,High School,Coding,6,FALSE,4
Business,Assignment Completed,2.1,2025,Qtr 1,February,24,7.69,Undergraduate,Homework Help,1,TRUE,3
Business,Assignment Completed,4.8,2025,Qtr 1,February,25,9.11,Graduate,Studying,3,TRUE,4
Business,Assignment Completed,1,2025,Qtr 1,February,26,18.34,High School,Coding,3,TRUE,2
Business,Assignment Completed,5,2025,Qtr 1,February,26,12.42,Undergraduate,Homework Help,3,TRUE,4
Business,Assignment Completed,2.5,2025,Qtr 1,February,27,30.96,Undergraduate,Studying,11,FALSE,3
Business,Assignment Completed,3,2025,Qtr 1,February,28,16.7,Graduate,Writing,3,TRUE,2
Business,Assignment Completed,7.4,2025,Qtr 1,February,28,50.59,Undergraduate,Homework Help,10,TRUE,7
Business,Assignment Completed,5,2025,Qtr 1,February,28,46.51,Undergraduate,Writing,17,TRUE,5
Business,Assignment Completed,4.8,2025,Qtr 1,March,1,28.27,High School,Studying,13,TRUE,5
Business,Assignment Completed,1.4,2025,Qtr 1,March,1,3.86,Undergraduate,Homework Help,1,TRUE,1
Business,Assignment Completed,2.9,2025,Qtr 1,March,1,15.6,Undergraduate,Studying,5,FALSE,3
Business,Assignment Completed,2.8,2025,Qtr 1,March,2,30.12,Graduate,Coding,12,TRUE,3
Business,Assignment Completed,2.1,2025,Qtr 1,March,2,3.48,Graduate,Writing,1,FALSE,2
Business,Assignment Completed,3,2025,Qtr 1,March,2,13.68,Graduate,Writing,2,TRUE,3
Business,Assignment Completed,5,2025,Qtr 1,March,3,46.19,High School,Writing,11,TRUE,4
Business,Assignment Completed,4.5,2025,Qtr 1,March,3,9.58,Undergraduate,Writing,3,TRUE,4
Business,Assignment Completed,3.1,2025,Qtr 1,March,5,6.07,High School,Coding,1,FALSE,2
Business,Assignment Completed,3,2025,Qtr 1,March,6,26.64,Graduate,Writing,12,TRUE,4
Business,Assignment Completed,2.6,2025,Qtr 1,March,6,63.25,Undergraduate,Brainstorming,13,FALSE,3
Business,Assignment Completed,2.6,2025,Qtr 1,March,6,40.58,Undergraduate,Writing,16,TRUE,3
Business,Assignment Completed,3.2,2025,Qtr 1,March,7,6.77,Graduate,Coding,1,TRUE,3
Business,Assignment Completed,2.8,2025,Qtr 1,March,7,12.97,Undergraduate,Homework Help,6,FALSE,2
Business,Assignment Completed,1.2,2025,Qtr 1,March,7,54.52,Undergraduate,Studying,11,TRUE,2
Business,Assignment Completed,2.8,2025,Qtr 1,March,7,20.52,Undergraduate,Writing,5,TRUE,3
Business,Assignment Completed,4.1,2025,Qtr 1,March,8,24.38,Graduate,Homework Help,7,TRUE,4
Business,Assignment Completed,2.4,2025,Qtr 1,March,8,49.64,Undergraduate,Brainstorming,13,TRUE,3
Business,Assignment Completed,6.6,2025,Qtr 1,March,8,59.72,Undergraduate,Coding,18,TRUE,6
Business,Assignment Completed,3.3,2025,Qtr 1,March,9,24.97,High School,Writing,9,TRUE,4
Business,Assignment Completed,3.2,2025,Qtr 1,March,9,16.84,Undergraduate,Homework Help,5,TRUE,3
Business,Assignment Completed,5,2025,Qtr 1,March,10,14.65,Undergraduate,Coding,4,TRUE,4
Business,Assignment Completed,4.5,2025,Qtr 1,March,11,3.84,Graduate,Homework Help,1,TRUE,4
Business,Assignment Completed,4.6,2025,Qtr 1,March,15,13.67,High School,Writing,4,FALSE,5
Business,Assignment Completed,2,2025,Qtr 1,March,15,13.56,Undergraduate,Homework Help,5,TRUE,2
Business,Assignment Completed,4.6,2025,Qtr 1,March,16,17.27,Graduate,Coding,4,TRUE,4
Business,Assignment Completed,5,2025,Qtr 1,March,16,7.26,Graduate,Studying,1,TRUE,5
Business,Assignment Completed,2.4,2025,Qtr 1,March,16,52.74,Undergraduate,Coding,12,TRUE,3
Business,Assignment Completed,3.2,2025,Qtr 1,March,16,7.29,Undergraduate,Writing,2,FALSE,2
Business,Assignment Completed,4,2025,Qtr 1,March,16,21.58,Undergraduate,Writing,4,TRUE,2
Business,Assignment Completed,2.9,2025,Qtr 1,March,17,15.86,High School,Studying,4,TRUE,2
Business,Assignment Completed,5,2025,Qtr 1,March,17,7.54,Undergraduate,Coding,2,TRUE,4
Business,Assignment Completed,4.3,2025,Qtr 1,March,17,38.68,Undergraduate,Writing,10,TRUE,3
Business,Assignment Completed,2.8,2025,Qtr 1,March,18,50.52,Graduate,Writing,24,TRUE,2
Business,Assignment Completed,3.5,2025,Qtr 1,March,18,28.93,High School,Writing,6,TRUE,3
Business,Assignment Completed,4,2025,Qtr 1,March,18,28.44,Undergraduate,Coding,7,FALSE,4
Business,Assignment Completed,3.4,2025,Qtr 1,March,18,50.52,Undergraduate,Coding,12,TRUE,3
Business,Assignment Completed,4.7,2025,Qtr 1,March,18,17.65,Undergraduate,Studying,4,TRUE,5
Business,Assignment Completed,1,2025,Qtr 1,March,19,6.84,Undergraduate,Coding,1,FALSE,2
Business,Assignment Completed,3.1,2025,Qtr 1,March,19,30.46,Undergraduate,Homework Help,6,TRUE,4
Business,Assignment Completed,3.9,2025,Qtr 1,March,19,14.28,Undergraduate,Writing,5,TRUE,5
Business,Assignment Completed,3.4,2025,Qtr 1,March,20,2.72,Undergraduate,Homework Help,1,FALSE,4
Business,Assignment Completed,3.5,2025,Qtr 1,March,20,17.08,Undergraduate,Writing,6,FALSE,3
Business,Assignment Completed,4.6,2025,Qtr 1,March,21,8.06,Undergraduate,Brainstorming,2,TRUE,4
Business,Assignment Completed,2.9,2025,Qtr 1,March,21,24.15,Undergraduate,Coding,9,FALSE,4
Business,Assignment Completed,4.9,2025,Qtr 1,March,21,13.77,Undergraduate,Homework Help,2,TRUE,5
Business,Assignment Completed,2.5,2025,Qtr 1,March,22,22.66,Graduate,Homework Help,4,TRUE,3
Business,Assignment Completed,1,2025,Qtr 1,March,22,11.79,Undergraduate,Studying,5,TRUE,2
Business,Assignment Completed,3.1,2025,Qtr 1,March,22,27.05,Undergraduate,Writing,10,TRUE,2
Business,Assignment Completed,5,2025,Qtr 1,March,23,20.97,High School,Writing,10,TRUE,5
Business,Assignment Completed,3.7,2025,Qtr 1,March,23,18.23,Undergraduate,Studying,4,TRUE,4
Business,Assignment Completed,1.5,2025,Qtr 1,March,23,16.77,Undergraduate,Writing,4,TRUE,2
Business,Assignment Completed,4.1,2025,Qtr 1,March,26,16.26,Graduate,Writing,4,TRUE,4
Business,Assignment Completed,4.5,2025,Qtr 1,March,27,2.56,High School,Homework Help,1,FALSE,5
Business,Assignment Completed,3.2,2025,Qtr 1,March,28,22.58,Undergraduate,Studying,7,TRUE,4
Business,Assignment Completed,5,2025,Qtr 1,March,28,34.54,Undergraduate,Writing,12,TRUE,4
Business,Assignment Completed,3.2,2025,Qtr 1,March,29,16.64,Undergraduate,Brainstorming,6,TRUE,3
Business,Assignment Completed,3.3,2025,Qtr 1,March,30,16.11,Undergraduate,Brainstorming,3,TRUE,3
Business,Assignment Completed,4.9,2025,Qtr 1,March,30,17.4,Undergraduate,Coding,4,FALSE,5
Business,Assignment Completed,5.5,2025,Qtr 1,March,30,37.34,Undergraduate,Coding,9,TRUE,6
Business,Assignment Completed,4.4,2025,Qtr 2,April,1,6.16,Undergraduate,Writing,1,FALSE,4
Business,Assignment Completed,5,2025,Qtr 2,April,2,19.56,Undergraduate,Coding,4,TRUE,5
Business,Assignment Completed,3.3,2025,Qtr 2,April,2,23.94,Undergraduate,Homework Help,8,TRUE,3
Business,Assignment Completed,3.6,2025,Qtr 2,April,3,51.28,High School,Homework Help,12,FALSE,4
Business,Assignment Completed,4.8,2025,Qtr 2,April,3,50.79,High School,Studying,16,TRUE,5
Business,Assignment Completed,1.9,2025,Qtr 2,April,5,8.06,Undergraduate,Studying,2,TRUE,2
Business,Assignment Completed,4.2,2025,Qtr 2,April,6,36.76,Graduate,Studying,14,TRUE,4
Business,Assignment Completed,1,2025,Qtr 2,April,6,3.49,High School,Writing,1,FALSE,2
Business,Assignment Completed,2.8,2025,Qtr 2,April,6,9.06,Undergraduate,Homework Help,3,FALSE,3
Business,Assignment Completed,1.1,2025,Qtr 2,April,7,14.27,Undergraduate,Coding,3,TRUE,2
Business,Assignment Completed,5,2025,Qtr 2,April,8,5.24,High School,Homework Help,1,TRUE,5
Business,Assignment Completed,2.8,2025,Qtr 2,April,10,9.57,Undergraduate,Research,2,FALSE,3
Business,Assignment Completed,2,2025,Qtr 2,April,11,34.69,High School,Coding,13,FALSE,1
Business,Assignment Completed,4.4,2025,Qtr 2,April,11,13.03,High School,Studying,4,FALSE,4
Business,Assignment Completed,3.3,2025,Qtr 2,April,11,27.85,High School,Writing,5,FALSE,4
Business,Assignment Completed,8.3,2025,Qtr 2,April,11,26.29,Undergraduate,Coding,4,TRUE,7
Business,Assignment Completed,5.3,2025,Qtr 2,April,11,24.94,Undergraduate,Homework Help,5,TRUE,7
Business,Assignment Completed,3.4,2025,Qtr 2,April,11,15.29,Undergraduate,Writing,3,FALSE,4
Business,Assignment Completed,6.2,2025,Qtr 2,April,11,13.51,Undergraduate,Writing,6,TRUE,5
Business,Assignment Completed,1.4,2025,Qtr 2,April,12,2.18,High School,Coding,1,TRUE,2
Business,Assignment Completed,7.9,2025,Qtr 2,April,13,28.38,Undergraduate,Writing,6,TRUE,7
Business,Assignment Completed,3.9,2025,Qtr 2,April,15,8.79,Graduate,Writing,3,TRUE,5
Business,Assignment Completed,4,2025,Qtr 2,April,15,57.76,Undergraduate,Studying,17,TRUE,5
Business,Assignment Completed,4.1,2025,Qtr 2,April,16,13.98,High School,Studying,4,TRUE,4
Business,Assignment Completed,3.8,2025,Qtr 2,April,16,19.03,Undergraduate,Homework Help,9,TRUE,4
Business,Assignment Completed,5,2025,Qtr 2,April,17,16.42,Graduate,Homework Help,6,TRUE,5
Business,Assignment Completed,4.1,2025,Qtr 2,April,18,12.08,High School,Studying,5,TRUE,5
Business,Assignment Completed,3.5,2025,Qtr 2,April,21,2.78,Graduate,Homework Help,1,TRUE,4
Business,Assignment Completed,3.5,2025,Qtr 2,April,21,4.58,Undergraduate,Homework Help,1,TRUE,3
Business,Assignment Completed,4.3,2025,Qtr 2,April,22,5.96,Graduate,Writing,2,TRUE,4
Business,Assignment Completed,5,2025,Qtr 2,April,22,17.87,Undergraduate,Writing,4,FALSE,3
Business,Assignment Completed,5.3,2025,Qtr 2,April,23,15.89,High School,Coding,5,TRUE,7
Business,Assignment Completed,2.1,2025,Qtr 2,April,24,20.52,Graduate,Homework Help,6,TRUE,3
Business,Assignment Completed,2.5,2025,Qtr 2,April,24,27.25,Graduate,Studying,5,FALSE,3
Business,Assignment Completed,3.5,2025,Qtr 2,April,24,36.21,High School,Homework Help,17,TRUE,3
Business,Assignment Completed,5,2025,Qtr 2,April,25,9.87,Graduate,Research,2,FALSE,5
Business,Assignment Completed,1.1,2025,Qtr 2,April,25,8.01,High School,Coding,3,FALSE,2
Business,Assignment Completed,4.1,2025,Qtr 2,April,25,20.9,Undergraduate,Coding,4,TRUE,4
Business,Assignment Completed,4.6,2025,Qtr 2,April,26,2.38,Undergraduate,Coding,1,TRUE,4
Business,Assignment Completed,5,2025,Qtr 2,April,29,29.41,Graduate,Coding,8,TRUE,4
Business,Assignment Completed,3.6,2025,Qtr 2,April,29,8,Undergraduate,Coding,1,TRUE,4
Business,Assignment Completed,3.5,2025,Qtr 2,April,29,20.03,Undergraduate,Studying,9,FALSE,3
Business,Assignment Completed,1.4,2025,Qtr 2,April,29,18.66,Undergraduate,Writing,6,TRUE,2
Business,Assignment Completed,4.4,2025,Qtr 2,May,3,13.48,High School,Brainstorming,2,FALSE,5
Business,Assignment Completed,2.9,2025,Qtr 2,May,3,11.06,Undergraduate,Homework Help,2,TRUE,3
Business,Assignment Completed,4,2025,Qtr 2,May,4,13.61,Graduate,Studying,5,TRUE,5
Business,Assignment Completed,5,2025,Qtr 2,May,4,7.24,Undergraduate,Writing,2,TRUE,5
Business,Assignment Completed,3.5,2025,Qtr 2,May,5,15.33,Undergraduate,Studying,5,TRUE,3
Business,Assignment Completed,1.5,2025,Qtr 2,May,6,7.17,Graduate,Coding,2,FALSE,1
Business,Assignment Completed,4.5,2025,Qtr 2,May,6,4.13,High School,Coding,1,TRUE,5
Business,Assignment Completed,5,2025,Qtr 2,May,6,12.25,Undergraduate,Writing,3,FALSE,5
Business,Assignment Completed,2,2025,Qtr 2,May,7,4.27,High School,Coding,2,TRUE,3
Business,Assignment Completed,1.6,2025,Qtr 2,May,7,26.41,High School,Homework Help,9,TRUE,2
Business,Assignment Completed,5,2025,Qtr 2,May,7,19.08,High School,Writing,4,TRUE,4
Business,Assignment Completed,3.1,2025,Qtr 2,May,7,6.43,Undergraduate,Coding,2,FALSE,3
Business,Assignment Completed,3.6,2025,Qtr 2,May,8,42.56,High School,Studying,11,TRUE,4
Business,Assignment Completed,2.6,2025,Qtr 2,May,8,17.25,Undergraduate,Studying,3,TRUE,4
Business,Assignment Completed,4.9,2025,Qtr 2,May,8,8.55,Undergraduate,Writing,3,TRUE,5
Business,Assignment Completed,3.1,2025,Qtr 2,May,9,12.4,Graduate,Homework Help,4,TRUE,3
Business,Assignment Completed,2.4,2025,Qtr 2,May,9,10.03,High School,Brainstorming,3,TRUE,2
Business,Assignment Completed,3.2,2025,Qtr 2,May,9,4.87,Undergraduate,Coding,1,TRUE,4
Business,Assignment Completed,2.8,2025,Qtr 2,May,9,9.08,Undergraduate,Research,3,TRUE,3
Business,Assignment Completed,1.2,2025,Qtr 2,May,10,15.74,Undergraduate,Coding,5,TRUE,3
Business,Assignment Completed,4.2,2025,Qtr 2,May,10,11.02,Undergraduate,Homework Help,2,TRUE,4
Business,Assignment Completed,2.4,2025,Qtr 2,May,11,2.57,High School,Coding,1,FALSE,4
Business,Assignment Completed,2.5,2025,Qtr 2,May,11,49.99,Undergraduate,Coding,12,TRUE,3
Business,Assignment Completed,4,2025,Qtr 2,May,11,15.16,Undergraduate,Studying,3,TRUE,4
Business,Assignment Completed,2.6,2025,Qtr 2,May,11,40.4,Undergraduate,Writing,11,TRUE,3
Business,Assignment Completed,4.3,2025,Qtr 2,May,13,6.98,High School,Studying,2,TRUE,4
Business,Assignment Completed,3.7,2025,Qtr 2,May,13,20.09,Undergraduate,Brainstorming,5,TRUE,4
Business,Assignment Completed,5,2025,Qtr 2,May,15,29.84,Undergraduate,Research,5,TRUE,4
Business,Assignment Completed,3.2,2025,Qtr 2,May,15,9.74,Undergraduate,Studying,2,TRUE,3
Business,Assignment Completed,3.9,2025,Qtr 2,May,16,43.77,High School,Homework Help,14,FALSE,4
Business,Assignment Completed,2.5,2025,Qtr 2,May,17,26.35,Graduate,Writing,6,TRUE,3
Business,Assignment Completed,2.8,2025,Qtr 2,May,17,20.17,Undergraduate,Writing,6,TRUE,3
Business,Assignment Completed,4.7,2025,Qtr 2,May,18,3.56,Undergraduate,Brainstorming,1,TRUE,5
Business,Assignment Completed,3.6,2025,Qtr 2,May,18,3.97,Undergraduate,Studying,1,FALSE,5
Business,Assignment Completed,5,2025,Qtr 2,May,19,26.67,Undergraduate,Coding,7,TRUE,5
Business,Assignment Completed,4.6,2025,Qtr 2,May,19,10.61,Undergraduate,Writing,2,FALSE,5
Business,Assignment Completed,2.2,2025,Qtr 2,May,20,42.36,High School,Writing,14,TRUE,2
Business,Assignment Completed,4.3,2025,Qtr 2,May,20,15.38,Undergraduate,Homework Help,5,TRUE,5
Business,Assignment Completed,1,2025,Qtr 2,May,21,12.53,High School,Studying,3,TRUE,2
Business,Assignment Completed,4.8,2025,Qtr 2,May,21,87.46,Undergraduate,Coding,29,TRUE,5
Business,Assignment Completed,4.6,2025,Qtr 2,May,22,54.36,Undergraduate,Homework Help,22,TRUE,3
Business,Assignment Completed,4.1,2025,Qtr 2,May,22,7.09,Undergraduate,Studying,2,TRUE,4
Business,Assignment Completed,4.5,2025,Qtr 2,May,23,1.61,Undergraduate,Writing,1,TRUE,4
Business,Assignment Completed,4.3,2025,Qtr 2,May,24,19.75,Undergraduate,Coding,4,TRUE,3
Business,Assignment Completed,4.6,2025,Qtr 2,May,25,16.45,Undergraduate,Writing,5,TRUE,4
Business,Assignment Completed,5,2025,Qtr 2,May,26,37.43,Undergraduate,Homework Help,10,TRUE,4
Business,Assignment Completed,2.1,2025,Qtr 2,May,27,8.13,High School,Writing,1,TRUE,3
Business,Assignment Completed,8.2,2025,Qtr 2,May,27,70.18,Undergraduate,Coding,16,TRUE,9
Business,Assignment Completed,2.8,2025,Qtr 2,May,27,20.94,Undergraduate,Studying,6,TRUE,3
Business,Assignment Completed,3.7,2025,Qtr 2,May,29,17.11,Undergraduate,Studying,6,TRUE,4
Business,Assignment Completed,3.9,2025,Qtr 2,May,29,0.96,Undergraduate,Writing,1,TRUE,4
Business,Assignment Completed,3.3,2025,Qtr 2,May,30,34.29,Undergraduate,Coding,9,TRUE,3
Business,Assignment Completed,1.7,2025,Qtr 2,May,31,24.5,Graduate,Coding,6,TRUE,2
Business,Assignment Completed,1,2025,Qtr 2,May,31,40.13,Graduate,Homework Help,13,FALSE,3
Business,Assignment Completed,2.9,2025,Qtr 2,May,31,20.52,Undergraduate,Coding,4,TRUE,4
Business,Assignment Completed,4.7,2025,Qtr 2,June,1,23.6,Undergraduate,Writing,6,FALSE,5
Business,Assignment Completed,2.6,2025,Qtr 2,June,2,13.27,Undergraduate,Homework Help,2,TRUE,3
Business,Assignment Completed,4,2025,Qtr 2,June,2,15.98,Undergraduate,Writing,4,TRUE,4
Business,Assignment Completed,3.3,2025,Qtr 2,June,3,20.02,Undergraduate,Writing,8,FALSE,4
Business,Assignment Completed,2.3,2025,Qtr 2,June,4,22.12,Undergraduate,Coding,5,TRUE,3
Business,Assignment Completed,4.8,2025,Qtr 2,June,4,34.83,Undergraduate,Homework Help,8,TRUE,4
Business,Assignment Completed,2,2025,Qtr 2,June,5,30.43,Graduate,Research,8,TRUE,3
Business,Assignment Completed,5,2025,Qtr 2,June,6,41.3,Undergraduate,Homework Help,10,TRUE,5
Business,Assignment Completed,3.2,2025,Qtr 2,June,7,24.54,Undergraduate,Coding,10,TRUE,3
Business,Assignment Completed,2.9,2025,Qtr 2,June,7,5.03,Undergraduate,Homework Help,1,FALSE,3
Business,Assignment Completed,1.8,2025,Qtr 2,June,7,13.88,Undergraduate,Writing,2,TRUE,2
Business,Assignment Completed,1.6,2025,Qtr 2,June,9,15.74,Graduate,Homework Help,3,TRUE,2
Business,Assignment Completed,4.7,2025,Qtr 2,June,9,23.78,Undergraduate,Writing,5,TRUE,4
Business,Assignment Completed,2.4,2025,Qtr 2,June,10,11.4,Graduate,Writing,5,TRUE,3
Business,Assignment Completed,3.1,2025,Qtr 2,June,10,13.49,High School,Research,3,TRUE,3
Business,Assignment Completed,5,2025,Qtr 2,June,10,14.04,Undergraduate,Research,3,FALSE,5
Business,Assignment Completed,1.1,2025,Qtr 2,June,10,24.92,Undergraduate,Writing,6,TRUE,1
Business,Assignment Completed,4.7,2025,Qtr 2,June,11,3.74,Graduate,Writing,1,TRUE,5
Business,Assignment Completed,3.8,2025,Qtr 2,June,12,3.64,Undergraduate,Homework Help,1,TRUE,4
Business,Assignment Completed,4.3,2025,Qtr 2,June,13,20.79,High School,Homework Help,5,TRUE,4
Business,Assignment Completed,4.6,2025,Qtr 2,June,14,15.87,High School,Studying,4,TRUE,5
Business,Assignment Completed,3.3,2025,Qtr 2,June,14,75.48,Undergraduate,Studying,23,TRUE,2
Business,Assignment Completed,5.3,2025,Qtr 2,June,14,30.06,Undergraduate,Writing,6,TRUE,6
Business,Assignment Completed,5,2025,Qtr 2,June,15,21.97,High School,Studying,5,FALSE,5
Business,Assignment Completed,3.4,2025,Qtr 2,June,15,19.55,Undergraduate,Homework Help,6,TRUE,4
Business,Assignment Completed,3.5,2025,Qtr 2,June,15,16.06,Undergraduate,Writing,4,TRUE,4
Business,Assignment Completed,6.8,2025,Qtr 2,June,16,23.61,Undergraduate,Homework Help,7,TRUE,8
Business,Assignment Completed,3.3,2025,Qtr 2,June,17,16.89,High School,Homework Help,7,TRUE,3
Business,Assignment Completed,3.3,2025,Qtr 2,June,17,13.04,Undergraduate,Coding,3,TRUE,3
Business,Assignment Completed,3.3,2025,Qtr 2,June,18,8.15,Undergraduate,Brainstorming,1,TRUE,3
Business,Assignment Completed,5,2025,Qtr 2,June,20,9.63,Undergraduate,Coding,3,FALSE,4
Business,Assignment Completed,1,2025,Qtr 2,June,21,14.23,Graduate,Research,3,TRUE,2
Business,Assignment Completed,3.5,2025,Qtr 2,June,22,15.51,Undergraduate,Brainstorming,4,TRUE,4
Business,Assignment Completed,3.4,2025,Qtr 2,June,22,35.22,Undergraduate,Studying,7,FALSE,4
Business,Assignment Completed,6.5,2025,Qtr 2,June,22,32.88,Undergraduate,Writing,10,TRUE,7
Business,Assignment Completed,2,2025,Qtr 2,June,23,32.04,Undergraduate,Coding,12,FALSE,2
Business,Assignment Completed,5,2025,Qtr 2,June,24,19.79,High School,Coding,3,TRUE,4
Business,Confused,3.4,2024,Qtr 2,June,25,19.22,Undergraduate,Research,7,FALSE,4
Business,Confused,3.9,2024,Qtr 2,June,25,8.63,Undergraduate,Studying,1,FALSE,4
Business,Confused,2.9,2024,Qtr 2,June,30,24.06,Undergraduate,Coding,7,FALSE,4
Business,Confused,3.4,2024,Qtr 3,July,1,19.54,Undergraduate,Studying,4,FALSE,4
Business,Confused,2.4,2024,Qtr 3,July,6,10.18,High School,Research,2,FALSE,3
Business,Confused,4.4,2024,Qtr 3,July,6,33.28,Undergraduate,Research,9,FALSE,4
Business,Confused,2.5,2024,Qtr 3,July,8,20.49,Undergraduate,Writing,7,FALSE,2
Business,Confused,4,2024,Qtr 3,July,9,2.23,Undergraduate,Homework Help,1,TRUE,4
Business,Confused,3.2,2024,Qtr 3,July,12,9.28,Undergraduate,Studying,1,TRUE,4
Business,Confused,2.4,2024,Qtr 3,July,12,15.73,Undergraduate,Writing,6,FALSE,3
Business,Confused,2.6,2024,Qtr 3,July,13,18.17,Undergraduate,Research,5,FALSE,3
Business,Confused,2.5,2024,Qtr 3,July,14,42.64,Undergraduate,Homework Help,10,TRUE,3
Business,Confused,5,2024,Qtr 3,July,14,15.55,Undergraduate,Writing,3,FALSE,5
Business,Confused,3,2024,Qtr 3,July,17,11.3,High School,Coding,2,TRUE,3
Business,Confused,3.1,2024,Qtr 3,July,18,14.81,Graduate,Brainstorming,3,TRUE,3
Business,Confused,3.6,2024,Qtr 3,July,18,12.77,Graduate,Studying,3,FALSE,3
Business,Confused,1.2,2024,Qtr 3,July,18,27.28,High School,Homework Help,7,FALSE,1
Business,Confused,1.7,2024,Qtr 3,July,20,31.66,Undergraduate,Studying,8,TRUE,3
Business,Confused,3.5,2024,Qtr 3,July,24,15.67,High School,Writing,3,FALSE,4
Business,Confused,3,2024,Qtr 3,July,27,7.21,Undergraduate,Homework Help,2,FALSE,3
Business,Confused,3.8,2024,Qtr 3,July,28,13.23,High School,Coding,5,TRUE,3
Business,Confused,3.4,2024,Qtr 3,July,28,5.94,Undergraduate,Homework Help,1,FALSE,3
Business,Confused,3.4,2024,Qtr 3,July,30,5.03,High School,Studying,1,FALSE,3
Business,Confused,2.7,2024,Qtr 3,July,31,19.94,Undergraduate,Coding,6,TRUE,3
Business,Confused,3.2,2024,Qtr 3,August,3,12.1,Undergraduate,Studying,5,FALSE,3
Business,Confused,2.4,2024,Qtr 3,August,3,9.68,Undergraduate,Writing,2,FALSE,2
Business,Confused,1.5,2024,Qtr 3,August,4,16.63,High School,Studying,4,FALSE,1
Business,Confused,2.5,2024,Qtr 3,August,6,10.82,Undergraduate,Studying,3,FALSE,3
Business,Confused,4.6,2024,Qtr 3,August,7,23.07,Graduate,Coding,8,TRUE,4
Business,Confused,4.9,2024,Qtr 3,August,7,4.43,High School,Coding,1,TRUE,5
Business,Confused,4.5,2024,Qtr 3,August,11,27.51,Undergraduate,Coding,7,TRUE,4
Business,Confused,2.8,2024,Qtr 3,August,12,19.81,Undergraduate,Homework Help,4,FALSE,3
Business,Confused,8.6,2024,Qtr 3,August,15,32.7,Graduate,Homework Help,9,FALSE,8
Business,Confused,2.3,2024,Qtr 3,August,17,20.11,Undergraduate,Coding,8,TRUE,3
Business,Confused,3.6,2024,Qtr 3,August,17,4.59,Undergraduate,Research,2,TRUE,4
Business,Confused,5,2024,Qtr 3,August,18,31.51,High School,Studying,11,FALSE,5
Business,Confused,1,2024,Qtr 3,August,19,15.93,Undergraduate,Homework Help,3,FALSE,2
Business,Confused,3.9,2024,Qtr 3,August,22,4.71,Undergraduate,Writing,1,TRUE,4
Business,Confused,4.8,2024,Qtr 3,August,24,6.42,Graduate,Homework Help,1,TRUE,4
Business,Confused,4.8,2024,Qtr 3,August,28,17.58,Graduate,Studying,5,TRUE,5
Business,Confused,7.5,2024,Qtr 3,August,28,33.2,Undergraduate,Studying,8,TRUE,9
Business,Confused,1.4,2024,Qtr 3,August,30,16.93,Undergraduate,Writing,5,FALSE,2
Business,Confused,3.8,2024,Qtr 3,August,31,13.85,Undergraduate,Coding,4,FALSE,4
Business,Confused,1.9,2024,Qtr 3,September,9,33.04,Undergraduate,Brainstorming,9,FALSE,3
Business,Confused,4.8,2024,Qtr 3,September,12,2.38,Graduate,Writing,1,FALSE,5
Business,Confused,3.8,2024,Qtr 3,September,12,23,Undergraduate,Coding,5,FALSE,3
Business,Confused,4.6,2024,Qtr 3,September,13,51.11,Undergraduate,Writing,14,TRUE,4
Business,Confused,3.9,2024,Qtr 3,September,20,16.66,Undergraduate,Brainstorming,4,FALSE,4
Business,Confused,3.4,2024,Qtr 3,September,23,24.44,Undergraduate,Studying,7,TRUE,4
Business,Confused,5,2024,Qtr 3,September,25,13.42,Graduate,Coding,5,FALSE,5
Business,Confused,2.4,2024,Qtr 3,September,26,5.98,Undergraduate,Coding,2,FALSE,4
Business,Confused,4.5,2024,Qtr 4,October,1,39.95,High School,Studying,19,FALSE,5
Business,Confused,5,2024,Qtr 4,October,2,37.82,Graduate,Writing,8,FALSE,4
Business,Confused,3.3,2024,Qtr 4,October,3,13.5,High School,Studying,3,FALSE,4
Business,Confused,3.5,2024,Qtr 4,October,5,8.76,High School,Homework Help,2,FALSE,4
Business,Confused,2.4,2024,Qtr 4,October,5,16.71,Undergraduate,Studying,3,FALSE,3
Business,Confused,2.1,2024,Qtr 4,October,6,3.25,Undergraduate,Brainstorming,1,TRUE,2
Business,Confused,2.8,2024,Qtr 4,October,6,15.52,Undergraduate,Studying,4,FALSE,2
Business,Confused,4,2024,Qtr 4,October,8,13.72,Undergraduate,Homework Help,3,TRUE,4
Business,Confused,8.1,2024,Qtr 4,October,10,20.05,Undergraduate,Coding,4,FALSE,9
Business,Confused,4.2,2024,Qtr 4,October,10,12.61,Undergraduate,Homework Help,5,TRUE,5
Business,Confused,2.1,2024,Qtr 4,October,12,11.1,High School,Coding,2,FALSE,2
Business,Confused,3.3,2024,Qtr 4,October,14,10.76,Undergraduate,Brainstorming,3,FALSE,4
Business,Confused,3.7,2024,Qtr 4,October,14,17.95,Undergraduate,Homework Help,4,TRUE,3
Business,Confused,1.9,2024,Qtr 4,October,15,16.15,Graduate,Coding,4,TRUE,2
Business,Confused,3,2024,Qtr 4,October,15,7.85,Undergraduate,Writing,2,FALSE,5
Business,Confused,2.4,2024,Qtr 4,October,20,8.78,Graduate,Writing,2,FALSE,3
Business,Confused,5,2024,Qtr 4,October,20,9.28,Undergraduate,Writing,2,FALSE,4
Business,Confused,2.8,2024,Qtr 4,October,22,21.37,High School,Studying,4,FALSE,2
Business,Confused,4.6,2024,Qtr 4,October,25,7.42,Undergraduate,Studying,1,FALSE,4
Business,Confused,2.8,2024,Qtr 4,November,4,29.7,High School,Brainstorming,14,FALSE,4
Business,Confused,3.1,2024,Qtr 4,November,5,22.66,High School,Coding,5,TRUE,3
Business,Confused,2.1,2024,Qtr 4,November,5,31.14,Undergraduate,Writing,13,TRUE,3
Business,Confused,3,2024,Qtr 4,November,10,25.53,Undergraduate,Homework Help,11,FALSE,2
Business,Confused,4.4,2024,Qtr 4,November,13,12.22,High School,Homework Help,5,FALSE,4
Business,Confused,5,2024,Qtr 4,November,14,1.66,Undergraduate,Coding,1,FALSE,5
Business,Confused,3.7,2024,Qtr 4,November,14,21.16,Undergraduate,Studying,4,TRUE,2
Business,Confused,5,2024,Qtr 4,November,15,36.65,High School,Writing,10,TRUE,5
Business,Confused,2.3,2024,Qtr 4,November,15,11.02,Undergraduate,Coding,2,TRUE,2
Business,Confused,1.2,2024,Qtr 4,November,15,35.32,Undergraduate,Studying,7,FALSE,1
Business,Confused,3.5,2024,Qtr 4,November,16,11.04,Undergraduate,Coding,2,TRUE,4
Business,Confused,5,2024,Qtr 4,November,19,13.91,Undergraduate,Research,3,FALSE,5
Business,Confused,3.1,2024,Qtr 4,November,19,31.35,Undergraduate,Writing,9,TRUE,3
Business,Confused,2.7,2024,Qtr 4,November,23,4.61,Undergraduate,Studying,1,FALSE,3
Business,Confused,4.5,2024,Qtr 4,November,25,11.13,Undergraduate,Studying,2,FALSE,5
Business,Confused,2.1,2024,Qtr 4,November,27,1.31,Graduate,Writing,1,FALSE,2
Business,Confused,3.9,2024,Qtr 4,November,27,19.3,Undergraduate,Writing,5,TRUE,4
Business,Confused,2.8,2024,Qtr 4,November,29,4.88,High School,Writing,1,FALSE,3
Business,Confused,3.3,2024,Qtr 4,November,30,60.65,Undergraduate,Homework Help,12,TRUE,4
Business,Confused,3,2024,Qtr 4,December,7,11.57,High School,Coding,4,FALSE,3
Business,Confused,4,2024,Qtr 4,December,7,15.66,High School,Studying,4,FALSE,3
Business,Confused,5,2024,Qtr 4,December,7,19.95,High School,Writing,4,FALSE,5
Business,Confused,1,2024,Qtr 4,December,7,8.22,Undergraduate,Writing,1,FALSE,3
Business,Confused,3.2,2024,Qtr 4,December,8,13.54,Undergraduate,Research,3,FALSE,3
Business,Confused,4.4,2024,Qtr 4,December,10,11.98,High School,Studying,4,FALSE,5
Business,Confused,2.9,2024,Qtr 4,December,11,64.35,High School,Coding,16,TRUE,3
Business,Confused,2.2,2024,Qtr 4,December,11,32.13,Undergraduate,Coding,11,FALSE,2
Business,Confused,2.6,2024,Qtr 4,December,16,22.6,Undergraduate,Research,9,TRUE,4
Business,Confused,3.6,2024,Qtr 4,December,16,22.61,Undergraduate,Writing,5,TRUE,3
Business,Confused,4.4,2024,Qtr 4,December,17,39.63,Undergraduate,Studying,8,FALSE,4
Business,Confused,5,2024,Qtr 4,December,18,8.24,Undergraduate,Homework Help,2,TRUE,5
Business,Confused,2.9,2024,Qtr 4,December,19,13.12,Graduate,Homework Help,6,FALSE,3
Business,Confused,4,2024,Qtr 4,December,20,10.53,Graduate,Writing,2,TRUE,4
Business,Confused,4.1,2024,Qtr 4,December,21,39.85,Graduate,Homework Help,10,TRUE,4
Business,Confused,1.6,2024,Qtr 4,December,21,10.63,Undergraduate,Coding,2,TRUE,1
Business,Confused,3.8,2024,Qtr 4,December,21,18.22,Undergraduate,Homework Help,4,FALSE,5
Business,Confused,3,2024,Qtr 4,December,22,7.71,Undergraduate,Studying,2,FALSE,3
Business,Confused,4.3,2024,Qtr 4,December,27,12.57,Undergraduate,Brainstorming,2,FALSE,3
Business,Confused,4.2,2024,Qtr 4,December,31,13.88,Graduate,Writing,4,TRUE,5
Business,Confused,3.6,2025,Qtr 1,January,3,12.75,Undergraduate,Studying,3,TRUE,4
Business,Confused,2.1,2025,Qtr 1,January,6,38.39,High School,Coding,15,TRUE,3
Business,Confused,3.9,2025,Qtr 1,January,11,48.26,High School,Research,10,FALSE,4
Business,Confused,5,2025,Qtr 1,January,12,8.8,Undergraduate,Writing,2,TRUE,5
Business,Confused,4.1,2025,Qtr 1,January,15,12.56,Graduate,Studying,6,FALSE,3
Business,Confused,2.9,2025,Qtr 1,January,15,11.08,High School,Coding,2,TRUE,2
Business,Confused,4.2,2025,Qtr 1,January,15,14.96,Undergraduate,Homework Help,3,FALSE,5
Business,Confused,3.9,2025,Qtr 1,January,16,15.32,Undergraduate,Writing,3,TRUE,3
Business,Confused,4.6,2025,Qtr 1,January,17,29.68,Graduate,Studying,6,FALSE,4
Business,Confused,5,2025,Qtr 1,January,17,5.74,Graduate,Writing,1,FALSE,5
Business,Confused,2.7,2025,Qtr 1,January,17,8.78,Undergraduate,Coding,2,TRUE,3
Business,Confused,4.9,2025,Qtr 1,January,19,19.91,High School,Writing,6,FALSE,4
Business,Confused,4,2025,Qtr 1,January,21,7.41,Graduate,Writing,1,TRUE,4
Business,Confused,3.3,2025,Qtr 1,January,23,24.86,Undergraduate,Homework Help,8,FALSE,2
Business,Confused,2.7,2025,Qtr 1,January,24,11.08,Undergraduate,Writing,2,FALSE,4
Business,Confused,3,2025,Qtr 1,January,29,13.5,Graduate,Writing,2,TRUE,3
Business,Confused,2.9,2025,Qtr 1,January,29,62.77,High School,Writing,29,FALSE,4
Business,Confused,5,2025,Qtr 1,January,29,19.64,Undergraduate,Writing,5,TRUE,4
Business,Confused,3.3,2025,Qtr 1,January,30,4.41,Graduate,Research,1,TRUE,4
Business,Confused,1.3,2025,Qtr 1,February,2,37.35,Undergraduate,Coding,15,TRUE,3
Business,Confused,2.8,2025,Qtr 1,February,2,6.85,Undergraduate,Writing,2,FALSE,4
Business,Confused,2.8,2025,Qtr 1,February,3,27.82,High School,Studying,9,FALSE,2
Business,Confused,3.4,2025,Qtr 1,February,3,6.73,Undergraduate,Brainstorming,2,TRUE,4
Business,Confused,3.3,2025,Qtr 1,February,5,26.13,High School,Coding,7,TRUE,3
Business,Confused,3.4,2025,Qtr 1,February,5,4.57,Undergraduate,Homework Help,2,FALSE,4
Business,Confused,1.2,2025,Qtr 1,February,6,8.63,High School,Homework Help,3,FALSE,2
Business,Confused,4.7,2025,Qtr 1,February,7,15.94,High School,Coding,3,FALSE,4
Business,Confused,4.1,2025,Qtr 1,February,7,23.54,Undergraduate,Homework Help,7,FALSE,5
Business,Confused,2.1,2025,Qtr 1,February,8,5.77,High School,Homework Help,2,FALSE,3
Business,Confused,4.8,2025,Qtr 1,February,8,39.38,Undergraduate,Coding,11,FALSE,3
Business,Confused,2.7,2025,Qtr 1,February,10,21.23,High School,Writing,6,FALSE,3
Business,Confused,3.3,2025,Qtr 1,February,11,19.27,Graduate,Writing,6,FALSE,4
Business,Confused,3.5,2025,Qtr 1,February,13,13.2,High School,Homework Help,5,FALSE,5
Business,Confused,1,2025,Qtr 1,February,14,6.27,Graduate,Research,1,TRUE,2
Business,Confused,1.8,2025,Qtr 1,February,14,11.34,High School,Studying,3,FALSE,3
Business,Confused,3.8,2025,Qtr 1,February,15,29.49,Undergraduate,Studying,6,TRUE,5
Business,Confused,1.6,2025,Qtr 1,February,20,3.27,Undergraduate,Studying,1,TRUE,3
Business,Confused,3.2,2025,Qtr 1,February,22,28.58,Undergraduate,Coding,10,TRUE,3
Business,Confused,4.7,2025,Qtr 1,February,23,4.45,Graduate,Writing,1,TRUE,4
Business,Confused,4,2025,Qtr 1,February,23,21.06,High School,Studying,6,FALSE,5
Business,Confused,3.8,2025,Qtr 1,February,24,3.79,Undergraduate,Writing,1,FALSE,4
Business,Confused,5.2,2025,Qtr 1,February,24,13.7,Undergraduate,Writing,4,TRUE,7
Business,Confused,3.2,2025,Qtr 1,February,25,22.84,High School,Homework Help,7,TRUE,3
Business,Confused,5,2025,Qtr 1,February,26,10.97,Undergraduate,Homework Help,3,TRUE,5
Business,Confused,1.2,2025,Qtr 1,February,28,21.87,High School,Coding,9,FALSE,2
Business,Confused,3,2025,Qtr 1,March,2,38.87,Undergraduate,Studying,9,FALSE,3
Business,Confused,2,2025,Qtr 1,March,3,32.25,High School,Studying,15,FALSE,3
Business,Confused,4.6,2025,Qtr 1,March,6,30.25,Graduate,Homework Help,7,FALSE,5
Business,Confused,2.1,2025,Qtr 1,March,7,34.3,Graduate,Research,10,FALSE,2
Business,Confused,1,2025,Qtr 1,March,8,22,Undergraduate,Writing,6,FALSE,2
Business,Confused,2.9,2025,Qtr 1,March,9,27.92,Undergraduate,Coding,6,TRUE,3
Business,Confused,4.5,2025,Qtr 1,March,9,2,Undergraduate,Studying,1,FALSE,4
Business,Confused,5,2025,Qtr 1,March,10,4.89,Undergraduate,Writing,1,FALSE,5
Business,Confused,3.3,2025,Qtr 1,March,11,40.92,Undergraduate,Studying,12,TRUE,3
Business,Confused,1.8,2025,Qtr 1,March,16,16.39,Undergraduate,Writing,3,TRUE,2
Business,Confused,2.2,2025,Qtr 1,March,19,24.49,Undergraduate,Homework Help,5,TRUE,3
Business,Confused,4.3,2025,Qtr 1,March,20,15.33,Undergraduate,Studying,4,FALSE,5
Business,Confused,4.3,2025,Qtr 1,March,22,4.63,Undergraduate,Writing,1,FALSE,4
Business,Confused,3.2,2025,Qtr 1,March,24,25.03,Undergraduate,Studying,5,TRUE,3
Business,Confused,5,2025,Qtr 1,March,27,33.15,Undergraduate,Studying,11,TRUE,4
Business,Confused,4.6,2025,Qtr 1,March,28,13.44,Graduate,Homework Help,3,FALSE,4
Business,Confused,4.6,2025,Qtr 1,March,29,12.37,Graduate,Homework Help,2,FALSE,3
Business,Confused,1,2025,Qtr 1,March,29,19.99,Undergraduate,Studying,6,TRUE,2
Business,Confused,3.4,2025,Qtr 1,March,30,12.48,Undergraduate,Studying,2,TRUE,4
Business,Confused,1.7,2025,Qtr 2,April,7,1.68,Graduate,Homework Help,1,TRUE,3
Business,Confused,4.6,2025,Qtr 2,April,7,34.05,High School,Writing,8,FALSE,5
Business,Confused,1.7,2025,Qtr 2,April,10,7.64,High School,Studying,2,TRUE,1
Business,Confused,1.8,2025,Qtr 2,April,12,4.39,Graduate,Studying,1,FALSE,3
Business,Confused,3.1,2025,Qtr 2,April,15,4.65,Undergraduate,Studying,1,FALSE,4
Business,Confused,5,2025,Qtr 2,April,16,67.53,Graduate,Brainstorming,22,FALSE,5
Business,Confused,2.8,2025,Qtr 2,April,16,18.3,Undergraduate,Coding,3,TRUE,3
Business,Confused,4,2025,Qtr 2,April,16,20.39,Undergraduate,Homework Help,5,TRUE,5
Business,Confused,2.7,2025,Qtr 2,April,17,31.87,Graduate,Coding,8,FALSE,3
Business,Confused,2.4,2025,Qtr 2,April,19,29.91,Graduate,Homework Help,10,TRUE,3
Business,Confused,3.8,2025,Qtr 2,April,19,51.91,High School,Writing,16,FALSE,4
Business,Confused,3.3,2025,Qtr 2,April,20,3.78,Undergraduate,Homework Help,1,TRUE,4
Business,Confused,4.9,2025,Qtr 2,April,24,82.34,Undergraduate,Studying,38,FALSE,4
Business,Confused,2.8,2025,Qtr 2,April,25,7.22,Undergraduate,Studying,1,FALSE,4
Business,Confused,4.6,2025,Qtr 2,April,26,48.91,Graduate,Writing,23,TRUE,4
Business,Confused,2.9,2025,Qtr 2,April,26,20.28,Undergraduate,Coding,6,FALSE,4
Business,Confused,5,2025,Qtr 2,April,27,6.46,Undergraduate,Writing,2,TRUE,5
Business,Confused,3.5,2025,Qtr 2,April,29,5.67,Undergraduate,Studying,2,TRUE,3
Business,Confused,2.8,2025,Qtr 2,April,29,12.1,Undergraduate,Writing,4,TRUE,4
Business,Confused,3.5,2025,Qtr 2,April,30,1.1,High School,Homework Help,1,FALSE,3
Business,Confused,4.4,2025,Qtr 2,May,3,16.26,Graduate,Writing,5,TRUE,3
Business,Confused,2.2,2025,Qtr 2,May,7,22.89,Undergraduate,Brainstorming,6,TRUE,3
Business,Confused,4.9,2025,Qtr 2,May,8,2.15,Graduate,Studying,1,TRUE,4
Business,Confused,4.5,2025,Qtr 2,May,10,23.57,Undergraduate,Coding,8,FALSE,4
Business,Confused,4.2,2025,Qtr 2,May,12,8.24,Undergraduate,Research,3,TRUE,4
Business,Confused,5,2025,Qtr 2,May,14,15.07,Graduate,Studying,3,TRUE,5
Business,Confused,1.9,2025,Qtr 2,May,14,12.09,Undergraduate,Homework Help,2,TRUE,3
Business,Confused,5,2025,Qtr 2,May,15,11.66,Undergraduate,Studying,4,FALSE,5
Business,Confused,2.2,2025,Qtr 2,May,16,20.3,Graduate,Research,4,FALSE,3
Business,Confused,1.4,2025,Qtr 2,May,18,12.97,High School,Studying,2,FALSE,3
Business,Confused,5,2025,Qtr 2,May,18,3.19,High School,Studying,1,TRUE,5
Business,Confused,1.6,2025,Qtr 2,May,20,8.73,Undergraduate,Homework Help,2,FALSE,3
Business,Confused,4.7,2025,Qtr 2,May,22,2.54,High School,Coding,1,TRUE,4
Business,Confused,4.2,2025,Qtr 2,May,22,17.09,Undergraduate,Research,3,TRUE,3
Business,Confused,3.6,2025,Qtr 2,May,22,6.21,Undergraduate,Studying,1,FALSE,4
Business,Confused,2.3,2025,Qtr 2,May,24,11.04,Undergraduate,Coding,5,FALSE,3
Business,Confused,3.8,2025,Qtr 2,May,26,55.72,Graduate,Writing,17,FALSE,4
Business,Confused,1.8,2025,Qtr 2,May,26,23.81,High School,Studying,8,FALSE,3
Business,Confused,2.8,2025,Qtr 2,May,27,26.75,Undergraduate,Writing,9,FALSE,3
Business,Confused,1,2025,Qtr 2,May,31,7.07,High School,Homework Help,2,FALSE,1
Business,Confused,3.6,2025,Qtr 2,June,5,36.61,Undergraduate,Homework Help,7,FALSE,5
Business,Confused,2.5,2025,Qtr 2,June,6,23.38,Undergraduate,Writing,4,TRUE,3
Business,Confused,5,2025,Qtr 2,June,7,8.02,Undergraduate,Studying,2,FALSE,4
Business,Confused,4.6,2025,Qtr 2,June,8,10.27,High School,Studying,2,TRUE,5
Business,Confused,3.9,2025,Qtr 2,June,12,32.86,Graduate,Homework Help,12,FALSE,3
Business,Confused,3.7,2025,Qtr 2,June,13,25.11,Undergraduate,Studying,8,FALSE,5
Business,Confused,2.9,2025,Qtr 2,June,14,65.13,High School,Studying,23,FALSE,3
Business,Confused,2.3,2025,Qtr 2,June,16,25.04,High School,Coding,5,TRUE,2
Business,Confused,3.9,2025,Qtr 2,June,17,4.03,Graduate,Coding,1,TRUE,3
Business,Confused,4.1,2025,Qtr 2,June,18,22.59,High School,Studying,5,TRUE,4
Business,Confused,4.2,2025,Qtr 2,June,21,30.7,Undergraduate,Homework Help,12,TRUE,4
Business,Confused,4.5,2025,Qtr 2,June,22,21.51,Undergraduate,Writing,4,FALSE,4
Business,Confused,3.7,2025,Qtr 2,June,23,28.69,Undergraduate,Homework Help,6,TRUE,4
Business,Confused,5,2025,Qtr 2,June,24,31.09,Undergraduate,Coding,8,TRUE,5
Business,Confused,3.7,2025,Qtr 2,June,24,25.08,Undergraduate,Studying,7,FALSE,4
Business,Gave Up,2.2,2024,Qtr 3,July,7,27.59,High School,Studying,5,FALSE,2
Business,Gave Up,3.3,2024,Qtr 3,July,8,35.52,Graduate,Research,16,FALSE,3
Business,Gave Up,1.9,2024,Qtr 3,July,10,20.98,High School,Coding,9,FALSE,4
Business,Gave Up,3.8,2024,Qtr 3,July,10,4.31,High School,Studying,1,TRUE,3
Business,Gave Up,2.7,2024,Qtr 3,July,17,21.87,Undergraduate,Homework Help,5,FALSE,3
Business,Gave Up,3.9,2024,Qtr 3,July,20,30.96,High School,Writing,14,FALSE,4
Business,Gave Up,3.4,2024,Qtr 3,July,21,22.44,Undergraduate,Research,5,FALSE,4
Business,Gave Up,8.5,2024,Qtr 3,July,30,38.08,Undergraduate,Homework Help,8,FALSE,9
Business,Gave Up,3.4,2024,Qtr 3,August,2,39.04,Undergraduate,Coding,9,FALSE,4
Business,Gave Up,5,2024,Qtr 3,August,4,24.07,Graduate,Coding,7,TRUE,5
Business,Gave Up,3.6,2024,Qtr 3,August,11,48.43,Undergraduate,Writing,23,TRUE,3
Business,Gave Up,4.4,2024,Qtr 3,August,20,7.39,Undergraduate,Homework Help,2,TRUE,4
Business,Gave Up,5,2024,Qtr 3,August,22,18.24,Undergraduate,Studying,4,TRUE,5
Business,Gave Up,2.1,2024,Qtr 3,August,23,7.9,High School,Coding,1,FALSE,3
Business,Gave Up,2.8,2024,Qtr 3,August,24,6.37,Undergraduate,Studying,1,TRUE,3
Business,Gave Up,3.5,2024,Qtr 3,August,25,20.16,High School,Writing,5,FALSE,4
Business,Gave Up,2.2,2024,Qtr 3,August,26,3.32,Undergraduate,Homework Help,1,TRUE,3
Business,Gave Up,4.3,2024,Qtr 3,September,2,4.77,Undergraduate,Studying,1,TRUE,3
Business,Gave Up,2.3,2024,Qtr 3,September,3,18.58,Undergraduate,Studying,8,TRUE,3
Business,Gave Up,3,2024,Qtr 3,September,8,7.84,Undergraduate,Homework Help,2,TRUE,4
Business,Gave Up,3.7,2024,Qtr 3,September,9,6.83,Undergraduate,Writing,2,FALSE,4
Business,Gave Up,3.5,2024,Qtr 3,September,12,27.65,High School,Writing,7,FALSE,4
Business,Gave Up,4.1,2024,Qtr 3,September,12,8.45,Undergraduate,Coding,3,TRUE,4
Business,Gave Up,3,2024,Qtr 3,September,18,11.18,Undergraduate,Homework Help,3,TRUE,3
Business,Gave Up,4.3,2024,Qtr 3,September,21,23.47,Undergraduate,Homework Help,6,TRUE,4
Business,Gave Up,4.5,2024,Qtr 3,September,23,23.01,Graduate,Homework Help,5,FALSE,4
Business,Gave Up,5,2024,Qtr 3,September,26,11.94,High School,Homework Help,5,FALSE,5
Business,Gave Up,3.4,2024,Qtr 3,September,30,10.68,Undergraduate,Writing,2,FALSE,3
Business,Gave Up,4,2024,Qtr 4,October,7,50.84,Undergraduate,Studying,19,TRUE,3
Business,Gave Up,2.4,2024,Qtr 4,October,8,55.6,Undergraduate,Studying,12,FALSE,3
Business,Gave Up,1.9,2024,Qtr 4,October,13,21.64,Undergraduate,Writing,6,TRUE,3
Business,Gave Up,3.3,2024,Qtr 4,October,15,11.78,Graduate,Writing,3,FALSE,2
Business,Gave Up,1.7,2024,Qtr 4,October,15,11.78,Undergraduate,Studying,2,FALSE,2
Business,Gave Up,3.9,2024,Qtr 4,October,25,8.12,Undergraduate,Writing,2,FALSE,4
Business,Gave Up,2.7,2024,Qtr 4,October,27,24.21,High School,Studying,6,FALSE,3
Business,Gave Up,3.8,2024,Qtr 4,October,29,10.11,Graduate,Brainstorming,3,FALSE,4
Business,Gave Up,3.7,2024,Qtr 4,October,29,9.3,Undergraduate,Writing,3,TRUE,4
Business,Gave Up,3.6,2024,Qtr 4,October,31,26.71,Graduate,Homework Help,7,FALSE,4
Business,Gave Up,2.7,2024,Qtr 4,October,31,23.55,Undergraduate,Studying,8,FALSE,3
Business,Gave Up,3.5,2024,Qtr 4,November,2,5.4,Undergraduate,Coding,1,TRUE,4
Business,Gave Up,5,2024,Qtr 4,November,3,6.13,Graduate,Homework Help,1,FALSE,5
Business,Gave Up,2.9,2024,Qtr 4,November,4,6.08,High School,Writing,2,TRUE,4
Business,Gave Up,3.9,2024,Qtr 4,November,14,2.65,Graduate,Coding,1,FALSE,3
Business,Gave Up,1.8,2024,Qtr 4,November,15,5.4,High School,Coding,1,FALSE,3
Business,Gave Up,3.6,2024,Qtr 4,November,20,23.45,Undergraduate,Coding,11,FALSE,3
Business,Gave Up,3,2024,Qtr 4,November,27,37.49,Undergraduate,Research,11,FALSE,3
Business,Gave Up,3.4,2024,Qtr 4,November,30,65.88,High School,Brainstorming,18,TRUE,4
Business,Gave Up,3,2024,Qtr 4,December,5,3.08,Graduate,Writing,1,FALSE,3
Business,Gave Up,2.1,2024,Qtr 4,December,5,11.2,Undergraduate,Brainstorming,3,FALSE,3
Business,Gave Up,4.1,2024,Qtr 4,December,7,34.39,Undergraduate,Studying,14,FALSE,4
Business,Gave Up,5,2024,Qtr 4,December,12,12.63,Undergraduate,Studying,2,FALSE,4
Business,Gave Up,4.2,2024,Qtr 4,December,13,17.37,Undergraduate,Homework Help,5,FALSE,3
Business,Gave Up,3.9,2024,Qtr 4,December,14,53.89,Undergraduate,Writing,14,TRUE,4
Business,Gave Up,3.6,2024,Qtr 4,December,15,22.73,Undergraduate,Coding,8,FALSE,3
Business,Gave Up,2.5,2024,Qtr 4,December,17,28.42,Undergraduate,Brainstorming,8,TRUE,3
Business,Gave Up,5,2024,Qtr 4,December,18,3.66,Undergraduate,Coding,1,FALSE,5
Business,Gave Up,5.7,2024,Qtr 4,December,18,24.13,Undergraduate,Homework Help,5,FALSE,6
Business,Gave Up,1.4,2024,Qtr 4,December,20,4.83,Undergraduate,Writing,1,FALSE,2
Business,Gave Up,3.7,2024,Qtr 4,December,21,54.58,Undergraduate,Homework Help,19,FALSE,4
Business,Gave Up,1.7,2024,Qtr 4,December,26,20.51,High School,Homework Help,7,TRUE,2
Business,Gave Up,4.3,2024,Qtr 4,December,26,34.5,High School,Research,13,FALSE,4
Business,Gave Up,2.9,2024,Qtr 4,December,27,17.78,Undergraduate,Homework Help,5,FALSE,2
Business,Gave Up,1,2024,Qtr 4,December,28,5.78,High School,Writing,1,TRUE,2
Business,Gave Up,9.4,2025,Qtr 1,January,3,20.47,High School,Studying,6,TRUE,9
Business,Gave Up,2.9,2025,Qtr 1,January,9,15.95,Undergraduate,Writing,4,FALSE,4
Business,Gave Up,2.2,2025,Qtr 1,January,10,28.11,Undergraduate,Studying,13,FALSE,1
Business,Gave Up,3.8,2025,Qtr 1,January,13,7.5,Undergraduate,Homework Help,1,TRUE,4
Business,Gave Up,2.2,2025,Qtr 1,January,19,21.78,High School,Writing,7,FALSE,4
Business,Gave Up,1.3,2025,Qtr 1,January,19,12.65,Undergraduate,Homework Help,2,FALSE,3
Business,Gave Up,4.4,2025,Qtr 1,January,26,21.42,Graduate,Writing,4,FALSE,3
Business,Gave Up,3.8,2025,Qtr 1,January,26,29.57,Undergraduate,Writing,7,TRUE,4
Business,Gave Up,3.4,2025,Qtr 1,February,2,23,Undergraduate,Homework Help,4,TRUE,3
Business,Gave Up,3.2,2025,Qtr 1,February,4,26.69,Undergraduate,Studying,10,TRUE,2
Business,Gave Up,1,2025,Qtr 1,February,7,2.89,Graduate,Homework Help,1,TRUE,2
Business,Gave Up,3.1,2025,Qtr 1,February,9,42.92,Undergraduate,Research,18,FALSE,3
Business,Gave Up,3,2025,Qtr 1,February,10,29.37,Undergraduate,Brainstorming,7,FALSE,3
Business,Gave Up,4,2025,Qtr 1,February,12,2.54,Graduate,Homework Help,1,FALSE,4
Business,Gave Up,2.6,2025,Qtr 1,February,23,3.4,Undergraduate,Homework Help,1,TRUE,3
Business,Gave Up,6.2,2025,Qtr 1,February,27,24.15,Graduate,Coding,5,FALSE,6
Business,Gave Up,2.6,2025,Qtr 1,March,1,7.47,Undergraduate,Homework Help,1,FALSE,3
Business,Gave Up,1.2,2025,Qtr 1,March,1,7.36,Undergraduate,Writing,1,FALSE,3
Business,Gave Up,5,2025,Qtr 1,March,2,10.3,Undergraduate,Writing,2,FALSE,5
Business,Gave Up,3.5,2025,Qtr 1,March,4,8.55,High School,Homework Help,2,TRUE,4
Business,Gave Up,3.2,2025,Qtr 1,March,9,5.38,Undergraduate,Coding,1,FALSE,3
Business,Gave Up,3.6,2025,Qtr 1,March,14,43.7,Graduate,Coding,9,TRUE,4
Business,Gave Up,2.1,2025,Qtr 1,March,16,10.73,Undergraduate,Research,4,FALSE,3
Business,Gave Up,2.4,2025,Qtr 1,March,19,24.64,High School,Writing,6,TRUE,3
Business,Gave Up,2.6,2025,Qtr 1,March,21,30.45,High School,Studying,6,FALSE,3
Business,Gave Up,2.4,2025,Qtr 2,April,6,27.77,Undergraduate,Studying,10,FALSE,2
Business,Gave Up,2.2,2025,Qtr 2,April,8,23.03,Undergraduate,Coding,5,FALSE,2
Business,Gave Up,4.6,2025,Qtr 2,April,8,52.44,Undergraduate,Writing,25,FALSE,5
Business,Gave Up,3.9,2025,Qtr 2,April,10,10.59,Undergraduate,Writing,4,FALSE,3
Business,Gave Up,3.8,2025,Qtr 2,April,15,13.87,Graduate,Studying,2,TRUE,3
Business,Gave Up,1.4,2025,Qtr 2,April,17,56.15,Graduate,Studying,15,FALSE,3
Business,Gave Up,4.4,2025,Qtr 2,April,19,16.41,High School,Homework Help,4,FALSE,4
Business,Gave Up,2,2025,Qtr 2,April,21,23.1,Undergraduate,Studying,6,TRUE,3
Business,Gave Up,4.3,2025,Qtr 2,April,25,40.94,High School,Studying,8,TRUE,3
Business,Gave Up,5,2025,Qtr 2,April,27,20.95,Undergraduate,Homework Help,4,FALSE,5
Business,Gave Up,5,2025,Qtr 2,May,7,22.57,Graduate,Coding,7,FALSE,4
Business,Gave Up,2.9,2025,Qtr 2,May,9,14.08,Undergraduate,Writing,4,FALSE,2
Business,Gave Up,2,2025,Qtr 2,May,10,68.07,High School,Studying,18,TRUE,2
Business,Gave Up,2.8,2025,Qtr 2,May,11,43.67,Undergraduate,Coding,11,FALSE,4
Business,Gave Up,4.6,2025,Qtr 2,May,14,11.14,Undergraduate,Studying,2,TRUE,3
Business,Gave Up,4.5,2025,Qtr 2,May,16,10.38,Undergraduate,Studying,2,FALSE,5
Business,Gave Up,4.6,2025,Qtr 2,June,2,5.06,High School,Brainstorming,1,TRUE,5
Business,Gave Up,4.4,2025,Qtr 2,June,6,15.34,Undergraduate,Coding,4,FALSE,4
Business,Gave Up,1.3,2025,Qtr 2,June,6,3.01,Undergraduate,Writing,1,TRUE,2
Business,Gave Up,4.1,2025,Qtr 2,June,18,14.37,Graduate,Coding,5,FALSE,4
Business,Gave Up,2,2025,Qtr 2,June,23,23.33,Undergraduate,Writing,9,TRUE,3
Business,Idea Drafted,2.3,2024,Qtr 2,June,24,3.22,Undergraduate,Studying,1,TRUE,3
Business,Idea Drafted,4.7,2024,Qtr 2,June,24,4,Undergraduate,Writing,1,TRUE,4
Business,Idea Drafted,2.5,2024,Qtr 2,June,25,28.39,Undergraduate,Writing,8,TRUE,2
Business,Idea Drafted,1.6,2024,Qtr 2,June,26,10.99,High School,Homework Help,4,TRUE,2
Business,Idea Drafted,5,2024,Qtr 2,June,26,4.42,Undergraduate,Coding,1,TRUE,5
Business,Idea Drafted,1,2024,Qtr 2,June,27,6.21,Graduate,Coding,1,TRUE,2
Business,Idea Drafted,1.1,2024,Qtr 2,June,28,7.24,Undergraduate,Writing,3,FALSE,3
Business,Idea Drafted,3.9,2024,Qtr 2,June,29,26.32,Undergraduate,Writing,8,FALSE,3
Business,Idea Drafted,1.1,2024,Qtr 3,July,4,2,Graduate,Studying,1,TRUE,2
Business,Idea Drafted,2.7,2024,Qtr 3,July,4,17.98,Undergraduate,Writing,4,TRUE,4
Business,Idea Drafted,2.8,2024,Qtr 3,July,5,41.93,Undergraduate,Writing,15,TRUE,4
Business,Idea Drafted,3.1,2024,Qtr 3,July,8,4.58,Graduate,Coding,1,TRUE,4
Business,Idea Drafted,2.6,2024,Qtr 3,July,8,29.45,Graduate,Writing,7,TRUE,3
Business,Idea Drafted,3.7,2024,Qtr 3,July,9,7.82,Undergraduate,Studying,2,TRUE,4
Business,Idea Drafted,3.3,2024,Qtr 3,July,10,9.4,Undergraduate,Brainstorming,4,TRUE,3
Business,Idea Drafted,3,2024,Qtr 3,July,10,5.2,Undergraduate,Studying,2,TRUE,3
Business,Idea Drafted,4.3,2024,Qtr 3,July,11,6.77,High School,Writing,2,TRUE,4
Business,Idea Drafted,5,2024,Qtr 3,July,12,64.54,Undergraduate,Brainstorming,16,FALSE,4
Business,Idea Drafted,3.3,2024,Qtr 3,July,16,16.02,Undergraduate,Homework Help,5,TRUE,3
Business,Idea Drafted,4.1,2024,Qtr 3,July,16,11.96,Undergraduate,Writing,5,TRUE,5
Business,Idea Drafted,2.6,2024,Qtr 3,July,17,16.13,Undergraduate,Homework Help,3,TRUE,3
Business,Idea Drafted,3.2,2024,Qtr 3,July,17,18.04,Undergraduate,Writing,4,TRUE,4
Business,Idea Drafted,5,2024,Qtr 3,July,18,22.51,Undergraduate,Studying,8,TRUE,4
Business,Idea Drafted,1.8,2024,Qtr 3,July,18,29.8,Undergraduate,Writing,10,TRUE,2
Business,Idea Drafted,3.5,2024,Qtr 3,July,19,5.11,High School,Studying,1,FALSE,3
Business,Idea Drafted,2.3,2024,Qtr 3,July,19,8.1,Undergraduate,Research,2,TRUE,3
Business,Idea Drafted,5,2024,Qtr 3,July,22,30.91,High School,Coding,7,TRUE,4
Business,Idea Drafted,3.6,2024,Qtr 3,July,22,11,Undergraduate,Research,3,TRUE,4
Business,Idea Drafted,3.2,2024,Qtr 3,July,22,8.12,Undergraduate,Writing,2,TRUE,3
Business,Idea Drafted,4.3,2024,Qtr 3,July,24,60.15,High School,Writing,15,TRUE,4
Business,Idea Drafted,4.9,2024,Qtr 3,July,24,15.74,Undergraduate,Writing,4,TRUE,4
Business,Idea Drafted,2.3,2024,Qtr 3,July,27,6.15,Undergraduate,Studying,1,TRUE,3
Business,Idea Drafted,4.5,2024,Qtr 3,July,27,20.76,Undergraduate,Writing,4,TRUE,5
Business,Idea Drafted,2.1,2024,Qtr 3,July,28,28.16,Graduate,Studying,9,TRUE,3
Business,Idea Drafted,2.7,2024,Qtr 3,July,28,5.9,Undergraduate,Coding,1,TRUE,3
Business,Idea Drafted,4.4,2024,Qtr 3,July,28,26.53,Undergraduate,Writing,10,TRUE,4
Business,Idea Drafted,5,2024,Qtr 3,July,29,22.39,Undergraduate,Brainstorming,5,FALSE,4
Business,Idea Drafted,2.2,2024,Qtr 3,July,31,17.93,High School,Studying,6,TRUE,3
Business,Idea Drafted,3.9,2024,Qtr 3,August,1,39.99,High School,Brainstorming,11,FALSE,4
Business,Idea Drafted,3.9,2024,Qtr 3,August,1,33,High School,Studying,7,TRUE,4
Business,Idea Drafted,5,2024,Qtr 3,August,1,12.55,Undergraduate,Coding,4,TRUE,4
Business,Idea Drafted,2.4,2024,Qtr 3,August,1,19.12,Undergraduate,Homework Help,6,TRUE,3
Business,Idea Drafted,5,2024,Qtr 3,August,1,13.62,Undergraduate,Studying,5,FALSE,5
Business,Idea Drafted,2.6,2024,Qtr 3,August,2,11.09,High School,Brainstorming,2,TRUE,4
Business,Idea Drafted,2,2024,Qtr 3,August,2,21,Undergraduate,Research,4,FALSE,2
Business,Idea Drafted,4.3,2024,Qtr 3,August,4,3.07,Undergraduate,Writing,1,TRUE,3
Business,Idea Drafted,4,2024,Qtr 3,August,8,8.75,Graduate,Coding,4,TRUE,5
Business,Idea Drafted,3.9,2024,Qtr 3,August,9,7.16,Undergraduate,Coding,1,TRUE,4
Business,Idea Drafted,4.1,2024,Qtr 3,August,9,44.77,Undergraduate,Studying,9,TRUE,5
Business,Idea Drafted,4.3,2024,Qtr 3,August,9,38.24,Undergraduate,Writing,10,TRUE,4
Business,Idea Drafted,4.7,2024,Qtr 3,August,12,31.19,Undergraduate,Homework Help,13,TRUE,5
Business,Idea Drafted,3.8,2024,Qtr 3,August,14,5.16,Undergraduate,Coding,1,TRUE,3
Business,Idea Drafted,2.5,2024,Qtr 3,August,15,11.48,Graduate,Homework Help,2,TRUE,3
Business,Idea Drafted,3.4,2024,Qtr 3,August,15,8.83,Graduate,Studying,2,TRUE,3
Business,Idea Drafted,1.1,2024,Qtr 3,August,15,37.4,High School,Coding,7,FALSE,3
Business,Idea Drafted,1.6,2024,Qtr 3,August,15,8.97,High School,Studying,2,FALSE,3
Business,Idea Drafted,3,2024,Qtr 3,August,16,5.78,Undergraduate,Brainstorming,1,TRUE,4
Business,Idea Drafted,3.7,2024,Qtr 3,August,17,51.26,Undergraduate,Homework Help,16,TRUE,4
Business,Idea Drafted,5,2024,Qtr 3,August,17,7.66,Undergraduate,Studying,2,TRUE,4
Business,Idea Drafted,4.3,2024,Qtr 3,August,17,8.44,Undergraduate,Writing,1,TRUE,4
Business,Idea Drafted,4.8,2024,Qtr 3,August,18,36.74,Undergraduate,Writing,8,FALSE,4
Business,Idea Drafted,4.2,2024,Qtr 3,August,20,79.56,Graduate,Research,16,TRUE,3
Business,Idea Drafted,3.1,2024,Qtr 3,August,20,15.62,Undergraduate,Studying,6,TRUE,4
Business,Idea Drafted,1.8,2024,Qtr 3,August,20,8.51,Undergraduate,Writing,3,TRUE,2
Business,Idea Drafted,1.9,2024,Qtr 3,August,22,40.65,High School,Coding,12,TRUE,2
Business,Idea Drafted,1.3,2024,Qtr 3,August,23,20.24,Undergraduate,Brainstorming,4,TRUE,3
Business,Idea Drafted,3.8,2024,Qtr 3,August,23,6.83,Undergraduate,Writing,1,TRUE,3
Business,Idea Drafted,2.6,2024,Qtr 3,August,24,13.43,Undergraduate,Homework Help,5,TRUE,2
Business,Idea Drafted,4.3,2024,Qtr 3,August,26,17.68,Graduate,Homework Help,5,TRUE,3
Business,Idea Drafted,3,2024,Qtr 3,August,26,8.7,High School,Homework Help,2,TRUE,4
Business,Idea Drafted,2.7,2024,Qtr 3,August,29,41.9,Undergraduate,Studying,11,TRUE,3
Business,Idea Drafted,1,2024,Qtr 3,August,30,8.83,High School,Writing,2,TRUE,1
Business,Idea Drafted,2.8,2024,Qtr 3,August,31,28.48,Undergraduate,Homework Help,11,FALSE,3
Business,Idea Drafted,5,2024,Qtr 3,September,1,3.35,Graduate,Writing,1,FALSE,5
Business,Idea Drafted,3.8,2024,Qtr 3,September,1,3.42,High School,Writing,1,TRUE,4
Business,Idea Drafted,2.3,2024,Qtr 3,September,1,13.15,Undergraduate,Studying,3,TRUE,3
Business,Idea Drafted,5,2024,Qtr 3,September,2,26.7,Undergraduate,Homework Help,10,TRUE,4
Business,Idea Drafted,7.3,2024,Qtr 3,September,3,28,Undergraduate,Homework Help,12,TRUE,6
Business,Idea Drafted,2.6,2024,Qtr 3,September,4,11.92,Graduate,Writing,3,TRUE,2
Business,Idea Drafted,4.8,2024,Qtr 3,September,4,17.16,High School,Studying,6,TRUE,3
Business,Idea Drafted,3.2,2024,Qtr 3,September,5,21.37,Graduate,Studying,5,TRUE,4
Business,Idea Drafted,3.5,2024,Qtr 3,September,5,31.17,Graduate,Writing,8,TRUE,3
Business,Idea Drafted,3.7,2024,Qtr 3,September,5,22.71,Undergraduate,Writing,9,FALSE,4
Business,Idea Drafted,1,2024,Qtr 3,September,7,31.02,Graduate,Coding,8,TRUE,2
Business,Idea Drafted,4.2,2024,Qtr 3,September,7,27.04,High School,Homework Help,11,FALSE,5
Business,Idea Drafted,3.4,2024,Qtr 3,September,7,20.02,Undergraduate,Coding,5,TRUE,4
Business,Idea Drafted,5,2024,Qtr 3,September,7,20.17,Undergraduate,Homework Help,4,TRUE,5
Business,Idea Drafted,1.1,2024,Qtr 3,September,8,11.83,High School,Studying,3,TRUE,2
Business,Idea Drafted,2.1,2024,Qtr 3,September,10,18.59,Graduate,Studying,5,TRUE,2
Business,Idea Drafted,4.1,2024,Qtr 3,September,11,31.53,Undergraduate,Homework Help,7,TRUE,5
Business,Idea Drafted,2.2,2024,Qtr 3,September,13,15.18,Undergraduate,Studying,4,TRUE,3
Business,Idea Drafted,4.2,2024,Qtr 3,September,14,14.04,Undergraduate,Coding,3,TRUE,4
Business,Idea Drafted,1.5,2024,Qtr 3,September,15,9.18,Graduate,Coding,4,FALSE,2
Business,Idea Drafted,4.2,2024,Qtr 3,September,16,8.14,High School,Research,1,TRUE,4
Business,Idea Drafted,4,2024,Qtr 3,September,17,47.08,Undergraduate,Coding,13,TRUE,4
Business,Idea Drafted,3.4,2024,Qtr 3,September,18,8.06,Undergraduate,Brainstorming,2,FALSE,2
Business,Idea Drafted,2.6,2024,Qtr 3,September,19,32.01,Graduate,Writing,7,TRUE,3
Business,Idea Drafted,2.7,2024,Qtr 3,September,19,2.5,High School,Writing,1,TRUE,2
Business,Idea Drafted,4.1,2024,Qtr 3,September,19,21.44,Undergraduate,Homework Help,4,FALSE,5
Business,Idea Drafted,3.4,2024,Qtr 3,September,20,6.42,High School,Writing,1,FALSE,3
Business,Idea Drafted,3.6,2024,Qtr 3,September,21,42.71,Undergraduate,Writing,9,FALSE,4
Business,Idea Drafted,4.3,2024,Qtr 3,September,23,11.81,Graduate,Research,2,TRUE,4
Business,Idea Drafted,4.8,2024,Qtr 3,September,24,15.77,Undergraduate,Writing,7,FALSE,5
Business,Idea Drafted,3.7,2024,Qtr 3,September,24,21.19,Undergraduate,Writing,4,TRUE,4
Business,Idea Drafted,3.5,2024,Qtr 3,September,25,1.71,High School,Studying,1,TRUE,4
Business,Idea Drafted,2.8,2024,Qtr 3,September,25,25.41,Undergraduate,Homework Help,6,TRUE,4
Business,Idea Drafted,3.1,2024,Qtr 3,September,25,29.12,Undergraduate,Writing,8,FALSE,3
Business,Idea Drafted,1.3,2024,Qtr 3,September,26,22.36,Undergraduate,Writing,5,FALSE,2
Business,Idea Drafted,1.9,2024,Qtr 3,September,27,3.88,High School,Homework Help,1,FALSE,2
Business,Idea Drafted,3.4,2024,Qtr 3,September,29,3.25,High School,Studying,1,FALSE,3
Business,Idea Drafted,3.4,2024,Qtr 4,October,1,20.35,High School,Studying,4,TRUE,4
Business,Idea Drafted,2.2,2024,Qtr 4,October,1,17.42,Undergraduate,Writing,5,TRUE,3
Business,Idea Drafted,6.1,2024,Qtr 4,October,2,15.81,Undergraduate,Brainstorming,4,TRUE,6
Business,Idea Drafted,3.4,2024,Qtr 4,October,3,47.49,High School,Research,9,TRUE,3
Business,Idea Drafted,5,2024,Qtr 4,October,4,13.85,Undergraduate,Homework Help,3,TRUE,4
Business,Idea Drafted,2.5,2024,Qtr 4,October,5,4.93,Graduate,Coding,1,TRUE,3
Business,Idea Drafted,5,2024,Qtr 4,October,5,20.24,Undergraduate,Writing,7,TRUE,4
Business,Idea Drafted,4,2024,Qtr 4,October,6,13.25,Graduate,Brainstorming,4,TRUE,4
Business,Idea Drafted,3.1,2024,Qtr 4,October,6,19.11,Undergraduate,Coding,7,TRUE,3
Business,Idea Drafted,5,2024,Qtr 4,October,7,39.44,Graduate,Writing,8,FALSE,4
Business,Idea Drafted,4.7,2024,Qtr 4,October,8,12.1,Undergraduate,Studying,2,TRUE,5
Business,Idea Drafted,2.4,2024,Qtr 4,October,9,23.21,Undergraduate,Writing,6,TRUE,3
Business,Idea Drafted,1.4,2024,Qtr 4,October,10,22.04,Undergraduate,Writing,8,TRUE,2
Business,Idea Drafted,3.9,2024,Qtr 4,October,13,43.71,Undergraduate,Homework Help,10,TRUE,4
Business,Idea Drafted,2.5,2024,Qtr 4,October,18,51.66,Undergraduate,Brainstorming,17,TRUE,2
Business,Idea Drafted,3.1,2024,Qtr 4,October,19,16.35,Undergraduate,Writing,4,TRUE,3
Business,Idea Drafted,1.7,2024,Qtr 4,October,20,10.01,Graduate,Homework Help,2,TRUE,3
Business,Idea Drafted,4.2,2024,Qtr 4,October,20,45.28,Undergraduate,Brainstorming,13,TRUE,3
Business,Idea Drafted,1.5,2024,Qtr 4,October,21,18.98,Undergraduate,Writing,5,TRUE,2
Business,Idea Drafted,2.6,2024,Qtr 4,October,22,21.9,High School,Studying,6,TRUE,3
Business,Idea Drafted,4.5,2024,Qtr 4,October,22,7.23,Undergraduate,Research,1,TRUE,4
Business,Idea Drafted,3,2024,Qtr 4,October,23,13.23,Undergraduate,Studying,3,TRUE,3
Business,Idea Drafted,4,2024,Qtr 4,October,28,32.05,Undergraduate,Coding,9,TRUE,4
Business,Idea Drafted,5,2024,Qtr 4,October,28,0.03,Undergraduate,Homework Help,1,TRUE,5
Business,Idea Drafted,4.1,2024,Qtr 4,October,28,54.77,Undergraduate,Writing,14,TRUE,5
Business,Idea Drafted,3.7,2024,Qtr 4,October,30,7.73,Undergraduate,Coding,1,TRUE,4
Business,Idea Drafted,2,2024,Qtr 4,October,31,16.37,Graduate,Studying,4,TRUE,2
Business,Idea Drafted,2.2,2024,Qtr 4,November,1,8.83,Graduate,Coding,2,TRUE,2
Business,Idea Drafted,4.3,2024,Qtr 4,November,1,43.12,Graduate,Writing,9,TRUE,5
Business,Idea Drafted,3.9,2024,Qtr 4,November,2,17.04,Graduate,Writing,3,FALSE,3
Business,Idea Drafted,4.2,2024,Qtr 4,November,3,9.03,Graduate,Writing,3,FALSE,4
Business,Idea Drafted,3.7,2024,Qtr 4,November,3,24.13,Undergraduate,Writing,5,TRUE,4
Business,Idea Drafted,1.6,2024,Qtr 4,November,4,29.45,High School,Writing,6,TRUE,2
Business,Idea Drafted,4.4,2024,Qtr 4,November,6,12.2,Undergraduate,Homework Help,3,TRUE,5
Business,Idea Drafted,3.3,2024,Qtr 4,November,9,11.05,Undergraduate,Homework Help,2,TRUE,3
Business,Idea Drafted,1,2024,Qtr 4,November,10,0.29,High School,Homework Help,1,TRUE,2
Business,Idea Drafted,5,2024,Qtr 4,November,11,33.4,High School,Writing,7,TRUE,4
Business,Idea Drafted,4.5,2024,Qtr 4,November,14,15.71,Undergraduate,Homework Help,3,TRUE,4
Business,Idea Drafted,2.4,2024,Qtr 4,November,17,15.96,Graduate,Writing,3,TRUE,2
Business,Idea Drafted,2.3,2024,Qtr 4,November,17,29.7,High School,Writing,6,FALSE,3
Business,Idea Drafted,2.2,2024,Qtr 4,November,17,23.36,Undergraduate,Studying,5,TRUE,3
Business,Idea Drafted,2.8,2024,Qtr 4,November,18,17.78,High School,Writing,4,TRUE,3
Business,Idea Drafted,5,2024,Qtr 4,November,21,29.59,Graduate,Writing,14,FALSE,5
Business,Idea Drafted,2,2024,Qtr 4,November,22,14.91,Undergraduate,Writing,3,TRUE,3
Business,Idea Drafted,4.5,2024,Qtr 4,November,23,14.13,Undergraduate,Studying,3,FALSE,4
Business,Idea Drafted,2.2,2024,Qtr 4,November,23,18.02,Undergraduate,Writing,3,FALSE,3
Business,Idea Drafted,2.4,2024,Qtr 4,November,27,16.38,High School,Studying,3,TRUE,2
Business,Idea Drafted,4.8,2024,Qtr 4,November,27,19.06,High School,Writing,4,FALSE,5
Business,Idea Drafted,5,2024,Qtr 4,November,27,1.24,Undergraduate,Brainstorming,1,TRUE,4
Business,Idea Drafted,5,2024,Qtr 4,November,28,10.54,Undergraduate,Writing,4,TRUE,5
Business,Idea Drafted,3.7,2024,Qtr 4,December,1,61.08,Undergraduate,Writing,13,TRUE,3
Business,Idea Drafted,2,2024,Qtr 4,December,2,13.69,Undergraduate,Writing,3,FALSE,2
Business,Idea Drafted,5,2024,Qtr 4,December,3,8.6,Undergraduate,Writing,2,FALSE,5
Business,Idea Drafted,3.3,2024,Qtr 4,December,4,13.56,High School,Studying,3,TRUE,4
Business,Idea Drafted,5,2024,Qtr 4,December,4,37.05,Undergraduate,Studying,14,TRUE,5
Business,Idea Drafted,4.6,2024,Qtr 4,December,5,11.72,Undergraduate,Brainstorming,4,FALSE,4
Business,Idea Drafted,3.4,2024,Qtr 4,December,5,19.04,Undergraduate,Writing,7,TRUE,3
Business,Idea Drafted,3.9,2024,Qtr 4,December,6,8.47,High School,Homework Help,2,TRUE,5
Business,Idea Drafted,1.9,2024,Qtr 4,December,7,23.59,Graduate,Studying,5,TRUE,3
Business,Idea Drafted,2.8,2024,Qtr 4,December,7,25.33,High School,Writing,8,FALSE,3
Business,Idea Drafted,3.3,2024,Qtr 4,December,8,11.11,Graduate,Writing,3,FALSE,3
Business,Idea Drafted,3.7,2024,Qtr 4,December,8,23.44,Undergraduate,Homework Help,6,TRUE,3
Business,Idea Drafted,2.2,2024,Qtr 4,December,9,4.97,Graduate,Brainstorming,1,TRUE,2
Business,Idea Drafted,8.8,2024,Qtr 4,December,10,34.85,Graduate,Writing,10,TRUE,9
Business,Idea Drafted,3,2024,Qtr 4,December,10,26.33,Undergraduate,Writing,6,TRUE,4
Business,Idea Drafted,3.5,2024,Qtr 4,December,11,10.17,Undergraduate,Writing,2,TRUE,4
Business,Idea Drafted,1.6,2024,Qtr 4,December,12,10.71,Graduate,Studying,2,FALSE,2
Business,Idea Drafted,3.6,2024,Qtr 4,December,15,62.76,High School,Homework Help,17,TRUE,4
Business,Idea Drafted,1.6,2024,Qtr 4,December,16,34.91,Graduate,Coding,11,TRUE,2
Business,Idea Drafted,2.4,2024,Qtr 4,December,16,27.68,Undergraduate,Studying,5,FALSE,3
Business,Idea Drafted,3.3,2024,Qtr 4,December,17,15.2,Undergraduate,Writing,5,TRUE,4
Business,Idea Drafted,2.8,2024,Qtr 4,December,19,8,Undergraduate,Homework Help,2,TRUE,3
Business,Idea Drafted,3.1,2024,Qtr 4,December,20,3.78,High School,Research,1,FALSE,4
Business,Idea Drafted,4.1,2024,Qtr 4,December,21,12.62,Undergraduate,Coding,3,TRUE,4
Business,Idea Drafted,4.9,2024,Qtr 4,December,22,17.28,Graduate,Coding,3,TRUE,5
Business,Idea Drafted,4.2,2024,Qtr 4,December,24,23.41,Graduate,Writing,6,TRUE,4
Business,Idea Drafted,1.5,2024,Qtr 4,December,24,16.28,Undergraduate,Writing,3,FALSE,2
Business,Idea Drafted,3.6,2024,Qtr 4,December,25,8.42,Undergraduate,Coding,3,TRUE,4
Business,Idea Drafted,4.2,2024,Qtr 4,December,25,20.61,Undergraduate,Studying,8,TRUE,4
Business,Idea Drafted,4.7,2024,Qtr 4,December,29,33.23,Undergraduate,Writing,10,TRUE,4
Business,Idea Drafted,5,2024,Qtr 4,December,31,13.82,Undergraduate,Coding,5,TRUE,4
Business,Idea Drafted,4.2,2025,Qtr 1,January,1,20.12,Undergraduate,Studying,7,TRUE,5
Business,Idea Drafted,3.9,2025,Qtr 1,January,4,17.69,Undergraduate,Studying,4,TRUE,3
Business,Idea Drafted,1.4,2025,Qtr 1,January,5,4.04,High School,Studying,1,TRUE,3
Business,Idea Drafted,4,2025,Qtr 1,January,7,3.03,Undergraduate,Homework Help,1,TRUE,4
Business,Idea Drafted,4,2025,Qtr 1,January,9,1.88,Undergraduate,Homework Help,1,FALSE,4
Business,Idea Drafted,1.5,2025,Qtr 1,January,11,13.54,Undergraduate,Writing,2,TRUE,2
Business,Idea Drafted,2.6,2025,Qtr 1,January,12,29.26,Graduate,Studying,14,TRUE,3
Business,Idea Drafted,2.7,2025,Qtr 1,January,12,18.89,Undergraduate,Studying,3,TRUE,4
Business,Idea Drafted,1.3,2025,Qtr 1,January,14,51.68,Undergraduate,Research,16,FALSE,2
Business,Idea Drafted,3.4,2025,Qtr 1,January,15,4.79,Graduate,Studying,1,TRUE,4
Business,Idea Drafted,3.1,2025,Qtr 1,January,15,14.35,Undergraduate,Writing,3,FALSE,3
Business,Idea Drafted,3.4,2025,Qtr 1,January,16,11.82,High School,Writing,2,FALSE,3
Business,Idea Drafted,2,2025,Qtr 1,January,16,26.71,Undergraduate,Research,9,TRUE,3
Business,Idea Drafted,1,2025,Qtr 1,January,16,8.27,Undergraduate,Writing,2,TRUE,2
Business,Idea Drafted,5,2025,Qtr 1,January,17,7.54,Graduate,Coding,1,TRUE,5
Business,Idea Drafted,2.6,2025,Qtr 1,January,17,27.24,High School,Studying,9,TRUE,3
Business,Idea Drafted,2.8,2025,Qtr 1,January,18,9.85,Graduate,Homework Help,2,TRUE,3
Business,Idea Drafted,3.5,2025,Qtr 1,January,18,14.46,High School,Studying,6,TRUE,3
Business,Idea Drafted,3,2025,Qtr 1,January,18,21.96,Undergraduate,Brainstorming,7,TRUE,3
Business,Idea Drafted,3.9,2025,Qtr 1,January,18,26.64,Undergraduate,Writing,9,FALSE,4
Business,Idea Drafted,4.6,2025,Qtr 1,January,19,27.53,Undergraduate,Studying,7,TRUE,5
Business,Idea Drafted,5,2025,Qtr 1,January,20,24.4,Undergraduate,Studying,6,TRUE,5
Business,Idea Drafted,5,2025,Qtr 1,January,21,23.14,Undergraduate,Coding,5,TRUE,5
Business,Idea Drafted,4.3,2025,Qtr 1,January,21,23.5,Undergraduate,Homework Help,7,TRUE,4
Business,Idea Drafted,5,2025,Qtr 1,January,23,27.28,High School,Homework Help,6,TRUE,4
Business,Idea Drafted,2.9,2025,Qtr 1,January,23,12.5,Undergraduate,Writing,3,TRUE,3
Business,Idea Drafted,4.4,2025,Qtr 1,January,24,3.64,High School,Writing,1,TRUE,5
Business,Idea Drafted,1,2025,Qtr 1,January,24,23.22,Undergraduate,Studying,9,TRUE,2
Business,Idea Drafted,5,2025,Qtr 1,January,26,27.55,Graduate,Homework Help,6,TRUE,5
Business,Idea Drafted,3.3,2025,Qtr 1,January,27,18.8,Graduate,Writing,6,TRUE,4
Business,Idea Drafted,1,2025,Qtr 1,January,27,3.99,Undergraduate,Writing,1,TRUE,2
Business,Idea Drafted,5,2025,Qtr 1,January,28,6.55,High School,Writing,1,TRUE,4
Business,Idea Drafted,4.6,2025,Qtr 1,January,31,31.58,High School,Studying,9,TRUE,4
Business,Idea Drafted,2.8,2025,Qtr 1,January,31,43.55,Undergraduate,Brainstorming,21,TRUE,2
Business,Idea Drafted,4.9,2025,Qtr 1,January,31,3.57,Undergraduate,Writing,1,TRUE,3
Business,Idea Drafted,4.4,2025,Qtr 1,February,1,10.57,Undergraduate,Studying,3,TRUE,5
Business,Idea Drafted,4.8,2025,Qtr 1,February,2,21.23,Graduate,Writing,5,TRUE,4
Business,Idea Drafted,3.3,2025,Qtr 1,February,3,8.2,High School,Homework Help,3,TRUE,3
Business,Idea Drafted,2.5,2025,Qtr 1,February,4,35.62,High School,Studying,13,TRUE,3
Business,Idea Drafted,3.8,2025,Qtr 1,February,4,15.62,Undergraduate,Studying,3,FALSE,4
Business,Idea Drafted,3.1,2025,Qtr 1,February,5,15.14,Undergraduate,Homework Help,3,FALSE,4
Business,Idea Drafted,3.9,2025,Qtr 1,February,5,7.09,Undergraduate,Studying,2,FALSE,3
Business,Idea Drafted,1,2025,Qtr 1,February,7,9.23,Undergraduate,Writing,4,TRUE,1
Business,Idea Drafted,2.9,2025,Qtr 1,February,8,4.06,Undergraduate,Studying,1,TRUE,3
Business,Idea Drafted,3.4,2025,Qtr 1,February,9,21.73,Undergraduate,Research,9,TRUE,4
Business,Idea Drafted,4.4,2025,Qtr 1,February,10,29.56,Undergraduate,Research,6,TRUE,5
Business,Idea Drafted,5,2025,Qtr 1,February,11,8.73,High School,Writing,3,TRUE,5
Business,Idea Drafted,4.6,2025,Qtr 1,February,13,4.99,High School,Writing,1,TRUE,3
Business,Idea Drafted,3.7,2025,Qtr 1,February,15,30.83,High School,Brainstorming,12,TRUE,3
Business,Idea Drafted,1.1,2025,Qtr 1,February,15,37.93,High School,Writing,8,TRUE,2
Business,Idea Drafted,3.4,2025,Qtr 1,February,15,11.23,Undergraduate,Writing,2,FALSE,2
Business,Idea Drafted,2.1,2025,Qtr 1,February,16,23.61,Undergraduate,Homework Help,5,TRUE,2
Business,Idea Drafted,5,2025,Qtr 1,February,17,24.63,Undergraduate,Coding,4,FALSE,4
Business,Idea Drafted,3.9,2025,Qtr 1,February,17,9.9,Undergraduate,Research,3,TRUE,5
Business,Idea Drafted,4.2,2025,Qtr 1,February,17,26.07,Undergraduate,Writing,8,TRUE,5
Business,Idea Drafted,2.9,2025,Qtr 1,February,18,13.92,High School,Coding,2,TRUE,3
Business,Idea Drafted,2.4,2025,Qtr 1,February,20,38.98,Undergraduate,Coding,14,TRUE,2
Business,Idea Drafted,2.3,2025,Qtr 1,February,21,29.46,Graduate,Writing,12,TRUE,4
Business,Idea Drafted,1,2025,Qtr 1,February,22,37.07,Graduate,Coding,9,TRUE,1
Business,Idea Drafted,2.7,2025,Qtr 1,February,22,8.28,Graduate,Writing,2,TRUE,3
Business,Idea Drafted,1,2025,Qtr 1,February,23,25.64,Undergraduate,Research,6,TRUE,1
Business,Idea Drafted,5,2025,Qtr 1,February,25,8.97,Graduate,Coding,1,FALSE,4
Business,Idea Drafted,4,2025,Qtr 1,February,25,10.38,High School,Studying,2,TRUE,4
Business,Idea Drafted,4.5,2025,Qtr 1,February,26,15.48,Undergraduate,Writing,3,TRUE,4
Business,Idea Drafted,3.8,2025,Qtr 1,February,28,28.06,Undergraduate,Studying,8,TRUE,3
Business,Idea Drafted,4.1,2025,Qtr 1,March,1,7.52,High School,Brainstorming,2,TRUE,4
Business,Idea Drafted,2.1,2025,Qtr 1,March,1,21.55,Undergraduate,Studying,10,TRUE,3
Business,Idea Drafted,2.6,2025,Qtr 1,March,2,14.93,Graduate,Writing,6,TRUE,3
Business,Idea Drafted,2.1,2025,Qtr 1,March,4,25.82,High School,Studying,9,TRUE,3
Business,Idea Drafted,3.4,2025,Qtr 1,March,6,38.8,Undergraduate,Writing,8,TRUE,3
Business,Idea Drafted,4,2025,Qtr 1,March,9,57.08,Graduate,Coding,12,TRUE,4
Business,Idea Drafted,1.9,2025,Qtr 1,March,10,23.02,Undergraduate,Studying,6,TRUE,2
Business,Idea Drafted,3.1,2025,Qtr 1,March,10,33.21,Undergraduate,Writing,11,FALSE,3
Business,Idea Drafted,2.9,2025,Qtr 1,March,11,73.03,Undergraduate,Brainstorming,21,TRUE,3
Business,Idea Drafted,5,2025,Qtr 1,March,12,17.37,Undergraduate,Studying,4,TRUE,5
Business,Idea Drafted,3.4,2025,Qtr 1,March,12,4.94,Undergraduate,Writing,1,TRUE,4
Business,Idea Drafted,5,2025,Qtr 1,March,14,2.66,High School,Coding,1,FALSE,5
Business,Idea Drafted,2.4,2025,Qtr 1,March,16,23.59,Undergraduate,Homework Help,6,TRUE,3
Business,Idea Drafted,4,2025,Qtr 1,March,18,2.3,High School,Homework Help,1,FALSE,3
Business,Idea Drafted,4.5,2025,Qtr 1,March,19,28,High School,Brainstorming,6,TRUE,5
Business,Idea Drafted,3.9,2025,Qtr 1,March,19,20.47,Undergraduate,Writing,6,TRUE,4
Business,Idea Drafted,4.1,2025,Qtr 1,March,20,3.62,Undergraduate,Brainstorming,1,TRUE,4
Business,Idea Drafted,3.3,2025,Qtr 1,March,20,41.55,Undergraduate,Coding,16,TRUE,3
Business,Idea Drafted,3.9,2025,Qtr 1,March,21,13.22,Graduate,Writing,4,TRUE,4
Business,Idea Drafted,4.8,2025,Qtr 1,March,21,50.47,Undergraduate,Studying,16,TRUE,5
Business,Idea Drafted,5,2025,Qtr 1,March,22,13.15,Graduate,Homework Help,4,TRUE,5
Business,Idea Drafted,1.9,2025,Qtr 1,March,24,19.57,Graduate,Studying,4,TRUE,2
Business,Idea Drafted,2,2025,Qtr 1,March,26,30.48,Undergraduate,Homework Help,6,TRUE,2
Business,Idea Drafted,4.3,2025,Qtr 1,March,26,26.19,Undergraduate,Studying,6,TRUE,5
Business,Idea Drafted,3.5,2025,Qtr 1,March,27,15.56,High School,Brainstorming,4,TRUE,4
Business,Idea Drafted,5,2025,Qtr 1,March,27,2.54,Undergraduate,Coding,1,TRUE,5
Business,Idea Drafted,3.2,2025,Qtr 1,March,28,46.82,High School,Writing,10,FALSE,3
Business,Idea Drafted,2.2,2025,Qtr 1,March,29,10.16,Undergraduate,Brainstorming,2,FALSE,3
Business,Idea Drafted,4.8,2025,Qtr 1,March,29,20.72,Undergraduate,Studying,5,TRUE,4
Business,Idea Drafted,4,2025,Qtr 1,March,31,35.64,Graduate,Writing,12,TRUE,5
Business,Idea Drafted,3.3,2025,Qtr 2,April,1,3.04,Graduate,Homework Help,1,TRUE,4
Business,Idea Drafted,3.7,2025,Qtr 2,April,1,1.18,Graduate,Studying,1,TRUE,5
Business,Idea Drafted,4.5,2025,Qtr 2,April,1,15.69,Graduate,Writing,7,TRUE,4
Business,Idea Drafted,5,2025,Qtr 2,April,3,16.95,Undergraduate,Writing,3,TRUE,4
Business,Idea Drafted,3.8,2025,Qtr 2,April,5,14.8,Undergraduate,Writing,5,FALSE,4
Business,Idea Drafted,3.1,2025,Qtr 2,April,7,42.28,Undergraduate,Brainstorming,19,FALSE,3
Business,Idea Drafted,5,2025,Qtr 2,April,7,11.03,Undergraduate,Studying,4,TRUE,5
Business,Idea Drafted,1.1,2025,Qtr 2,April,9,56.48,Graduate,Writing,15,TRUE,3
Business,Idea Drafted,5,2025,Qtr 2,April,9,6.91,High School,Homework Help,2,FALSE,4
Business,Idea Drafted,3.7,2025,Qtr 2,April,9,22.68,Undergraduate,Writing,6,TRUE,4
Business,Idea Drafted,4.6,2025,Qtr 2,April,11,11.49,High School,Homework Help,3,TRUE,4
Business,Idea Drafted,4.7,2025,Qtr 2,April,12,48.97,Undergraduate,Studying,14,TRUE,4
Business,Idea Drafted,4.8,2025,Qtr 2,April,13,18.56,Undergraduate,Studying,4,TRUE,5
Business,Idea Drafted,3,2025,Qtr 2,April,14,5.78,Undergraduate,Homework Help,1,FALSE,3
Business,Idea Drafted,4.8,2025,Qtr 2,April,15,84.96,High School,Writing,17,TRUE,4
Business,Idea Drafted,2.8,2025,Qtr 2,April,16,6.73,Undergraduate,Coding,2,TRUE,3
Business,Idea Drafted,1,2025,Qtr 2,April,16,52.22,Undergraduate,Research,10,FALSE,3
Business,Idea Drafted,1.9,2025,Qtr 2,April,17,15.83,Undergraduate,Coding,4,TRUE,3
Business,Idea Drafted,4.5,2025,Qtr 2,April,17,44.75,Undergraduate,Writing,10,FALSE,4
Business,Idea Drafted,3.5,2025,Qtr 2,April,18,34.41,Undergraduate,Brainstorming,8,TRUE,4
Business,Idea Drafted,1,2025,Qtr 2,April,19,19.04,Graduate,Studying,4,TRUE,2
Business,Idea Drafted,2.6,2025,Qtr 2,April,20,32.26,Undergraduate,Brainstorming,7,TRUE,2
Business,Idea Drafted,1.6,2025,Qtr 2,April,23,92.76,Graduate,Homework Help,31,TRUE,2
Business,Idea Drafted,3.1,2025,Qtr 2,April,25,5.33,Undergraduate,Homework Help,1,TRUE,4
Business,Idea Drafted,2.5,2025,Qtr 2,April,25,18.38,Undergraduate,Writing,5,TRUE,3
Business,Idea Drafted,3.6,2025,Qtr 2,April,26,4.68,Undergraduate,Coding,2,TRUE,3
Business,Idea Drafted,6.5,2025,Qtr 2,April,27,34.66,Undergraduate,Studying,7,FALSE,7
Business,Idea Drafted,3.4,2025,Qtr 2,April,28,33.6,Undergraduate,Brainstorming,16,FALSE,4
Business,Idea Drafted,5,2025,Qtr 2,April,28,42.94,Undergraduate,Brainstorming,8,TRUE,5
Business,Idea Drafted,4.3,2025,Qtr 2,April,30,3.78,Graduate,Homework Help,1,TRUE,4
Business,Idea Drafted,2.8,2025,Qtr 2,April,30,26.52,High School,Research,5,TRUE,4
Business,Idea Drafted,3.3,2025,Qtr 2,April,30,5.02,Undergraduate,Studying,1,TRUE,3
Business,Idea Drafted,2.9,2025,Qtr 2,April,30,32.88,Undergraduate,Writing,7,FALSE,3
Business,Idea Drafted,2.4,2025,Qtr 2,May,1,25.29,Graduate,Writing,8,FALSE,3
Business,Idea Drafted,2.6,2025,Qtr 2,May,1,7.06,Undergraduate,Writing,1,TRUE,4
Business,Idea Drafted,3.4,2025,Qtr 2,May,2,12.71,High School,Writing,2,TRUE,4
Business,Idea Drafted,3.5,2025,Qtr 2,May,2,39.9,Undergraduate,Writing,8,FALSE,3
Business,Idea Drafted,1,2025,Qtr 2,May,3,19.35,Graduate,Studying,5,FALSE,1
Business,Idea Drafted,4,2025,Qtr 2,May,3,9.24,Undergraduate,Writing,1,TRUE,4
Business,Idea Drafted,2,2025,Qtr 2,May,4,24.37,Undergraduate,Studying,6,TRUE,2
Business,Idea Drafted,4.7,2025,Qtr 2,May,5,11.21,Undergraduate,Studying,5,TRUE,3
Business,Idea Drafted,3.6,2025,Qtr 2,May,6,13.61,High School,Writing,3,TRUE,3
Business,Idea Drafted,9.2,2025,Qtr 2,May,6,19.14,Undergraduate,Studying,6,TRUE,8
Business,Idea Drafted,3.9,2025,Qtr 2,May,7,48.47,Graduate,Writing,14,FALSE,2
Business,Idea Drafted,1,2025,Qtr 2,May,9,8.75,Undergraduate,Homework Help,3,TRUE,3
Business,Idea Drafted,2.1,2025,Qtr 2,May,10,37.17,Graduate,Writing,7,TRUE,3
Business,Idea Drafted,5,2025,Qtr 2,May,10,7.11,Undergraduate,Writing,2,FALSE,5
Business,Idea Drafted,4.7,2025,Qtr 2,May,11,9.04,High School,Homework Help,3,TRUE,4
Business,Idea Drafted,4.8,2025,Qtr 2,May,11,12.72,High School,Writing,4,TRUE,5
Business,Idea Drafted,1.2,2025,Qtr 2,May,12,29.49,Undergraduate,Writing,6,TRUE,3
Business,Idea Drafted,4.9,2025,Qtr 2,May,14,14.67,Undergraduate,Studying,3,TRUE,4
Business,Idea Drafted,4.1,2025,Qtr 2,May,14,28.19,Undergraduate,Writing,8,TRUE,4
Business,Idea Drafted,3.6,2025,Qtr 2,May,15,9.53,Undergraduate,Writing,2,FALSE,3
Business,Idea Drafted,1,2025,Qtr 2,May,16,8.32,High School,Studying,1,FALSE,2
Business,Idea Drafted,4.9,2025,Qtr 2,May,17,23.42,High School,Studying,10,TRUE,5
Business,Idea Drafted,3,2025,Qtr 2,May,18,33.3,Graduate,Coding,10,TRUE,3
Business,Idea Drafted,2,2025,Qtr 2,May,18,18.85,Undergraduate,Coding,5,TRUE,3
Business,Idea Drafted,3.8,2025,Qtr 2,May,18,11.48,Undergraduate,Research,3,FALSE,4
Business,Idea Drafted,1,2025,Qtr 2,May,21,4.97,Undergraduate,Writing,1,TRUE,2
Business,Idea Drafted,3.4,2025,Qtr 2,May,22,8.7,Undergraduate,Coding,1,TRUE,4
Business,Idea Drafted,5,2025,Qtr 2,May,25,19.8,Undergraduate,Coding,9,TRUE,5
Business,Idea Drafted,3.4,2025,Qtr 2,May,25,6.79,Undergraduate,Studying,1,TRUE,3
Business,Idea Drafted,5.6,2025,Qtr 2,May,25,21.74,Undergraduate,Writing,5,TRUE,8
Business,Idea Drafted,3.3,2025,Qtr 2,May,28,16.06,Undergraduate,Writing,4,TRUE,4
Business,Idea Drafted,1.7,2025,Qtr 2,May,29,8.53,Graduate,Studying,3,TRUE,3
Business,Idea Drafted,4.5,2025,Qtr 2,May,30,29.89,Undergraduate,Writing,9,FALSE,4
Business,Idea Drafted,2.7,2025,Qtr 2,May,31,26.14,Undergraduate,Writing,9,FALSE,3
Business,Idea Drafted,4.3,2025,Qtr 2,June,1,4.53,High School,Writing,1,FALSE,5
Business,Idea Drafted,4.9,2025,Qtr 2,June,2,5.29,Undergraduate,Homework Help,1,FALSE,3
Business,Idea Drafted,2.2,2025,Qtr 2,June,3,18.16,Graduate,Research,4,TRUE,3
Business,Idea Drafted,2.5,2025,Qtr 2,June,3,13.25,Undergraduate,Writing,4,TRUE,2
Business,Idea Drafted,1.7,2025,Qtr 2,June,4,17.21,High School,Writing,5,TRUE,2
Business,Idea Drafted,5,2025,Qtr 2,June,6,35.44,High School,Studying,10,TRUE,5
Business,Idea Drafted,4.6,2025,Qtr 2,June,7,9.74,Undergraduate,Coding,2,TRUE,5
Business,Idea Drafted,2.6,2025,Qtr 2,June,7,43.42,Undergraduate,Writing,16,TRUE,2
Business,Idea Drafted,2.6,2025,Qtr 2,June,8,8.81,Undergraduate,Writing,1,FALSE,3
Business,Idea Drafted,3.4,2025,Qtr 2,June,9,12.19,Undergraduate,Writing,4,FALSE,3
Business,Idea Drafted,4.6,2025,Qtr 2,June,10,28.57,Undergraduate,Research,11,TRUE,4
Business,Idea Drafted,4.9,2025,Qtr 2,June,11,75.87,High School,Homework Help,16,TRUE,4
Business,Idea Drafted,1.6,2025,Qtr 2,June,12,15.88,Graduate,Research,4,TRUE,3
Business,Idea Drafted,2,2025,Qtr 2,June,12,15.6,High School,Studying,5,TRUE,3
Business,Idea Drafted,3.3,2025,Qtr 2,June,13,24.99,Undergraduate,Studying,5,TRUE,4
Business,Idea Drafted,3.6,2025,Qtr 2,June,14,26.08,Graduate,Writing,11,TRUE,4
Business,Idea Drafted,2.2,2025,Qtr 2,June,14,20.89,Undergraduate,Homework Help,6,FALSE,4
Business,Idea Drafted,3,2025,Qtr 2,June,17,39.75,Undergraduate,Studying,18,TRUE,3
Business,Idea Drafted,2.3,2025,Qtr 2,June,18,8.41,Undergraduate,Brainstorming,2,TRUE,3
Business,Idea Drafted,3.9,2025,Qtr 2,June,18,33.47,Undergraduate,Studying,14,TRUE,4
Business,Idea Drafted,4,2025,Qtr 2,June,19,11.02,Graduate,Homework Help,3,TRUE,4
Business,Idea Drafted,2.6,2025,Qtr 2,June,19,7.61,Graduate,Writing,2,FALSE,3
Business,Idea Drafted,2.4,2025,Qtr 2,June,19,12.52,Undergraduate,Homework Help,4,TRUE,3
Business,Idea Drafted,7.3,2025,Qtr 2,June,20,42.91,Undergraduate,Coding,9,TRUE,8
Business,Idea Drafted,5.2,2025,Qtr 2,June,20,85.61,Undergraduate,Writing,20,TRUE,4
Business,Idea Drafted,4.3,2025,Qtr 2,June,21,4.46,High School,Writing,1,TRUE,4
Business,Idea Drafted,2.5,2025,Qtr 2,June,21,7.24,Undergraduate,Studying,1,TRUE,3
Business,Idea Drafted,1.8,2025,Qtr 2,June,21,2.25,Undergraduate,Writing,1,TRUE,2
Business,Idea Drafted,3.2,2025,Qtr 2,June,23,23.58,Graduate,Writing,6,TRUE,3
Computer Science,Assignment Completed,2,2024,Qtr 2,June,25,12.87,Graduate,Coding,3,TRUE,3
Computer Science,Assignment Completed,4,2024,Qtr 2,June,25,9.21,High School,Homework Help,3,FALSE,5
Computer Science,Assignment Completed,3,2024,Qtr 2,June,26,16.56,Graduate,Homework Help,6,TRUE,2
Computer Science,Assignment Completed,3.2,2024,Qtr 2,June,26,4.34,High School,Writing,1,TRUE,3
Computer Science,Assignment Completed,3.2,2024,Qtr 2,June,27,11.89,Undergraduate,Coding,2,TRUE,3
Computer Science,Assignment Completed,4.6,2024,Qtr 2,June,29,13.25,Undergraduate,Homework Help,2,FALSE,5
Computer Science,Assignment Completed,3.1,2024,Qtr 2,June,30,17.72,Undergraduate,Homework Help,6,TRUE,2
Computer Science,Assignment Completed,2.3,2024,Qtr 3,July,1,17.72,Undergraduate,Homework Help,6,TRUE,3
Computer Science,Assignment Completed,2.9,2024,Qtr 3,July,2,35.09,High School,Writing,7,TRUE,3
Computer Science,Assignment Completed,3,2024,Qtr 3,July,3,6.01,High School,Coding,1,TRUE,4
Computer Science,Assignment Completed,1.7,2024,Qtr 3,July,3,20.06,Undergraduate,Homework Help,4,TRUE,2
Computer Science,Assignment Completed,4.5,2024,Qtr 3,July,3,12.57,Undergraduate,Studying,5,TRUE,3
Computer Science,Assignment Completed,3.9,2024,Qtr 3,July,4,43.7,High School,Writing,10,TRUE,4
Computer Science,Assignment Completed,3.1,2024,Qtr 3,July,4,8.57,Undergraduate,Writing,2,TRUE,4
Computer Science,Assignment Completed,5,2024,Qtr 3,July,5,20.24,Undergraduate,Writing,9,TRUE,5
Computer Science,Assignment Completed,3.7,2024,Qtr 3,July,6,8.4,Undergraduate,Coding,2,TRUE,3
Computer Science,Assignment Completed,3.5,2024,Qtr 3,July,6,29.68,Undergraduate,Research,11,TRUE,4
Computer Science,Assignment Completed,2.7,2024,Qtr 3,July,7,32.93,Undergraduate,Coding,15,TRUE,3
Computer Science,Assignment Completed,2.7,2024,Qtr 3,July,8,19.02,High School,Writing,4,TRUE,3
Computer Science,Assignment Completed,2.5,2024,Qtr 3,July,8,15.07,Undergraduate,Coding,4,FALSE,1
Computer Science,Assignment Completed,2.9,2024,Qtr 3,July,8,8.22,Undergraduate,Coding,1,TRUE,3
Computer Science,Assignment Completed,4.5,2024,Qtr 3,July,8,97.53,Undergraduate,Writing,21,TRUE,6
Computer Science,Assignment Completed,2.6,2024,Qtr 3,July,9,21.34,High School,Homework Help,7,TRUE,2
Computer Science,Assignment Completed,7.8,2024,Qtr 3,July,9,17.92,Undergraduate,Coding,5,TRUE,8
Computer Science,Assignment Completed,3.8,2024,Qtr 3,July,9,13.64,Undergraduate,Studying,2,FALSE,4
Computer Science,Assignment Completed,3.3,2024,Qtr 3,July,9,8.06,Undergraduate,Studying,2,TRUE,3
Computer Science,Assignment Completed,5,2024,Qtr 3,July,10,39.08,High School,Coding,10,TRUE,5
Computer Science,Assignment Completed,5,2024,Qtr 3,July,10,2.48,Undergraduate,Coding,1,FALSE,4
Computer Science,Assignment Completed,7,2024,Qtr 3,July,10,27.01,Undergraduate,Homework Help,6,TRUE,7
Computer Science,Assignment Completed,3.5,2024,Qtr 3,July,11,24.6,High School,Writing,6,TRUE,3
Computer Science,Assignment Completed,2.7,2024,Qtr 3,July,11,4.52,Undergraduate,Homework Help,1,FALSE,3
Computer Science,Assignment Completed,5,2024,Qtr 3,July,11,9.52,Undergraduate,Writing,2,TRUE,5
Computer Science,Assignment Completed,3.2,2024,Qtr 3,July,12,31.78,Undergraduate,Coding,6,FALSE,3
Computer Science,Assignment Completed,4.5,2024,Qtr 3,July,13,22.57,Graduate,Coding,5,TRUE,5
Computer Science,Assignment Completed,4.1,2024,Qtr 3,July,13,42.8,Undergraduate,Coding,11,TRUE,4
Computer Science,Assignment Completed,3.4,2024,Qtr 3,July,13,9.86,Undergraduate,Writing,3,FALSE,4
Computer Science,Assignment Completed,2.4,2024,Qtr 3,July,14,20.86,Graduate,Coding,6,TRUE,3
Computer Science,Assignment Completed,2.1,2024,Qtr 3,July,14,7.64,Undergraduate,Studying,1,TRUE,3
Computer Science,Assignment Completed,3.6,2024,Qtr 3,July,15,11.2,Undergraduate,Coding,2,FALSE,4
Computer Science,Assignment Completed,2.2,2024,Qtr 3,July,15,18.79,Undergraduate,Coding,6,TRUE,1
Computer Science,Assignment Completed,3.9,2024,Qtr 3,July,15,27.38,Undergraduate,Homework Help,5,TRUE,4
Computer Science,Assignment Completed,3.5,2024,Qtr 3,July,16,16.2,Undergraduate,Coding,4,TRUE,3
Computer Science,Assignment Completed,2.8,2024,Qtr 3,July,16,24.5,Undergraduate,Writing,6,TRUE,5
Computer Science,Assignment Completed,2.3,2024,Qtr 3,July,17,13.92,Undergraduate,Homework Help,5,TRUE,2
Computer Science,Assignment Completed,5,2024,Qtr 3,July,18,3.33,High School,Writing,1,TRUE,5
Computer Science,Assignment Completed,1,2024,Qtr 3,July,18,24.86,Undergraduate,Studying,8,TRUE,1
Computer Science,Assignment Completed,4,2024,Qtr 3,July,19,29.98,Undergraduate,Homework Help,12,TRUE,3
Computer Science,Assignment Completed,1,2024,Qtr 3,July,20,27.28,Undergraduate,Homework Help,10,FALSE,2
Computer Science,Assignment Completed,3.1,2024,Qtr 3,July,22,11.08,Graduate,Studying,2,TRUE,4
Computer Science,Assignment Completed,4.3,2024,Qtr 3,July,22,24.54,Undergraduate,Writing,7,TRUE,4
Computer Science,Assignment Completed,1.9,2024,Qtr 3,July,23,12.87,Undergraduate,Homework Help,5,TRUE,3
Computer Science,Assignment Completed,2.2,2024,Qtr 3,July,24,60.48,Undergraduate,Homework Help,19,FALSE,2
Computer Science,Assignment Completed,4.7,2024,Qtr 3,July,24,15.87,Undergraduate,Homework Help,3,TRUE,4
Computer Science,Assignment Completed,2.4,2024,Qtr 3,July,25,19.43,Undergraduate,Writing,4,FALSE,3
Computer Science,Assignment Completed,4.6,2024,Qtr 3,July,26,1.46,High School,Homework Help,1,TRUE,5
Computer Science,Assignment Completed,4.9,2024,Qtr 3,July,26,5.57,Undergraduate,Homework Help,1,FALSE,5
Computer Science,Assignment Completed,2.9,2024,Qtr 3,July,27,6.76,Graduate,Coding,2,TRUE,3
Computer Science,Assignment Completed,1.7,2024,Qtr 3,July,28,52.5,Graduate,Homework Help,19,TRUE,2
Computer Science,Assignment Completed,5,2024,Qtr 3,July,28,7.55,Undergraduate,Homework Help,1,FALSE,5
Computer Science,Assignment Completed,3.6,2024,Qtr 3,July,29,10.9,Undergraduate,Coding,3,FALSE,3
Computer Science,Assignment Completed,1.4,2024,Qtr 3,July,30,13.83,Undergraduate,Coding,3,TRUE,2
Computer Science,Assignment Completed,2.6,2024,Qtr 3,July,30,8.61,Undergraduate,Writing,3,TRUE,4
Computer Science,Assignment Completed,4.8,2024,Qtr 3,August,1,59.43,High School,Homework Help,12,TRUE,5
Computer Science,Assignment Completed,4.3,2024,Qtr 3,August,1,36.06,Undergraduate,Coding,10,TRUE,4
Computer Science,Assignment Completed,3.4,2024,Qtr 3,August,2,3.78,Graduate,Writing,1,TRUE,4
Computer Science,Assignment Completed,4.6,2024,Qtr 3,August,2,6.58,Undergraduate,Studying,1,TRUE,4
Computer Science,Assignment Completed,5,2024,Qtr 3,August,3,38.99,Undergraduate,Studying,17,TRUE,4
Computer Science,Assignment Completed,3.1,2024,Qtr 3,August,3,12.1,Undergraduate,Writing,3,TRUE,3
Computer Science,Assignment Completed,4.5,2024,Qtr 3,August,4,14.97,Undergraduate,Homework Help,3,TRUE,5
Computer Science,Assignment Completed,4.2,2024,Qtr 3,August,5,49.05,Graduate,Studying,22,TRUE,4
Computer Science,Assignment Completed,4.1,2024,Qtr 3,August,5,4.71,Undergraduate,Coding,1,TRUE,3
Computer Science,Assignment Completed,4.5,2024,Qtr 3,August,6,31.36,High School,Coding,13,FALSE,4
Computer Science,Assignment Completed,4.2,2024,Qtr 3,August,8,16.4,Undergraduate,Studying,4,TRUE,4
Computer Science,Assignment Completed,5,2024,Qtr 3,August,9,4.73,Graduate,Writing,1,TRUE,5
Computer Science,Assignment Completed,7.5,2024,Qtr 3,August,9,31.26,Undergraduate,Studying,9,TRUE,7
Computer Science,Assignment Completed,2.7,2024,Qtr 3,August,10,11.41,Undergraduate,Studying,2,TRUE,3
Computer Science,Assignment Completed,3.7,2024,Qtr 3,August,11,25.73,Graduate,Homework Help,8,TRUE,4
Computer Science,Assignment Completed,3,2024,Qtr 3,August,11,14.4,High School,Homework Help,2,TRUE,3
Computer Science,Assignment Completed,2.2,2024,Qtr 3,August,12,40.42,High School,Coding,9,TRUE,2
Computer Science,Assignment Completed,2,2024,Qtr 3,August,12,28.94,High School,Research,10,TRUE,3
Computer Science,Assignment Completed,8.8,2024,Qtr 3,August,12,66.31,Undergraduate,Coding,13,TRUE,8
Computer Science,Assignment Completed,5,2024,Qtr 3,August,13,42.83,High School,Coding,9,TRUE,4
Computer Science,Assignment Completed,6.6,2024,Qtr 3,August,13,35.96,Undergraduate,Coding,7,TRUE,6
Computer Science,Assignment Completed,4.8,2024,Qtr 3,August,13,8.91,Undergraduate,Homework Help,4,TRUE,4
Computer Science,Assignment Completed,1.8,2024,Qtr 3,August,13,10.63,Undergraduate,Studying,3,TRUE,3
Computer Science,Assignment Completed,3.6,2024,Qtr 3,August,14,32.36,Graduate,Coding,10,TRUE,3
Computer Science,Assignment Completed,5,2024,Qtr 3,August,14,19.19,High School,Writing,9,TRUE,4
Computer Science,Assignment Completed,5,2024,Qtr 3,August,14,21.35,Undergraduate,Coding,8,TRUE,4
Computer Science,Assignment Completed,1,2024,Qtr 3,August,14,14.29,Undergraduate,Homework Help,5,TRUE,1
Computer Science,Assignment Completed,4.2,2024,Qtr 3,August,14,3.93,Undergraduate,Writing,1,TRUE,4
Computer Science,Assignment Completed,1.5,2024,Qtr 3,August,15,7.99,High School,Studying,2,TRUE,2
Computer Science,Assignment Completed,2.7,2024,Qtr 3,August,16,12.74,Graduate,Homework Help,5,TRUE,3
Computer Science,Assignment Completed,5,2024,Qtr 3,August,16,1.09,High School,Studying,1,TRUE,5
Computer Science,Assignment Completed,1.7,2024,Qtr 3,August,16,21.01,Undergraduate,Homework Help,5,TRUE,2
Computer Science,Assignment Completed,4.1,2024,Qtr 3,August,16,20.88,Undergraduate,Research,4,TRUE,5
Computer Science,Assignment Completed,3,2024,Qtr 3,August,16,37.4,Undergraduate,Writing,13,TRUE,4
Computer Science,Assignment Completed,1.4,2024,Qtr 3,August,17,35.74,Undergraduate,Studying,12,TRUE,1
Computer Science,Assignment Completed,2.9,2024,Qtr 3,August,18,14.61,Graduate,Studying,4,TRUE,4
Computer Science,Assignment Completed,2.9,2024,Qtr 3,August,18,21.27,Undergraduate,Research,6,TRUE,2
Computer Science,Assignment Completed,2.1,2024,Qtr 3,August,19,3.82,High School,Writing,1,TRUE,3
Computer Science,Assignment Completed,4.9,2024,Qtr 3,August,20,35.7,Undergraduate,Coding,9,TRUE,4
Computer Science,Assignment Completed,4.2,2024,Qtr 3,August,20,21.65,Undergraduate,Writing,5,TRUE,4
Computer Science,Assignment Completed,2.7,2024,Qtr 3,August,21,17.2,High School,Studying,6,TRUE,3
Computer Science,Assignment Completed,4.5,2024,Qtr 3,August,21,7.23,High School,Writing,2,TRUE,5
Computer Science,Assignment Completed,4.3,2024,Qtr 3,August,21,9.69,Undergraduate,Studying,2,TRUE,3
Computer Science,Assignment Completed,4.4,2024,Qtr 3,August,21,7.47,Undergraduate,Writing,2,FALSE,3
Computer Science,Assignment Completed,4.6,2024,Qtr 3,August,21,7.62,Undergraduate,Writing,1,TRUE,4
Computer Science,Assignment Completed,4.9,2024,Qtr 3,August,22,29.11,Graduate,Homework Help,7,TRUE,5
Computer Science,Assignment Completed,2.9,2024,Qtr 3,August,22,1.63,Undergraduate,Homework Help,1,TRUE,3
Computer Science,Assignment Completed,3.3,2024,Qtr 3,August,23,33.55,High School,Coding,7,TRUE,4
Computer Science,Assignment Completed,2.7,2024,Qtr 3,August,23,7.94,High School,Homework Help,2,TRUE,3
Computer Science,Assignment Completed,4.5,2024,Qtr 3,August,23,18.84,High School,Writing,5,TRUE,4
Computer Science,Assignment Completed,5,2024,Qtr 3,August,24,43.08,Undergraduate,Coding,9,TRUE,5
Computer Science,Assignment Completed,4.2,2024,Qtr 3,August,25,16.25,Undergraduate,Research,3,TRUE,4
Computer Science,Assignment Completed,4.1,2024,Qtr 3,August,26,12.36,Graduate,Homework Help,3,FALSE,4
Computer Science,Assignment Completed,3.2,2024,Qtr 3,August,26,20.26,Undergraduate,Homework Help,6,TRUE,4
Computer Science,Assignment Completed,8.3,2024,Qtr 3,August,26,40.16,Undergraduate,Studying,8,TRUE,9
Computer Science,Assignment Completed,2.7,2024,Qtr 3,August,27,3.69,Undergraduate,Coding,1,FALSE,3
Computer Science,Assignment Completed,2.9,2024,Qtr 3,August,27,50.44,Undergraduate,Studying,24,TRUE,2
Computer Science,Assignment Completed,3.5,2024,Qtr 3,August,28,11.75,Undergraduate,Studying,4,TRUE,3
Computer Science,Assignment Completed,2.9,2024,Qtr 3,August,30,16.94,Graduate,Coding,4,TRUE,3
Computer Science,Assignment Completed,4,2024,Qtr 3,August,30,14.93,Undergraduate,Coding,4,TRUE,5
Computer Science,Assignment Completed,2,2024,Qtr 3,August,31,29.33,High School,Studying,6,TRUE,3
Computer Science,Assignment Completed,3.6,2024,Qtr 3,August,31,25.1,Undergraduate,Studying,6,FALSE,5
Computer Science,Assignment Completed,3.4,2024,Qtr 3,September,1,10.49,Undergraduate,Writing,2,TRUE,4
Computer Science,Assignment Completed,5,2024,Qtr 3,September,2,6.6,Graduate,Coding,1,TRUE,5
Computer Science,Assignment Completed,3.4,2024,Qtr 3,September,2,33.15,Graduate,Homework Help,8,TRUE,4
Computer Science,Assignment Completed,6.7,2024,Qtr 3,September,2,21.92,Undergraduate,Coding,5,TRUE,8
Computer Science,Assignment Completed,2.9,2024,Qtr 3,September,2,14.63,Undergraduate,Writing,3,TRUE,3
Computer Science,Assignment Completed,4.5,2024,Qtr 3,September,3,11.52,High School,Writing,3,TRUE,4
Computer Science,Assignment Completed,4.4,2024,Qtr 3,September,4,19.51,Undergraduate,Coding,5,TRUE,3
Computer Science,Assignment Completed,2.6,2024,Qtr 3,September,5,63.12,Undergraduate,Homework Help,28,TRUE,2
Computer Science,Assignment Completed,4.3,2024,Qtr 3,September,6,20.23,High School,Writing,4,TRUE,4
Computer Science,Assignment Completed,1.7,2024,Qtr 3,September,6,24.66,Undergraduate,Writing,6,TRUE,3
Computer Science,Assignment Completed,2.3,2024,Qtr 3,September,7,24.25,Graduate,Coding,5,TRUE,3
Computer Science,Assignment Completed,3.7,2024,Qtr 3,September,9,22.69,Undergraduate,Homework Help,7,TRUE,3
Computer Science,Assignment Completed,3.1,2024,Qtr 3,September,9,15.44,Undergraduate,Studying,6,TRUE,2
Computer Science,Assignment Completed,4.5,2024,Qtr 3,September,9,29.12,Undergraduate,Writing,8,TRUE,5
Computer Science,Assignment Completed,5,2024,Qtr 3,September,10,20.46,Undergraduate,Writing,5,TRUE,4
Computer Science,Assignment Completed,3.8,2024,Qtr 3,September,11,25.31,Undergraduate,Coding,5,TRUE,4
Computer Science,Assignment Completed,3.6,2024,Qtr 3,September,11,25.42,Undergraduate,Studying,12,TRUE,3
Computer Science,Assignment Completed,3.1,2024,Qtr 3,September,11,4.45,Undergraduate,Writing,1,TRUE,3
Computer Science,Assignment Completed,2.3,2024,Qtr 3,September,13,15.03,High School,Coding,3,TRUE,2
Computer Science,Assignment Completed,2.7,2024,Qtr 3,September,13,2.31,High School,Studying,1,TRUE,3
Computer Science,Assignment Completed,4.4,2024,Qtr 3,September,14,18.17,Undergraduate,Coding,4,FALSE,4
Computer Science,Assignment Completed,3.9,2024,Qtr 3,September,14,14.98,Undergraduate,Homework Help,3,FALSE,3
Computer Science,Assignment Completed,4.8,2024,Qtr 3,September,15,8.91,Undergraduate,Brainstorming,2,TRUE,5
Computer Science,Assignment Completed,2.3,2024,Qtr 3,September,15,11.38,Undergraduate,Coding,4,TRUE,3
Computer Science,Assignment Completed,2,2024,Qtr 3,September,15,30.89,Undergraduate,Studying,6,TRUE,3
Computer Science,Assignment Completed,2.6,2024,Qtr 3,September,16,19.67,Graduate,Writing,3,TRUE,3
Computer Science,Assignment Completed,8.8,2024,Qtr 3,September,18,29.49,High School,Homework Help,10,TRUE,9
Computer Science,Assignment Completed,3.4,2024,Qtr 3,September,18,33.73,Undergraduate,Studying,9,TRUE,3
Computer Science,Assignment Completed,1.9,2024,Qtr 3,September,18,28.96,Undergraduate,Writing,6,FALSE,3
Computer Science,Assignment Completed,3.1,2024,Qtr 3,September,18,19.71,Undergraduate,Writing,7,TRUE,3
Computer Science,Assignment Completed,2.2,2024,Qtr 3,September,19,7.49,Undergraduate,Coding,3,TRUE,4
Computer Science,Assignment Completed,4.2,2024,Qtr 3,September,19,17.71,Undergraduate,Writing,6,TRUE,3
Computer Science,Assignment Completed,5,2024,Qtr 3,September,20,17.96,Undergraduate,Writing,5,TRUE,4
Computer Science,Assignment Completed,2.5,2024,Qtr 3,September,21,16.69,Undergraduate,Coding,8,TRUE,3
Computer Science,Assignment Completed,3.7,2024,Qtr 3,September,21,6.96,Undergraduate,Writing,1,TRUE,4
Computer Science,Assignment Completed,5,2024,Qtr 3,September,22,41.33,Undergraduate,Writing,8,TRUE,5
Computer Science,Assignment Completed,3.1,2024,Qtr 3,September,23,14.01,Graduate,Homework Help,5,TRUE,3
Computer Science,Assignment Completed,2.9,2024,Qtr 3,September,23,9.88,High School,Writing,3,TRUE,3
Computer Science,Assignment Completed,4.9,2024,Qtr 3,September,25,19.1,Undergraduate,Homework Help,6,TRUE,4
Computer Science,Assignment Completed,5,2024,Qtr 3,September,26,38.62,High School,Brainstorming,12,FALSE,5
Computer Science,Assignment Completed,2.9,2024,Qtr 3,September,27,4.39,Undergraduate,Coding,1,TRUE,3
Computer Science,Assignment Completed,3.3,2024,Qtr 3,September,27,9.63,Undergraduate,Homework Help,3,TRUE,3
Computer Science,Assignment Completed,4.5,2024,Qtr 3,September,27,29.19,Undergraduate,Studying,9,TRUE,5
Computer Science,Assignment Completed,3.8,2024,Qtr 3,September,27,24.18,Undergraduate,Writing,4,FALSE,5
Computer Science,Assignment Completed,4.3,2024,Qtr 3,September,28,36.6,High School,Studying,7,TRUE,5
Computer Science,Assignment Completed,1,2024,Qtr 3,September,28,32.81,High School,Writing,9,TRUE,2
Computer Science,Assignment Completed,1.3,2024,Qtr 3,September,28,6.3,Undergraduate,Homework Help,1,TRUE,2
Computer Science,Assignment Completed,4.3,2024,Qtr 3,September,30,54.03,High School,Coding,16,FALSE,4
Computer Science,Assignment Completed,3.8,2024,Qtr 3,September,30,6.42,High School,Homework Help,1,TRUE,3
Computer Science,Assignment Completed,3.6,2024,Qtr 3,September,30,14.76,Undergraduate,Studying,3,TRUE,5
Computer Science,Assignment Completed,4.9,2024,Qtr 3,September,30,22.87,Undergraduate,Writing,4,TRUE,4
Computer Science,Assignment Completed,8.9,2024,Qtr 4,October,2,31.88,Undergraduate,Coding,8,TRUE,8
Computer Science,Assignment Completed,3.8,2024,Qtr 4,October,4,2.54,Undergraduate,Brainstorming,1,TRUE,3
Computer Science,Assignment Completed,4.8,2024,Qtr 4,October,4,12.28,Undergraduate,Studying,4,TRUE,5
Computer Science,Assignment Completed,2.6,2024,Qtr 4,October,5,6.72,Undergraduate,Coding,2,TRUE,3
Computer Science,Assignment Completed,2.4,2024,Qtr 4,October,5,7.78,Undergraduate,Writing,1,TRUE,3
Computer Science,Assignment Completed,3.2,2024,Qtr 4,October,6,21.54,Graduate,Homework Help,6,FALSE,2
Computer Science,Assignment Completed,3,2024,Qtr 4,October,6,44.39,Undergraduate,Writing,17,TRUE,4
Computer Science,Assignment Completed,2.5,2024,Qtr 4,October,8,23.54,High School,Homework Help,9,TRUE,3
Computer Science,Assignment Completed,1.3,2024,Qtr 4,October,8,36.03,High School,Studying,8,TRUE,3
Computer Science,Assignment Completed,2.2,2024,Qtr 4,October,8,8.26,Undergraduate,Homework Help,4,FALSE,3
Computer Science,Assignment Completed,4.1,2024,Qtr 4,October,8,16.6,Undergraduate,Homework Help,6,TRUE,4
Computer Science,Assignment Completed,4.2,2024,Qtr 4,October,8,3.42,Undergraduate,Studying,1,TRUE,4
Computer Science,Assignment Completed,4.6,2024,Qtr 4,October,9,24.13,Undergraduate,Homework Help,6,TRUE,4
Computer Science,Assignment Completed,3,2024,Qtr 4,October,10,13.65,Graduate,Studying,4,TRUE,4
Computer Science,Assignment Completed,9.5,2024,Qtr 4,October,10,19.71,Undergraduate,Coding,3,TRUE,7
Computer Science,Assignment Completed,3.5,2024,Qtr 4,October,11,8.21,High School,Coding,2,TRUE,3
Computer Science,Assignment Completed,1.7,2024,Qtr 4,October,11,43.59,High School,Homework Help,21,TRUE,3
Computer Science,Assignment Completed,5,2024,Qtr 4,October,12,7.55,Undergraduate,Writing,2,TRUE,4
Computer Science,Assignment Completed,3.9,2024,Qtr 4,October,13,8.74,Undergraduate,Coding,2,FALSE,4
Computer Science,Assignment Completed,3.5,2024,Qtr 4,October,14,17.06,Undergraduate,Writing,5,TRUE,4
Computer Science,Assignment Completed,3.5,2024,Qtr 4,October,15,16.76,Undergraduate,Coding,4,FALSE,4
Computer Science,Assignment Completed,3.4,2024,Qtr 4,October,15,5.8,Undergraduate,Coding,1,TRUE,3
Computer Science,Assignment Completed,1,2024,Qtr 4,October,16,1.78,Undergraduate,Coding,1,TRUE,3
Computer Science,Assignment Completed,8,2024,Qtr 4,October,16,36.66,Undergraduate,Studying,17,TRUE,8
Computer Science,Assignment Completed,5,2024,Qtr 4,October,17,25.04,Undergraduate,Coding,9,TRUE,5
Computer Science,Assignment Completed,3.4,2024,Qtr 4,October,18,13.28,Undergraduate,Coding,5,TRUE,4
Computer Science,Assignment Completed,3.6,2024,Qtr 4,October,19,16.73,High School,Writing,4,TRUE,4
Computer Science,Assignment Completed,4.7,2024,Qtr 4,October,19,10.05,Undergraduate,Coding,2,TRUE,5
Computer Science,Assignment Completed,4.5,2024,Qtr 4,October,20,22.63,Graduate,Homework Help,6,TRUE,4
Computer Science,Assignment Completed,4,2024,Qtr 4,October,20,36.82,Graduate,Writing,8,TRUE,4
Computer Science,Assignment Completed,3.3,2024,Qtr 4,October,20,51.46,High School,Brainstorming,21,FALSE,4
Computer Science,Assignment Completed,3.9,2024,Qtr 4,October,20,26.67,High School,Coding,6,FALSE,4
Computer Science,Assignment Completed,3,2024,Qtr 4,October,21,12.77,Undergraduate,Studying,5,FALSE,3
Computer Science,Assignment Completed,3.3,2024,Qtr 4,October,22,8.04,High School,Writing,1,FALSE,3
Computer Science,Assignment Completed,5.8,2024,Qtr 4,October,22,97.24,Undergraduate,Writing,22,TRUE,6
Computer Science,Assignment Completed,3.2,2024,Qtr 4,October,23,16.22,Graduate,Homework Help,5,TRUE,3
Computer Science,Assignment Completed,5,2024,Qtr 4,October,23,21.16,Undergraduate,Coding,7,FALSE,5
Computer Science,Assignment Completed,3.9,2024,Qtr 4,October,23,4.66,Undergraduate,Homework Help,1,FALSE,3
Computer Science,Assignment Completed,4.4,2024,Qtr 4,October,23,16.57,Undergraduate,Homework Help,5,TRUE,4
Computer Science,Assignment Completed,4.2,2024,Qtr 4,October,23,38.19,Undergraduate,Writing,12,TRUE,4
Computer Science,Assignment Completed,4.9,2024,Qtr 4,October,24,8.07,Graduate,Coding,2,TRUE,5
Computer Science,Assignment Completed,4.2,2024,Qtr 4,October,24,8.71,Undergraduate,Homework Help,2,TRUE,4
Computer Science,Assignment Completed,2.8,2024,Qtr 4,October,26,19.54,High School,Writing,4,FALSE,3
Computer Science,Assignment Completed,5,2024,Qtr 4,October,26,2.57,High School,Writing,1,TRUE,5
Computer Science,Assignment Completed,4.5,2024,Qtr 4,October,26,15.96,Undergraduate,Homework Help,4,TRUE,4
Computer Science,Assignment Completed,4.6,2024,Qtr 4,October,27,3.98,Undergraduate,Studying,1,TRUE,5
Computer Science,Assignment Completed,3.7,2024,Qtr 4,October,28,10.18,Undergraduate,Homework Help,2,FALSE,4
Computer Science,Assignment Completed,2.6,2024,Qtr 4,October,29,41.55,Undergraduate,Coding,19,TRUE,3
Computer Science,Assignment Completed,4.8,2024,Qtr 4,October,30,5,Graduate,Writing,1,TRUE,4
Computer Science,Assignment Completed,3.7,2024,Qtr 4,October,30,16.91,High School,Homework Help,3,TRUE,3
Computer Science,Assignment Completed,5,2024,Qtr 4,October,31,24.43,Graduate,Homework Help,5,FALSE,5
Computer Science,Assignment Completed,4.6,2024,Qtr 4,October,31,19.7,High School,Writing,6,TRUE,5
Computer Science,Assignment Completed,4.4,2024,Qtr 4,November,1,20.57,High School,Homework Help,5,TRUE,4
Computer Science,Assignment Completed,5,2024,Qtr 4,November,1,19.07,Undergraduate,Writing,8,TRUE,5
Computer Science,Assignment Completed,4.4,2024,Qtr 4,November,3,20.66,High School,Studying,4,TRUE,3
Computer Science,Assignment Completed,1,2024,Qtr 4,November,3,31.2,Undergraduate,Studying,11,TRUE,2
Computer Science,Assignment Completed,3.4,2024,Qtr 4,November,3,24.83,Undergraduate,Writing,8,TRUE,3
Computer Science,Assignment Completed,2.7,2024,Qtr 4,November,4,40.57,Undergraduate,Coding,10,TRUE,3
Computer Science,Assignment Completed,2,2024,Qtr 4,November,4,21.79,Undergraduate,Writing,10,FALSE,3
Computer Science,Assignment Completed,3.2,2024,Qtr 4,November,4,13.99,Undergraduate,Writing,2,TRUE,4
Computer Science,Assignment Completed,2.2,2024,Qtr 4,November,5,2.42,High School,Homework Help,1,FALSE,3
Computer Science,Assignment Completed,5,2024,Qtr 4,November,5,8.61,High School,Writing,2,TRUE,4
Computer Science,Assignment Completed,2.6,2024,Qtr 4,November,5,6.36,Undergraduate,Homework Help,2,FALSE,3
Computer Science,Assignment Completed,1.2,2024,Qtr 4,November,5,48.85,Undergraduate,Homework Help,19,TRUE,2
Computer Science,Assignment Completed,4.1,2024,Qtr 4,November,6,1.87,High School,Writing,1,TRUE,4
Computer Science,Assignment Completed,2.9,2024,Qtr 4,November,6,12.45,Undergraduate,Writing,4,TRUE,3
Computer Science,Assignment Completed,4.3,2024,Qtr 4,November,7,10.57,Undergraduate,Brainstorming,2,TRUE,4
Computer Science,Assignment Completed,3.8,2024,Qtr 4,November,8,12.77,Graduate,Research,3,TRUE,4
Computer Science,Assignment Completed,8.4,2024,Qtr 4,November,8,19.8,Undergraduate,Writing,4,TRUE,8
Computer Science,Assignment Completed,4.4,2024,Qtr 4,November,10,12.74,Undergraduate,Homework Help,4,FALSE,4
Computer Science,Assignment Completed,2.6,2024,Qtr 4,November,10,21.98,Undergraduate,Studying,9,FALSE,3
Computer Science,Assignment Completed,1.7,2024,Qtr 4,November,11,14.61,Undergraduate,Coding,5,TRUE,3
Computer Science,Assignment Completed,5,2024,Qtr 4,November,12,27.53,Undergraduate,Brainstorming,7,TRUE,5
Computer Science,Assignment Completed,2.6,2024,Qtr 4,November,13,16.48,Undergraduate,Writing,4,TRUE,4
Computer Science,Assignment Completed,3.4,2024,Qtr 4,November,14,8.9,Undergraduate,Studying,2,TRUE,3
Computer Science,Assignment Completed,4.9,2024,Qtr 4,November,15,29.42,Graduate,Coding,6,FALSE,4
Computer Science,Assignment Completed,4,2024,Qtr 4,November,15,14.51,Graduate,Writing,5,TRUE,4
Computer Science,Assignment Completed,3.1,2024,Qtr 4,November,15,2.85,Undergraduate,Homework Help,1,FALSE,3
Computer Science,Assignment Completed,1.2,2024,Qtr 4,November,15,11.95,Undergraduate,Studying,3,TRUE,3
Computer Science,Assignment Completed,1.8,2024,Qtr 4,November,15,11.1,Undergraduate,Writing,2,TRUE,2
Computer Science,Assignment Completed,2.8,2024,Qtr 4,November,17,12.84,Undergraduate,Homework Help,4,TRUE,3
Computer Science,Assignment Completed,3.7,2024,Qtr 4,November,18,31.98,Undergraduate,Coding,15,TRUE,5
Computer Science,Assignment Completed,3.6,2024,Qtr 4,November,18,9.21,Undergraduate,Homework Help,2,TRUE,3
Computer Science,Assignment Completed,3.6,2024,Qtr 4,November,19,21.2,High School,Writing,6,TRUE,3
Computer Science,Assignment Completed,3.2,2024,Qtr 4,November,19,16.52,Undergraduate,Coding,6,TRUE,4
Computer Science,Assignment Completed,4.7,2024,Qtr 4,November,19,37.33,Undergraduate,Studying,9,TRUE,4
Computer Science,Assignment Completed,2.7,2024,Qtr 4,November,19,33.47,Undergraduate,Writing,6,TRUE,3
Computer Science,Assignment Completed,3.9,2024,Qtr 4,November,20,14.11,High School,Homework Help,4,TRUE,5
Computer Science,Assignment Completed,4.9,2024,Qtr 4,November,21,16.72,Graduate,Studying,3,TRUE,5
Computer Science,Assignment Completed,3.9,2024,Qtr 4,November,21,37.77,Graduate,Writing,11,TRUE,3
Computer Science,Assignment Completed,4.4,2024,Qtr 4,November,21,15.09,Undergraduate,Studying,5,TRUE,3
Computer Science,Assignment Completed,3.4,2024,Qtr 4,November,22,10.4,Graduate,Research,2,TRUE,5
Computer Science,Assignment Completed,4.2,2024,Qtr 4,November,22,15.46,High School,Writing,4,FALSE,4
Computer Science,Assignment Completed,2.8,2024,Qtr 4,November,22,18.62,Undergraduate,Homework Help,4,TRUE,2
Computer Science,Assignment Completed,7.2,2024,Qtr 4,November,24,48.17,Undergraduate,Coding,13,TRUE,6
Computer Science,Assignment Completed,3,2024,Qtr 4,November,24,13.11,Undergraduate,Homework Help,2,TRUE,3
Computer Science,Assignment Completed,5,2024,Qtr 4,November,24,24.64,Undergraduate,Writing,6,TRUE,5
Computer Science,Assignment Completed,3.8,2024,Qtr 4,November,25,16.23,Undergraduate,Studying,5,TRUE,3
Computer Science,Assignment Completed,2.4,2024,Qtr 4,November,26,21.49,Undergraduate,Studying,5,TRUE,1
Computer Science,Assignment Completed,4.4,2024,Qtr 4,November,26,27.05,Undergraduate,Writing,5,FALSE,3
Computer Science,Assignment Completed,1.5,2024,Qtr 4,November,27,7.31,Graduate,Writing,2,TRUE,2
Computer Science,Assignment Completed,4.9,2024,Qtr 4,November,28,17.88,Undergraduate,Brainstorming,6,FALSE,4
Computer Science,Assignment Completed,4.2,2024,Qtr 4,November,28,59.41,Undergraduate,Homework Help,28,TRUE,4
Computer Science,Assignment Completed,4.1,2024,Qtr 4,November,29,23.51,Graduate,Studying,10,FALSE,4
Computer Science,Assignment Completed,5,2024,Qtr 4,November,29,37.91,Graduate,Writing,8,FALSE,5
Computer Science,Assignment Completed,4.8,2024,Qtr 4,November,29,11.29,Undergraduate,Homework Help,3,TRUE,4
Computer Science,Assignment Completed,1,2024,Qtr 4,December,1,12.05,Graduate,Homework Help,2,FALSE,2
Computer Science,Assignment Completed,4.2,2024,Qtr 4,December,3,17.11,High School,Coding,3,TRUE,4
Computer Science,Assignment Completed,2,2024,Qtr 4,December,3,13.99,Undergraduate,Homework Help,5,TRUE,3
Computer Science,Assignment Completed,1.2,2024,Qtr 4,December,3,18.67,Undergraduate,Writing,6,FALSE,2
Computer Science,Assignment Completed,2.2,2024,Qtr 4,December,4,16.15,Undergraduate,Homework Help,6,TRUE,3
Computer Science,Assignment Completed,2.6,2024,Qtr 4,December,6,16.74,Graduate,Writing,5,TRUE,5
Computer Science,Assignment Completed,1.6,2024,Qtr 4,December,6,23.01,High School,Brainstorming,5,TRUE,2
Computer Science,Assignment Completed,2.4,2024,Qtr 4,December,6,13.75,Undergraduate,Writing,2,TRUE,3
Computer Science,Assignment Completed,1,2024,Qtr 4,December,7,13.1,High School,Homework Help,3,TRUE,1
Computer Science,Assignment Completed,2.3,2024,Qtr 4,December,7,2.32,Undergraduate,Writing,1,TRUE,2
Computer Science,Assignment Completed,4.1,2024,Qtr 4,December,8,39.5,Graduate,Studying,8,FALSE,4
Computer Science,Assignment Completed,4.8,2024,Qtr 4,December,9,11.55,Graduate,Coding,4,TRUE,5
Computer Science,Assignment Completed,6,2024,Qtr 4,December,9,16.82,Graduate,Homework Help,4,FALSE,7
Computer Science,Assignment Completed,5,2024,Qtr 4,December,10,39.11,Graduate,Coding,11,TRUE,4
Computer Science,Assignment Completed,3.1,2024,Qtr 4,December,10,9.63,High School,Research,2,TRUE,4
Computer Science,Assignment Completed,3.3,2024,Qtr 4,December,10,27.16,Undergraduate,Coding,9,TRUE,3
Computer Science,Assignment Completed,3.8,2024,Qtr 4,December,10,28.91,Undergraduate,Studying,8,TRUE,4
Computer Science,Assignment Completed,4,2024,Qtr 4,December,10,14.54,Undergraduate,Writing,3,TRUE,4
Computer Science,Assignment Completed,5,2024,Qtr 4,December,11,23.72,Undergraduate,Homework Help,5,TRUE,5
Computer Science,Assignment Completed,3.8,2024,Qtr 4,December,11,11.02,Undergraduate,Research,3,TRUE,3
Computer Science,Assignment Completed,1.5,2024,Qtr 4,December,12,18.63,Graduate,Writing,4,TRUE,2
Computer Science,Assignment Completed,2.6,2024,Qtr 4,December,12,9.3,High School,Homework Help,2,TRUE,2
Computer Science,Assignment Completed,3.9,2024,Qtr 4,December,12,7.58,High School,Studying,2,TRUE,3
Computer Science,Assignment Completed,2,2024,Qtr 4,December,12,21.83,Undergraduate,Homework Help,10,TRUE,3
Computer Science,Assignment Completed,2.1,2024,Qtr 4,December,13,4.73,High School,Homework Help,2,TRUE,2
Computer Science,Assignment Completed,9.8,2024,Qtr 4,December,14,14.57,Undergraduate,Coding,4,TRUE,10
Computer Science,Assignment Completed,3.9,2024,Qtr 4,December,15,25.33,High School,Writing,9,TRUE,3
Computer Science,Assignment Completed,2.5,2024,Qtr 4,December,16,2.31,Undergraduate,Coding,1,TRUE,3
Computer Science,Assignment Completed,4.8,2024,Qtr 4,December,16,25.99,Undergraduate,Studying,11,FALSE,4
Computer Science,Assignment Completed,3.2,2024,Qtr 4,December,16,22.27,Undergraduate,Studying,8,TRUE,3
Computer Science,Assignment Completed,3.6,2024,Qtr 4,December,16,9.68,Undergraduate,Writing,2,TRUE,4
Computer Science,Assignment Completed,3.8,2024,Qtr 4,December,18,15.19,Undergraduate,Studying,3,FALSE,3
Computer Science,Assignment Completed,4.8,2024,Qtr 4,December,19,15.22,High School,Research,4,TRUE,4
Computer Science,Assignment Completed,1.7,2024,Qtr 4,December,19,11.8,Undergraduate,Coding,3,TRUE,3
Computer Science,Assignment Completed,4.5,2024,Qtr 4,December,19,28.12,Undergraduate,Studying,7,TRUE,4
Computer Science,Assignment Completed,2.9,2024,Qtr 4,December,20,42.49,Undergraduate,Coding,15,TRUE,3
Computer Science,Assignment Completed,4.3,2024,Qtr 4,December,20,10.57,Undergraduate,Studying,2,TRUE,3
Computer Science,Assignment Completed,2.1,2024,Qtr 4,December,21,1.3,Graduate,Writing,1,TRUE,2
Computer Science,Assignment Completed,4.9,2024,Qtr 4,December,23,10.16,Graduate,Writing,2,TRUE,4
Computer Science,Assignment Completed,4.9,2024,Qtr 4,December,23,12.34,Undergraduate,Homework Help,3,TRUE,4
Computer Science,Assignment Completed,1.5,2024,Qtr 4,December,24,25.33,High School,Homework Help,10,TRUE,2
Computer Science,Assignment Completed,3.3,2024,Qtr 4,December,24,13.01,Undergraduate,Coding,3,TRUE,3
Computer Science,Assignment Completed,3.5,2024,Qtr 4,December,24,64.75,Undergraduate,Homework Help,20,FALSE,3
Computer Science,Assignment Completed,5,2024,Qtr 4,December,25,4.66,High School,Coding,1,FALSE,5
Computer Science,Assignment Completed,2.5,2024,Qtr 4,December,25,13.22,Undergraduate,Coding,6,FALSE,2
Computer Science,Assignment Completed,3.6,2024,Qtr 4,December,25,38.18,Undergraduate,Coding,11,TRUE,4
Computer Science,Assignment Completed,5,2024,Qtr 4,December,25,41.21,Undergraduate,Homework Help,9,TRUE,5
Computer Science,Assignment Completed,5,2024,Qtr 4,December,27,11.56,Graduate,Studying,3,TRUE,5
Computer Science,Assignment Completed,5,2024,Qtr 4,December,29,9.69,Graduate,Coding,3,TRUE,5
Computer Science,Assignment Completed,1.3,2024,Qtr 4,December,29,27.61,High School,Writing,7,TRUE,2
Computer Science,Assignment Completed,3.8,2024,Qtr 4,December,29,13,Undergraduate,Homework Help,2,TRUE,4
Computer Science,Assignment Completed,2.8,2024,Qtr 4,December,29,2.73,Undergraduate,Studying,1,TRUE,4
Computer Science,Assignment Completed,3.1,2024,Qtr 4,December,30,33.16,Undergraduate,Coding,10,TRUE,4
Computer Science,Assignment Completed,2.9,2024,Qtr 4,December,30,23.92,Undergraduate,Writing,5,TRUE,3
Computer Science,Assignment Completed,2.4,2024,Qtr 4,December,31,25.36,Undergraduate,Homework Help,6,TRUE,3
Computer Science,Assignment Completed,3,2024,Qtr 4,December,31,8.2,Undergraduate,Studying,1,TRUE,4
Computer Science,Assignment Completed,4.5,2025,Qtr 1,January,1,17.18,Undergraduate,Studying,3,TRUE,4
Computer Science,Assignment Completed,4.5,2025,Qtr 1,January,2,45.8,Undergraduate,Brainstorming,9,FALSE,4
Computer Science,Assignment Completed,5,2025,Qtr 1,January,2,8.09,Undergraduate,Coding,3,TRUE,5
Computer Science,Assignment Completed,2.3,2025,Qtr 1,January,3,23.14,Undergraduate,Homework Help,4,FALSE,3
Computer Science,Assignment Completed,4.6,2025,Qtr 1,January,5,17.39,Graduate,Brainstorming,4,TRUE,4
Computer Science,Assignment Completed,2.9,2025,Qtr 1,January,5,50.95,Graduate,Homework Help,18,TRUE,3
Computer Science,Assignment Completed,6.4,2025,Qtr 1,January,6,53.73,Graduate,Homework Help,21,TRUE,7
Computer Science,Assignment Completed,4.4,2025,Qtr 1,January,6,14.23,Graduate,Writing,4,FALSE,4
Computer Science,Assignment Completed,5.3,2025,Qtr 1,January,7,25.38,High School,Writing,5,TRUE,7
Computer Science,Assignment Completed,3.3,2025,Qtr 1,January,7,25.62,Undergraduate,Coding,5,TRUE,2
Computer Science,Assignment Completed,4.8,2025,Qtr 1,January,8,21.97,High School,Writing,5,TRUE,4
Computer Science,Assignment Completed,4,2025,Qtr 1,January,8,17.46,Undergraduate,Writing,4,FALSE,5
Computer Science,Assignment Completed,4.1,2025,Qtr 1,January,9,29.61,Graduate,Writing,13,TRUE,4
Computer Science,Assignment Completed,4.4,2025,Qtr 1,January,10,86.97,Graduate,Homework Help,23,TRUE,4
Computer Science,Assignment Completed,3.5,2025,Qtr 1,January,11,9.44,Graduate,Writing,3,TRUE,3
Computer Science,Assignment Completed,3.5,2025,Qtr 1,January,12,41.4,Undergraduate,Studying,11,TRUE,4
Computer Science,Assignment Completed,5,2025,Qtr 1,January,12,5.92,Undergraduate,Writing,2,TRUE,5
Computer Science,Assignment Completed,2,2025,Qtr 1,January,14,30.96,Graduate,Studying,13,TRUE,2
Computer Science,Assignment Completed,3.2,2025,Qtr 1,January,14,32.73,Undergraduate,Writing,8,TRUE,2
Computer Science,Assignment Completed,1,2025,Qtr 1,January,16,9.14,Undergraduate,Studying,2,TRUE,3
Computer Science,Assignment Completed,2.1,2025,Qtr 1,January,17,9.28,Graduate,Writing,3,FALSE,1
Computer Science,Assignment Completed,1.3,2025,Qtr 1,January,17,70.64,Undergraduate,Studying,24,TRUE,2
Computer Science,Assignment Completed,3.8,2025,Qtr 1,January,17,13.29,Undergraduate,Writing,3,FALSE,3
Computer Science,Assignment Completed,3.6,2025,Qtr 1,January,17,9.47,Undergraduate,Writing,2,TRUE,4
Computer Science,Assignment Completed,2.9,2025,Qtr 1,January,18,8.89,Undergraduate,Coding,2,TRUE,4
Computer Science,Assignment Completed,5,2025,Qtr 1,January,18,6.91,Undergraduate,Homework Help,1,TRUE,5
Computer Science,Assignment Completed,3.2,2025,Qtr 1,January,19,39.28,Graduate,Homework Help,10,TRUE,3
Computer Science,Assignment Completed,2.7,2025,Qtr 1,January,19,7.1,High School,Writing,2,TRUE,3
Computer Science,Assignment Completed,4.2,2025,Qtr 1,January,20,18.22,Graduate,Coding,6,TRUE,4
Computer Science,Assignment Completed,5,2025,Qtr 1,January,20,19.28,Undergraduate,Coding,9,TRUE,5
Computer Science,Assignment Completed,3,2025,Qtr 1,January,21,63.28,Graduate,Homework Help,13,FALSE,3
Computer Science,Assignment Completed,4.7,2025,Qtr 1,January,21,26.34,Undergraduate,Coding,5,TRUE,4
Computer Science,Assignment Completed,2.7,2025,Qtr 1,January,21,37.17,Undergraduate,Homework Help,9,TRUE,3
Computer Science,Assignment Completed,2.9,2025,Qtr 1,January,22,35.69,Undergraduate,Studying,11,TRUE,4
Computer Science,Assignment Completed,3.8,2025,Qtr 1,January,22,61.68,Undergraduate,Writing,15,FALSE,3
Computer Science,Assignment Completed,7,2025,Qtr 1,January,22,20.62,Undergraduate,Writing,4,TRUE,5
Computer Science,Assignment Completed,5,2025,Qtr 1,January,23,3.13,Undergraduate,Homework Help,1,TRUE,5
Computer Science,Assignment Completed,4.2,2025,Qtr 1,January,24,1.45,Graduate,Studying,1,TRUE,5
Computer Science,Assignment Completed,3.6,2025,Qtr 1,January,24,16.83,High School,Writing,5,TRUE,4
Computer Science,Assignment Completed,2.8,2025,Qtr 1,January,24,19.89,Undergraduate,Coding,6,TRUE,2
Computer Science,Assignment Completed,1.4,2025,Qtr 1,January,24,36.69,Undergraduate,Homework Help,16,TRUE,2
Computer Science,Assignment Completed,3.4,2025,Qtr 1,January,24,40.82,Undergraduate,Writing,8,TRUE,4
Computer Science,Assignment Completed,1,2025,Qtr 1,January,25,36.77,Graduate,Studying,8,TRUE,2
Computer Science,Assignment Completed,4.1,2025,Qtr 1,January,25,20.44,High School,Brainstorming,4,TRUE,4
Computer Science,Assignment Completed,4.3,2025,Qtr 1,January,26,18,High School,Homework Help,6,TRUE,4
Computer Science,Assignment Completed,2.8,2025,Qtr 1,January,26,16.47,High School,Writing,7,TRUE,3
Computer Science,Assignment Completed,5,2025,Qtr 1,January,27,4.64,Undergraduate,Homework Help,1,FALSE,5
Computer Science,Assignment Completed,3.6,2025,Qtr 1,January,27,22.38,Undergraduate,Writing,4,FALSE,3
Computer Science,Assignment Completed,3.6,2025,Qtr 1,January,28,37.67,Graduate,Writing,11,TRUE,4
Computer Science,Assignment Completed,4.4,2025,Qtr 1,January,29,7.05,Graduate,Homework Help,1,TRUE,4
Computer Science,Assignment Completed,3,2025,Qtr 1,January,29,11.09,Graduate,Writing,4,TRUE,2
Computer Science,Assignment Completed,3,2025,Qtr 1,January,30,30.29,Graduate,Writing,12,TRUE,4
Computer Science,Assignment Completed,3,2025,Qtr 1,January,30,25.63,Undergraduate,Homework Help,8,TRUE,3
Computer Science,Assignment Completed,1,2025,Qtr 1,January,30,4.42,Undergraduate,Writing,1,TRUE,2
Computer Science,Assignment Completed,5,2025,Qtr 1,February,1,34.58,Graduate,Studying,16,TRUE,4
Computer Science,Assignment Completed,1.9,2025,Qtr 1,February,1,8.14,High School,Coding,2,TRUE,2
Computer Science,Assignment Completed,3.3,2025,Qtr 1,February,1,23.5,Undergraduate,Studying,7,TRUE,3
Computer Science,Assignment Completed,3.3,2025,Qtr 1,February,2,4.78,Undergraduate,Research,1,TRUE,3
Computer Science,Assignment Completed,3.6,2025,Qtr 1,February,2,0.84,Undergraduate,Writing,1,TRUE,4
Computer Science,Assignment Completed,2.7,2025,Qtr 1,February,3,12.29,High School,Homework Help,4,FALSE,3
Computer Science,Assignment Completed,3.9,2025,Qtr 1,February,4,12.29,Undergraduate,Writing,5,FALSE,5
Computer Science,Assignment Completed,1.6,2025,Qtr 1,February,4,39.35,Undergraduate,Writing,15,TRUE,3
Computer Science,Assignment Completed,7,2025,Qtr 1,February,5,32.91,Graduate,Homework Help,9,TRUE,6
Computer Science,Assignment Completed,6.9,2025,Qtr 1,February,5,42.32,High School,Writing,12,TRUE,9
Computer Science,Assignment Completed,3.5,2025,Qtr 1,February,5,21.91,Undergraduate,Studying,5,TRUE,4
Computer Science,Assignment Completed,5,2025,Qtr 1,February,6,12.24,Undergraduate,Homework Help,4,FALSE,4
Computer Science,Assignment Completed,5,2025,Qtr 1,February,6,21.09,Undergraduate,Writing,6,TRUE,6
Computer Science,Assignment Completed,4.6,2025,Qtr 1,February,7,7.28,Graduate,Homework Help,2,TRUE,3
Computer Science,Assignment Completed,1,2025,Qtr 1,February,7,8.57,High School,Homework Help,2,TRUE,1
Computer Science,Assignment Completed,2.7,2025,Qtr 1,February,7,26.43,High School,Writing,10,TRUE,3
Computer Science,Assignment Completed,4.4,2025,Qtr 1,February,8,42.03,Undergraduate,Homework Help,11,FALSE,5
Computer Science,Assignment Completed,3.9,2025,Qtr 1,February,9,20.17,Undergraduate,Studying,4,TRUE,4
Computer Science,Assignment Completed,3.4,2025,Qtr 1,February,10,18.71,Graduate,Homework Help,7,TRUE,4
Computer Science,Assignment Completed,3.1,2025,Qtr 1,February,10,8.84,Graduate,Writing,2,FALSE,3
Computer Science,Assignment Completed,6.1,2025,Qtr 1,February,10,19.57,Undergraduate,Writing,7,TRUE,8
Computer Science,Assignment Completed,1.9,2025,Qtr 1,February,11,0.9,High School,Studying,1,TRUE,3
Computer Science,Assignment Completed,2.5,2025,Qtr 1,February,11,25.83,Undergraduate,Coding,9,TRUE,3
Computer Science,Assignment Completed,5,2025,Qtr 1,February,11,12.92,Undergraduate,Homework Help,2,TRUE,5
Computer Science,Assignment Completed,3.7,2025,Qtr 1,February,11,27.46,Undergraduate,Writing,5,TRUE,3
Computer Science,Assignment Completed,5,2025,Qtr 1,February,12,38.92,High School,Studying,8,TRUE,5
Computer Science,Assignment Completed,4.4,2025,Qtr 1,February,12,14.84,High School,Writing,4,TRUE,4
Computer Science,Assignment Completed,2.5,2025,Qtr 1,February,12,20.27,Undergraduate,Coding,4,TRUE,4
Computer Science,Assignment Completed,3.4,2025,Qtr 1,February,12,5.9,Undergraduate,Homework Help,2,TRUE,3
Computer Science,Assignment Completed,3.2,2025,Qtr 1,February,13,14.13,Undergraduate,Writing,4,TRUE,2
Computer Science,Assignment Completed,1,2025,Qtr 1,February,14,24.93,Undergraduate,Homework Help,5,FALSE,2
Computer Science,Assignment Completed,2.2,2025,Qtr 1,February,14,0.84,Undergraduate,Studying,1,TRUE,3
Computer Science,Assignment Completed,2.9,2025,Qtr 1,February,15,2.91,Graduate,Coding,1,TRUE,3
Computer Science,Assignment Completed,5,2025,Qtr 1,February,15,19.61,Graduate,Homework Help,4,TRUE,5
Computer Science,Assignment Completed,4.1,2025,Qtr 1,February,15,5.44,High School,Writing,1,TRUE,4
Computer Science,Assignment Completed,2.9,2025,Qtr 1,February,16,13.2,Graduate,Writing,3,FALSE,3
Computer Science,Assignment Completed,4.5,2025,Qtr 1,February,16,17.26,Undergraduate,Coding,4,TRUE,4
Computer Science,Assignment Completed,3.8,2025,Qtr 1,February,16,18.73,Undergraduate,Studying,5,TRUE,4
Computer Science,Assignment Completed,2.5,2025,Qtr 1,February,17,20.42,Undergraduate,Coding,5,TRUE,4
Computer Science,Assignment Completed,1,2025,Qtr 1,February,17,25.87,Undergraduate,Writing,8,TRUE,2
Computer Science,Assignment Completed,5,2025,Qtr 1,February,18,36.35,Undergraduate,Coding,7,TRUE,5
Computer Science,Assignment Completed,3.1,2025,Qtr 1,February,20,18.81,High School,Writing,3,FALSE,4
Computer Science,Assignment Completed,1.2,2025,Qtr 1,February,20,20.99,Undergraduate,Studying,6,TRUE,2
Computer Science,Assignment Completed,3.5,2025,Qtr 1,February,20,5.31,Undergraduate,Writing,1,TRUE,3
Computer Science,Assignment Completed,4.4,2025,Qtr 1,February,21,13.31,Graduate,Coding,5,TRUE,5
Computer Science,Assignment Completed,2.7,2025,Qtr 1,February,21,40.73,Graduate,Writing,13,FALSE,2
Computer Science,Assignment Completed,3.9,2025,Qtr 1,February,21,12.44,Undergraduate,Writing,3,TRUE,3
Computer Science,Assignment Completed,2.8,2025,Qtr 1,February,22,26.85,High School,Coding,7,TRUE,3
Computer Science,Assignment Completed,2,2025,Qtr 1,February,23,33.03,Undergraduate,Writing,10,FALSE,2
Computer Science,Assignment Completed,3.6,2025,Qtr 1,February,24,12.29,High School,Writing,3,TRUE,2
Computer Science,Assignment Completed,3.9,2025,Qtr 1,February,25,14.52,Undergraduate,Homework Help,4,FALSE,4
Computer Science,Assignment Completed,4.5,2025,Qtr 1,February,25,9.18,Undergraduate,Homework Help,4,TRUE,4
Computer Science,Assignment Completed,2.5,2025,Qtr 1,February,26,1.29,Undergraduate,Coding,1,TRUE,4
Computer Science,Assignment Completed,2.7,2025,Qtr 1,February,27,16.25,Undergraduate,Coding,3,TRUE,3
Computer Science,Assignment Completed,3,2025,Qtr 1,February,27,11.06,Undergraduate,Homework Help,3,FALSE,4
Computer Science,Assignment Completed,6.8,2025,Qtr 1,February,27,27.06,Undergraduate,Homework Help,10,TRUE,8
Computer Science,Assignment Completed,3,2025,Qtr 1,February,28,20.33,Graduate,Coding,4,TRUE,3
Computer Science,Assignment Completed,1,2025,Qtr 1,February,28,34.52,Graduate,Homework Help,9,TRUE,2
Computer Science,Assignment Completed,3.3,2025,Qtr 1,February,28,18.56,High School,Writing,5,TRUE,4
Computer Science,Assignment Completed,4,2025,Qtr 1,March,1,31.42,Graduate,Coding,14,TRUE,4
Computer Science,Assignment Completed,3.8,2025,Qtr 1,March,1,4.86,Undergraduate,Coding,1,TRUE,5
Computer Science,Assignment Completed,7.2,2025,Qtr 1,March,1,36.56,Undergraduate,Writing,11,TRUE,7
Computer Science,Assignment Completed,1.2,2025,Qtr 1,March,2,3.81,Undergraduate,Homework Help,1,TRUE,1
Computer Science,Assignment Completed,4.1,2025,Qtr 1,March,2,7.31,Undergraduate,Writing,1,TRUE,3
Computer Science,Assignment Completed,1.4,2025,Qtr 1,March,3,8.85,Graduate,Studying,1,TRUE,1
Computer Science,Assignment Completed,1.6,2025,Qtr 1,March,3,3.95,High School,Coding,1,TRUE,4
Computer Science,Assignment Completed,3.1,2025,Qtr 1,March,3,30.83,Undergraduate,Writing,9,TRUE,2
Computer Science,Assignment Completed,2.8,2025,Qtr 1,March,4,56.03,Graduate,Writing,15,TRUE,3
Computer Science,Assignment Completed,3.1,2025,Qtr 1,March,5,4.36,Undergraduate,Writing,1,FALSE,4
Computer Science,Assignment Completed,2.5,2025,Qtr 1,March,5,11.59,Undergraduate,Writing,3,TRUE,3
Computer Science,Assignment Completed,3.5,2025,Qtr 1,March,6,61.74,Undergraduate,Homework Help,17,TRUE,4
Computer Science,Assignment Completed,3.5,2025,Qtr 1,March,7,7.47,Undergraduate,Brainstorming,1,TRUE,3
Computer Science,Assignment Completed,3.5,2025,Qtr 1,March,8,8.95,High School,Coding,3,FALSE,4
Computer Science,Assignment Completed,2,2025,Qtr 1,March,8,5.12,High School,Coding,1,TRUE,3
Computer Science,Assignment Completed,2.7,2025,Qtr 1,March,8,5.82,Undergraduate,Coding,2,TRUE,3
Computer Science,Assignment Completed,4.6,2025,Qtr 1,March,9,21.67,Graduate,Brainstorming,4,TRUE,4
Computer Science,Assignment Completed,4.8,2025,Qtr 1,March,9,16.65,High School,Coding,3,TRUE,4
Computer Science,Assignment Completed,5,2025,Qtr 1,March,9,4.15,Undergraduate,Coding,1,TRUE,4
Computer Science,Assignment Completed,3.9,2025,Qtr 1,March,10,11.73,Undergraduate,Writing,3,TRUE,4
Computer Science,Assignment Completed,3.1,2025,Qtr 1,March,11,48.27,Graduate,Writing,10,FALSE,2
Computer Science,Assignment Completed,8.8,2025,Qtr 1,March,11,12.19,Undergraduate,Homework Help,2,TRUE,8
Computer Science,Assignment Completed,4.3,2025,Qtr 1,March,11,13.72,Undergraduate,Studying,3,TRUE,4
Computer Science,Assignment Completed,1,2025,Qtr 1,March,12,4.3,Graduate,Studying,1,TRUE,1
Computer Science,Assignment Completed,1,2025,Qtr 1,March,13,48.23,High School,Studying,12,FALSE,3
Computer Science,Assignment Completed,3.4,2025,Qtr 1,March,13,20.39,Undergraduate,Coding,8,FALSE,2
Computer Science,Assignment Completed,2.8,2025,Qtr 1,March,13,23.03,Undergraduate,Homework Help,5,TRUE,3
Computer Science,Assignment Completed,4.6,2025,Qtr 1,March,14,28.45,High School,Writing,10,TRUE,4
Computer Science,Assignment Completed,3.1,2025,Qtr 1,March,14,27.14,Undergraduate,Homework Help,12,TRUE,3
Computer Science,Assignment Completed,4.4,2025,Qtr 1,March,14,9.43,Undergraduate,Studying,2,TRUE,5
Computer Science,Assignment Completed,3.3,2025,Qtr 1,March,14,13.26,Undergraduate,Writing,5,TRUE,3
Computer Science,Assignment Completed,3.2,2025,Qtr 1,March,16,3,Graduate,Studying,1,TRUE,4
Computer Science,Assignment Completed,3.5,2025,Qtr 1,March,17,26.77,High School,Coding,5,TRUE,4
Computer Science,Assignment Completed,5,2025,Qtr 1,March,17,19.63,Undergraduate,Studying,4,TRUE,5
Computer Science,Assignment Completed,2.1,2025,Qtr 1,March,18,48.62,Graduate,Writing,20,TRUE,2
Computer Science,Assignment Completed,3.9,2025,Qtr 1,March,18,40.7,High School,Coding,8,FALSE,4
Computer Science,Assignment Completed,4.3,2025,Qtr 1,March,19,5.17,Graduate,Coding,1,TRUE,4
Computer Science,Assignment Completed,3.5,2025,Qtr 1,March,19,11.84,Undergraduate,Coding,3,FALSE,4
Computer Science,Assignment Completed,3.6,2025,Qtr 1,March,22,14.34,High School,Writing,3,TRUE,4
Computer Science,Assignment Completed,2.4,2025,Qtr 1,March,22,6.55,Undergraduate,Coding,3,FALSE,3
Computer Science,Assignment Completed,3.4,2025,Qtr 1,March,22,3.97,Undergraduate,Homework Help,1,FALSE,2
Computer Science,Assignment Completed,1,2025,Qtr 1,March,22,22.06,Undergraduate,Research,7,TRUE,1
Computer Science,Assignment Completed,3.4,2025,Qtr 1,March,23,7.76,Undergraduate,Coding,2,TRUE,4
Computer Science,Assignment Completed,2.1,2025,Qtr 1,March,23,44.14,Undergraduate,Writing,10,TRUE,3
Computer Science,Assignment Completed,4.3,2025,Qtr 1,March,24,46.69,High School,Homework Help,15,TRUE,4
Computer Science,Assignment Completed,4.8,2025,Qtr 1,March,25,33.99,High School,Studying,15,TRUE,5
Computer Science,Assignment Completed,5,2025,Qtr 1,March,25,17.39,Undergraduate,Coding,4,TRUE,5
Computer Science,Assignment Completed,4.5,2025,Qtr 1,March,25,0.46,Undergraduate,Writing,1,TRUE,5
Computer Science,Assignment Completed,1.3,2025,Qtr 1,March,26,38.78,Undergraduate,Studying,10,TRUE,3
Computer Science,Assignment Completed,9.6,2025,Qtr 1,March,27,42.17,Undergraduate,Homework Help,12,TRUE,9
Computer Science,Assignment Completed,4.5,2025,Qtr 1,March,27,9.26,Undergraduate,Writing,3,TRUE,4
Computer Science,Assignment Completed,3.3,2025,Qtr 1,March,28,7.38,Graduate,Studying,1,TRUE,3
Computer Science,Assignment Completed,4.6,2025,Qtr 1,March,28,18.67,Undergraduate,Studying,4,TRUE,4
Computer Science,Assignment Completed,2,2025,Qtr 1,March,29,29.75,Undergraduate,Research,12,FALSE,3
Computer Science,Assignment Completed,4.3,2025,Qtr 1,March,29,40.36,Undergraduate,Studying,9,TRUE,4
Computer Science,Assignment Completed,4.9,2025,Qtr 1,March,30,16.87,Graduate,Coding,6,TRUE,4
Computer Science,Assignment Completed,5,2025,Qtr 1,March,30,7.68,Graduate,Homework Help,3,TRUE,4
Computer Science,Assignment Completed,3.8,2025,Qtr 1,March,30,16.95,Undergraduate,Research,8,FALSE,4
Computer Science,Assignment Completed,3.7,2025,Qtr 1,March,31,85.01,Graduate,Studying,18,TRUE,3
Computer Science,Assignment Completed,2.4,2025,Qtr 1,March,31,22.67,Undergraduate,Homework Help,4,FALSE,2
Computer Science,Assignment Completed,4.4,2025,Qtr 1,March,31,8.83,Undergraduate,Writing,2,FALSE,3
Computer Science,Assignment Completed,3.9,2025,Qtr 2,April,1,37.63,Undergraduate,Coding,13,TRUE,4
Computer Science,Assignment Completed,3.7,2025,Qtr 2,April,1,8.45,Undergraduate,Homework Help,1,FALSE,3
Computer Science,Assignment Completed,4.2,2025,Qtr 2,April,1,54.85,Undergraduate,Homework Help,12,TRUE,5
Computer Science,Assignment Completed,4.3,2025,Qtr 2,April,1,20.47,Undergraduate,Studying,8,TRUE,4
Computer Science,Assignment Completed,4.6,2025,Qtr 2,April,1,15.11,Undergraduate,Writing,3,TRUE,4
Computer Science,Assignment Completed,5,2025,Qtr 2,April,3,22.96,Undergraduate,Writing,4,FALSE,3
Computer Science,Assignment Completed,3.8,2025,Qtr 2,April,3,11.36,Undergraduate,Writing,2,TRUE,5
Computer Science,Assignment Completed,4.4,2025,Qtr 2,April,4,28.07,Undergraduate,Coding,7,TRUE,2
Computer Science,Assignment Completed,3.4,2025,Qtr 2,April,5,21.62,High School,Homework Help,9,TRUE,3
Computer Science,Assignment Completed,4.7,2025,Qtr 2,April,6,14.37,High School,Research,4,FALSE,5
Computer Science,Assignment Completed,5.2,2025,Qtr 2,April,6,79.36,Undergraduate,Writing,27,TRUE,6
Computer Science,Assignment Completed,1,2025,Qtr 2,April,7,24.89,Graduate,Brainstorming,7,TRUE,2
Computer Science,Assignment Completed,4.3,2025,Qtr 2,April,7,27.78,Undergraduate,Studying,5,FALSE,4
Computer Science,Assignment Completed,2.9,2025,Qtr 2,April,9,46.03,Undergraduate,Writing,19,FALSE,3
Computer Science,Assignment Completed,5,2025,Qtr 2,April,11,20.16,Undergraduate,Research,4,TRUE,4
Computer Science,Assignment Completed,3.2,2025,Qtr 2,April,12,10.5,Graduate,Studying,3,TRUE,3
Computer Science,Assignment Completed,3.8,2025,Qtr 2,April,12,4.98,High School,Brainstorming,1,TRUE,4
Computer Science,Assignment Completed,7.5,2025,Qtr 2,April,13,24.81,Undergraduate,Writing,5,TRUE,8
Computer Science,Assignment Completed,2.9,2025,Qtr 2,April,14,25.12,Undergraduate,Homework Help,11,TRUE,3
Computer Science,Assignment Completed,2.8,2025,Qtr 2,April,15,46.01,High School,Coding,9,TRUE,2
Computer Science,Assignment Completed,2,2025,Qtr 2,April,15,13.06,Undergraduate,Writing,2,TRUE,4
Computer Science,Assignment Completed,3.1,2025,Qtr 2,April,16,14.47,Undergraduate,Studying,6,TRUE,3
Computer Science,Assignment Completed,2.8,2025,Qtr 2,April,18,17.62,Undergraduate,Coding,3,TRUE,3
Computer Science,Assignment Completed,1,2025,Qtr 2,April,18,1.98,Undergraduate,Homework Help,1,FALSE,1
Computer Science,Assignment Completed,1,2025,Qtr 2,April,19,4.69,Undergraduate,Studying,2,TRUE,1
Computer Science,Assignment Completed,4.2,2025,Qtr 2,April,22,31.33,Undergraduate,Writing,14,TRUE,4
Computer Science,Assignment Completed,2.8,2025,Qtr 2,April,23,24.24,Graduate,Writing,5,TRUE,3
Computer Science,Assignment Completed,1.3,2025,Qtr 2,April,23,10.59,High School,Writing,4,TRUE,2
Computer Science,Assignment Completed,3.9,2025,Qtr 2,April,23,20.28,Undergraduate,Coding,9,TRUE,4
Computer Science,Assignment Completed,1.8,2025,Qtr 2,April,23,33.13,Undergraduate,Writing,6,TRUE,3
Computer Science,Assignment Completed,1.8,2025,Qtr 2,April,24,1.19,Undergraduate,Coding,1,TRUE,3
Computer Science,Assignment Completed,4,2025,Qtr 2,April,24,17.87,Undergraduate,Studying,4,TRUE,4
Computer Science,Assignment Completed,3.9,2025,Qtr 2,April,25,6.74,High School,Coding,3,TRUE,4
Computer Science,Assignment Completed,4.1,2025,Qtr 2,April,25,4.28,High School,Studying,1,FALSE,3
Computer Science,Assignment Completed,4.1,2025,Qtr 2,April,26,12.92,High School,Studying,3,FALSE,4
Computer Science,Assignment Completed,1,2025,Qtr 2,April,26,9.8,Undergraduate,Writing,2,TRUE,1
Computer Science,Assignment Completed,2.4,2025,Qtr 2,April,29,30.3,Undergraduate,Writing,13,FALSE,2
Computer Science,Assignment Completed,6.8,2025,Qtr 2,May,2,33.4,High School,Writing,6,TRUE,9
Computer Science,Assignment Completed,4.9,2025,Qtr 2,May,2,35.93,Undergraduate,Writing,15,TRUE,3
Computer Science,Assignment Completed,8.8,2025,Qtr 2,May,3,73.71,Undergraduate,Studying,16,TRUE,8
Computer Science,Assignment Completed,4.5,2025,Qtr 2,May,4,4.63,Graduate,Writing,2,TRUE,4
Computer Science,Assignment Completed,4.8,2025,Qtr 2,May,4,26.4,Undergraduate,Coding,9,TRUE,4
Computer Science,Assignment Completed,3.1,2025,Qtr 2,May,5,13.33,Undergraduate,Writing,3,TRUE,4
Computer Science,Assignment Completed,3.5,2025,Qtr 2,May,6,3.7,Undergraduate,Coding,1,TRUE,3
Computer Science,Assignment Completed,3.9,2025,Qtr 2,May,7,11.81,Undergraduate,Coding,3,TRUE,5
Computer Science,Assignment Completed,4.1,2025,Qtr 2,May,10,47.95,Undergraduate,Writing,14,TRUE,6
Computer Science,Assignment Completed,4.7,2025,Qtr 2,May,11,13.9,Undergraduate,Writing,3,FALSE,4
Computer Science,Assignment Completed,5,2025,Qtr 2,May,12,19.62,Undergraduate,Coding,6,TRUE,5
Computer Science,Assignment Completed,6,2025,Qtr 2,May,12,28.48,Undergraduate,Homework Help,7,TRUE,5
Computer Science,Assignment Completed,4,2025,Qtr 2,May,12,10.42,Undergraduate,Writing,2,FALSE,5
Computer Science,Assignment Completed,3.7,2025,Qtr 2,May,13,3.3,Graduate,Homework Help,1,FALSE,4
Computer Science,Assignment Completed,2.2,2025,Qtr 2,May,14,32.76,Undergraduate,Coding,7,TRUE,2
Computer Science,Assignment Completed,2.8,2025,Qtr 2,May,15,18.88,Graduate,Writing,5,TRUE,3
Computer Science,Assignment Completed,3.7,2025,Qtr 2,May,16,12.87,High School,Homework Help,3,TRUE,3
Computer Science,Assignment Completed,1.1,2025,Qtr 2,May,16,45.29,Undergraduate,Homework Help,11,FALSE,1
Computer Science,Assignment Completed,3.3,2025,Qtr 2,May,16,2.39,Undergraduate,Studying,1,TRUE,3
Computer Science,Assignment Completed,4.2,2025,Qtr 2,May,17,13.66,Graduate,Writing,3,FALSE,4
Computer Science,Assignment Completed,2.9,2025,Qtr 2,May,18,8.69,Graduate,Coding,3,TRUE,4
Computer Science,Assignment Completed,1,2025,Qtr 2,May,18,19.66,Graduate,Studying,4,TRUE,1
Computer Science,Assignment Completed,4.4,2025,Qtr 2,May,19,8.68,Undergraduate,Coding,3,TRUE,4
Computer Science,Assignment Completed,8.2,2025,Qtr 2,May,20,74.22,Graduate,Coding,25,TRUE,8
Computer Science,Assignment Completed,4.9,2025,Qtr 2,May,21,22.51,High School,Writing,8,TRUE,3
Computer Science,Assignment Completed,1,2025,Qtr 2,May,22,5.91,Graduate,Coding,1,TRUE,2
Computer Science,Assignment Completed,2.2,2025,Qtr 2,May,23,64.3,Undergraduate,Coding,20,TRUE,3
Computer Science,Assignment Completed,4.5,2025,Qtr 2,May,24,17.76,Graduate,Studying,5,TRUE,4
Computer Science,Assignment Completed,5,2025,Qtr 2,May,24,12.98,High School,Coding,2,TRUE,5
Computer Science,Assignment Completed,5,2025,Qtr 2,May,24,38.73,Undergraduate,Coding,8,TRUE,5
Computer Science,Assignment Completed,3.1,2025,Qtr 2,May,25,15.93,Graduate,Coding,3,TRUE,4
Computer Science,Assignment Completed,7.3,2025,Qtr 2,May,25,20.13,Undergraduate,Coding,4,TRUE,6
Computer Science,Assignment Completed,4.2,2025,Qtr 2,May,26,9.74,Undergraduate,Homework Help,2,TRUE,4
Computer Science,Assignment Completed,3.7,2025,Qtr 2,May,26,16.03,Undergraduate,Research,3,TRUE,3
Computer Science,Assignment Completed,2.9,2025,Qtr 2,May,27,31.32,Graduate,Studying,15,FALSE,2
Computer Science,Assignment Completed,1,2025,Qtr 2,May,27,14.05,Undergraduate,Studying,3,TRUE,1
Computer Science,Assignment Completed,2,2025,Qtr 2,May,28,3.44,High School,Coding,1,TRUE,3
Computer Science,Assignment Completed,4.3,2025,Qtr 2,May,28,34.09,Undergraduate,Homework Help,9,TRUE,4
Computer Science,Assignment Completed,2.6,2025,Qtr 2,May,29,7.8,Graduate,Coding,2,TRUE,3
Computer Science,Assignment Completed,1.3,2025,Qtr 2,May,30,19.92,High School,Coding,5,TRUE,2
Computer Science,Assignment Completed,2.4,2025,Qtr 2,June,1,22.58,High School,Studying,9,FALSE,2
Computer Science,Assignment Completed,4.3,2025,Qtr 2,June,1,7.71,Undergraduate,Homework Help,2,FALSE,3
Computer Science,Assignment Completed,2.1,2025,Qtr 2,June,1,3.09,Undergraduate,Homework Help,1,TRUE,3
Computer Science,Assignment Completed,1.9,2025,Qtr 2,June,2,44.5,High School,Coding,13,TRUE,2
Computer Science,Assignment Completed,3.9,2025,Qtr 2,June,3,4.1,High School,Studying,1,TRUE,4
Computer Science,Assignment Completed,2,2025,Qtr 2,June,4,9.22,Graduate,Studying,2,TRUE,2
Computer Science,Assignment Completed,1.9,2025,Qtr 2,June,5,9.68,High School,Coding,2,TRUE,2
Computer Science,Assignment Completed,4.1,2025,Qtr 2,June,5,10.5,Undergraduate,Writing,3,TRUE,4
Computer Science,Assignment Completed,5,2025,Qtr 2,June,6,8.65,Undergraduate,Coding,1,TRUE,4
Computer Science,Assignment Completed,4.5,2025,Qtr 2,June,6,0.62,Undergraduate,Studying,1,TRUE,4
Computer Science,Assignment Completed,4.4,2025,Qtr 2,June,7,44.83,Graduate,Coding,14,FALSE,5
Computer Science,Assignment Completed,2.4,2025,Qtr 2,June,7,16.4,Graduate,Studying,6,TRUE,3
Computer Science,Assignment Completed,3.5,2025,Qtr 2,June,7,27.13,Undergraduate,Homework Help,7,TRUE,4
Computer Science,Assignment Completed,1,2025,Qtr 2,June,7,5.91,Undergraduate,Studying,1,TRUE,3
Computer Science,Assignment Completed,3.5,2025,Qtr 2,June,8,27.2,High School,Homework Help,5,TRUE,3
Computer Science,Assignment Completed,4.1,2025,Qtr 2,June,8,7.13,Undergraduate,Coding,1,TRUE,4
Computer Science,Assignment Completed,12.1,2025,Qtr 2,June,8,62.96,Undergraduate,Writing,15,TRUE,14
Computer Science,Assignment Completed,4.3,2025,Qtr 2,June,10,11.04,Graduate,Coding,2,TRUE,4
Computer Science,Assignment Completed,4.5,2025,Qtr 2,June,10,33.1,High School,Studying,6,FALSE,4
Computer Science,Assignment Completed,3.8,2025,Qtr 2,June,11,11.16,High School,Homework Help,3,FALSE,3
Computer Science,Assignment Completed,2.6,2025,Qtr 2,June,11,47.07,Undergraduate,Homework Help,9,FALSE,3
Computer Science,Assignment Completed,2.7,2025,Qtr 2,June,11,20.05,Undergraduate,Studying,4,TRUE,3
Computer Science,Assignment Completed,5,2025,Qtr 2,June,12,12.1,High School,Writing,3,TRUE,5
Computer Science,Assignment Completed,4.1,2025,Qtr 2,June,12,10.53,Undergraduate,Writing,2,FALSE,5
Computer Science,Assignment Completed,3.7,2025,Qtr 2,June,13,18.07,Undergraduate,Coding,4,FALSE,4
Computer Science,Assignment Completed,4.4,2025,Qtr 2,June,14,4.48,Graduate,Writing,2,TRUE,5
Computer Science,Assignment Completed,3.4,2025,Qtr 2,June,14,13.07,Undergraduate,Coding,4,FALSE,3
Computer Science,Assignment Completed,2.6,2025,Qtr 2,June,14,10.52,Undergraduate,Coding,2,TRUE,3
Computer Science,Assignment Completed,3.1,2025,Qtr 2,June,15,18.17,Undergraduate,Coding,3,TRUE,3
Computer Science,Assignment Completed,2.2,2025,Qtr 2,June,15,9.19,Undergraduate,Writing,2,TRUE,3
Computer Science,Assignment Completed,3.6,2025,Qtr 2,June,18,25.53,Undergraduate,Coding,7,FALSE,3
Computer Science,Assignment Completed,7.3,2025,Qtr 2,June,18,23.63,Undergraduate,Writing,10,FALSE,8
Computer Science,Assignment Completed,5,2025,Qtr 2,June,19,26.93,Graduate,Writing,5,TRUE,5
Computer Science,Assignment Completed,1.3,2025,Qtr 2,June,20,14.65,High School,Coding,4,TRUE,2
Computer Science,Assignment Completed,4.9,2025,Qtr 2,June,20,28.67,Undergraduate,Coding,7,TRUE,4
Computer Science,Assignment Completed,2.3,2025,Qtr 2,June,20,23.52,Undergraduate,Writing,11,TRUE,3
Computer Science,Assignment Completed,4,2025,Qtr 2,June,21,11.36,High School,Studying,2,TRUE,3
Computer Science,Assignment Completed,1.7,2025,Qtr 2,June,21,10.6,Undergraduate,Coding,2,TRUE,2
Computer Science,Assignment Completed,4.9,2025,Qtr 2,June,21,23.75,Undergraduate,Studying,5,TRUE,5
Computer Science,Assignment Completed,4.2,2025,Qtr 2,June,24,21.4,High School,Studying,10,TRUE,4
Computer Science,Assignment Completed,3.5,2025,Qtr 2,June,24,38.66,Undergraduate,Homework Help,10,TRUE,3
Computer Science,Assignment Completed,3.3,2025,Qtr 2,June,24,10.77,Undergraduate,Writing,2,FALSE,3
Computer Science,Confused,1.9,2024,Qtr 2,June,24,15.1,Graduate,Writing,4,FALSE,1
Computer Science,Confused,1,2024,Qtr 2,June,25,2.64,High School,Coding,1,TRUE,2
Computer Science,Confused,1,2024,Qtr 2,June,25,19.84,Undergraduate,Research,6,TRUE,1
Computer Science,Confused,5,2024,Qtr 2,June,26,19.55,Graduate,Writing,4,FALSE,5
Computer Science,Confused,2.9,2024,Qtr 2,June,26,12.59,Undergraduate,Homework Help,4,TRUE,4
Computer Science,Confused,4.5,2024,Qtr 2,June,28,9.85,Graduate,Studying,4,FALSE,4
Computer Science,Confused,2.4,2024,Qtr 2,June,29,10.6,Graduate,Coding,4,FALSE,4
Computer Science,Confused,4.1,2024,Qtr 2,June,29,34.88,Graduate,Coding,16,TRUE,4
Computer Science,Confused,4,2024,Qtr 2,June,30,17.36,Undergraduate,Coding,4,FALSE,4
Computer Science,Confused,3.6,2024,Qtr 3,July,2,8.86,Undergraduate,Writing,3,FALSE,4
Computer Science,Confused,4.1,2024,Qtr 3,July,4,5.32,Undergraduate,Studying,1,FALSE,3
Computer Science,Confused,2.7,2024,Qtr 3,July,5,15.45,Graduate,Brainstorming,3,TRUE,3
Computer Science,Confused,2.5,2024,Qtr 3,July,7,3.5,Undergraduate,Coding,1,TRUE,3
Computer Science,Confused,2.9,2024,Qtr 3,July,9,11.71,Undergraduate,Homework Help,3,TRUE,3
Computer Science,Confused,4.1,2024,Qtr 3,July,11,18.22,Graduate,Writing,6,FALSE,4
Computer Science,Confused,3.5,2024,Qtr 3,July,12,23.35,Undergraduate,Brainstorming,10,FALSE,4
Computer Science,Confused,3.7,2024,Qtr 3,July,13,17.93,Undergraduate,Homework Help,4,FALSE,4
Computer Science,Confused,4.3,2024,Qtr 3,July,14,13.99,Graduate,Homework Help,2,FALSE,3
Computer Science,Confused,4.1,2024,Qtr 3,July,14,6.34,Undergraduate,Homework Help,1,FALSE,3
Computer Science,Confused,1.4,2024,Qtr 3,July,15,7.16,High School,Studying,3,TRUE,3
Computer Science,Confused,3.2,2024,Qtr 3,July,15,26.26,Undergraduate,Writing,6,FALSE,3
Computer Science,Confused,1.6,2024,Qtr 3,July,16,4.43,Graduate,Studying,1,TRUE,2
Computer Science,Confused,4.2,2024,Qtr 3,July,18,9.53,Graduate,Homework Help,2,FALSE,4
Computer Science,Confused,4.6,2024,Qtr 3,July,20,29,Graduate,Homework Help,11,FALSE,4
Computer Science,Confused,1.6,2024,Qtr 3,July,20,5.72,Undergraduate,Writing,1,FALSE,4
Computer Science,Confused,4.3,2024,Qtr 3,July,22,18.52,Undergraduate,Studying,7,TRUE,5
Computer Science,Confused,1.5,2024,Qtr 3,July,26,52.52,Graduate,Brainstorming,11,TRUE,2
Computer Science,Confused,2.6,2024,Qtr 3,July,26,26.12,Graduate,Homework Help,6,FALSE,3
Computer Science,Confused,5,2024,Qtr 3,July,26,23.08,Graduate,Homework Help,5,TRUE,5
Computer Science,Confused,4.4,2024,Qtr 3,July,26,11.38,Graduate,Research,2,FALSE,4
Computer Science,Confused,5,2024,Qtr 3,July,26,25.73,High School,Studying,5,FALSE,4
Computer Science,Confused,2.3,2024,Qtr 3,July,31,21.48,High School,Studying,5,TRUE,3
Computer Science,Confused,5,2024,Qtr 3,July,31,40.19,Undergraduate,Writing,12,TRUE,4
Computer Science,Confused,3.2,2024,Qtr 3,August,1,33.76,Undergraduate,Studying,11,TRUE,4
Computer Science,Confused,3.7,2024,Qtr 3,August,4,8.21,High School,Studying,2,FALSE,4
Computer Science,Confused,2.6,2024,Qtr 3,August,4,6.57,Undergraduate,Homework Help,2,FALSE,2
Computer Science,Confused,4.3,2024,Qtr 3,August,4,10.15,Undergraduate,Homework Help,2,TRUE,4
Computer Science,Confused,3.6,2024,Qtr 3,August,4,32.28,Undergraduate,Studying,12,FALSE,4
Computer Science,Confused,2.5,2024,Qtr 3,August,5,31.78,Undergraduate,Homework Help,8,TRUE,4
Computer Science,Confused,2.7,2024,Qtr 3,August,8,13,Graduate,Research,6,FALSE,3
Computer Science,Confused,2.4,2024,Qtr 3,August,8,61.59,High School,Studying,12,FALSE,2
Computer Science,Confused,3.8,2024,Qtr 3,August,11,6.35,Undergraduate,Coding,1,TRUE,3
Computer Science,Confused,5,2024,Qtr 3,August,12,30.55,Graduate,Studying,6,FALSE,4
Computer Science,Confused,1,2024,Qtr 3,August,14,8.91,High School,Research,1,FALSE,2
Computer Science,Confused,10,2024,Qtr 3,August,16,89.11,Undergraduate,Coding,21,FALSE,10
Computer Science,Confused,5,2024,Qtr 3,August,16,34.08,Undergraduate,Writing,9,TRUE,5
Computer Science,Confused,4,2024,Qtr 3,August,18,51.67,Undergraduate,Writing,19,FALSE,4
Computer Science,Confused,4.9,2024,Qtr 3,August,18,14.29,Undergraduate,Writing,5,TRUE,5
Computer Science,Confused,3.5,2024,Qtr 3,August,20,31.34,Undergraduate,Homework Help,12,FALSE,4
Computer Science,Confused,3.9,2024,Qtr 3,August,20,6.58,Undergraduate,Research,1,FALSE,4
Computer Science,Confused,2.5,2024,Qtr 3,August,21,7.78,High School,Coding,2,TRUE,2
Computer Science,Confused,2.1,2024,Qtr 3,August,24,5.34,High School,Studying,1,TRUE,2
Computer Science,Confused,3.9,2024,Qtr 3,August,25,41.84,Undergraduate,Writing,10,FALSE,4
Computer Science,Confused,5,2024,Qtr 3,August,26,33.92,Undergraduate,Coding,9,TRUE,5
Computer Science,Confused,1.8,2024,Qtr 3,August,27,9.98,Undergraduate,Coding,2,TRUE,3
Computer Science,Confused,3.6,2024,Qtr 3,August,28,10.72,Undergraduate,Writing,3,FALSE,3
Computer Science,Confused,3.8,2024,Qtr 3,August,30,9.92,Undergraduate,Homework Help,3,TRUE,5
Computer Science,Confused,5,2024,Qtr 3,September,5,9.6,Undergraduate,Coding,2,FALSE,5
Computer Science,Confused,1.8,2024,Qtr 3,September,7,13.3,Graduate,Writing,5,TRUE,2
Computer Science,Confused,4.6,2024,Qtr 3,September,7,14.33,High School,Coding,3,FALSE,4
Computer Science,Confused,3.5,2024,Qtr 3,September,7,19.37,Undergraduate,Coding,5,FALSE,3
Computer Science,Confused,3,2024,Qtr 3,September,8,7,Undergraduate,Studying,2,TRUE,4
Computer Science,Confused,1,2024,Qtr 3,September,11,2.63,Undergraduate,Studying,1,FALSE,2
Computer Science,Confused,4.5,2024,Qtr 3,September,14,15.82,Undergraduate,Homework Help,3,TRUE,4
Computer Science,Confused,2.5,2024,Qtr 3,September,15,28.63,High School,Studying,6,TRUE,4
Computer Science,Confused,3.2,2024,Qtr 3,September,16,18.53,Undergraduate,Coding,6,TRUE,3
Computer Science,Confused,5,2024,Qtr 3,September,17,27.54,Graduate,Research,6,FALSE,5
Computer Science,Confused,4.8,2024,Qtr 3,September,17,18.39,Graduate,Studying,4,FALSE,5
Computer Science,Confused,4.8,2024,Qtr 3,September,17,9.87,Undergraduate,Writing,3,FALSE,4
Computer Science,Confused,4.7,2024,Qtr 3,September,20,20.34,Graduate,Coding,4,FALSE,5
Computer Science,Confused,1.7,2024,Qtr 3,September,20,8.84,Undergraduate,Studying,4,FALSE,3
Computer Science,Confused,3.2,2024,Qtr 3,September,22,29.45,Undergraduate,Coding,8,FALSE,5
Computer Science,Confused,5,2024,Qtr 3,September,22,4.94,Undergraduate,Studying,1,FALSE,5
Computer Science,Confused,3.8,2024,Qtr 3,September,23,31.43,Undergraduate,Coding,8,TRUE,4
Computer Science,Confused,4.7,2024,Qtr 3,September,25,6,Graduate,Studying,1,FALSE,5
Computer Science,Confused,2.4,2024,Qtr 3,September,25,1.11,Undergraduate,Studying,1,FALSE,3
Computer Science,Confused,4.7,2024,Qtr 3,September,26,18.74,High School,Homework Help,6,FALSE,5
Computer Science,Confused,3.1,2024,Qtr 3,September,28,11.82,Undergraduate,Coding,2,FALSE,3
Computer Science,Confused,4.5,2024,Qtr 3,September,30,7,Graduate,Homework Help,2,FALSE,4
Computer Science,Confused,4.3,2024,Qtr 4,October,1,12.97,Undergraduate,Coding,6,FALSE,4
Computer Science,Confused,3,2024,Qtr 4,October,3,21.59,Graduate,Homework Help,4,FALSE,4
Computer Science,Confused,1.1,2024,Qtr 4,October,6,9.47,High School,Homework Help,2,FALSE,2
Computer Science,Confused,3.3,2024,Qtr 4,October,9,9.15,Undergraduate,Studying,1,TRUE,4
Computer Science,Confused,2.4,2024,Qtr 4,October,16,35.74,Undergraduate,Homework Help,13,TRUE,3
Computer Science,Confused,3.3,2024,Qtr 4,October,16,24.79,Undergraduate,Writing,7,TRUE,5
Computer Science,Confused,1.4,2024,Qtr 4,October,18,16.24,Undergraduate,Brainstorming,4,FALSE,1
Computer Science,Confused,3.4,2024,Qtr 4,October,19,28.56,Graduate,Homework Help,6,FALSE,5
Computer Science,Confused,2.3,2024,Qtr 4,October,21,11.42,Undergraduate,Homework Help,3,FALSE,3
Computer Science,Confused,4.4,2024,Qtr 4,October,21,15.8,Undergraduate,Studying,3,FALSE,4
Computer Science,Confused,3.6,2024,Qtr 4,October,22,27.66,Graduate,Studying,7,FALSE,2
Computer Science,Confused,1.2,2024,Qtr 4,October,22,0.23,High School,Brainstorming,1,FALSE,2
Computer Science,Confused,4.5,2024,Qtr 4,October,23,17.56,High School,Coding,4,TRUE,4
Computer Science,Confused,3.8,2024,Qtr 4,October,23,47.37,Undergraduate,Brainstorming,22,FALSE,4
Computer Science,Confused,1.2,2024,Qtr 4,October,30,14.13,High School,Coding,4,FALSE,1
Computer Science,Confused,1.4,2024,Qtr 4,October,30,19.71,Undergraduate,Studying,9,TRUE,2
Computer Science,Confused,3.6,2024,Qtr 4,October,30,4.99,Undergraduate,Writing,2,FALSE,3
Computer Science,Confused,4.7,2024,Qtr 4,November,1,12.29,Undergraduate,Studying,3,FALSE,4
Computer Science,Confused,4.4,2024,Qtr 4,November,3,3.72,Undergraduate,Studying,1,TRUE,5
Computer Science,Confused,3.8,2024,Qtr 4,November,4,2.8,Undergraduate,Writing,1,FALSE,4
Computer Science,Confused,4.1,2024,Qtr 4,November,6,22.06,Undergraduate,Homework Help,11,FALSE,5
Computer Science,Confused,3.5,2024,Qtr 4,November,6,3.03,Undergraduate,Studying,1,FALSE,5
Computer Science,Confused,2.7,2024,Qtr 4,November,7,25.69,Undergraduate,Studying,5,TRUE,2
Computer Science,Confused,4.3,2024,Qtr 4,November,9,31.05,Undergraduate,Studying,10,FALSE,4
Computer Science,Confused,5,2024,Qtr 4,November,11,84.15,Undergraduate,Homework Help,31,FALSE,5
Computer Science,Confused,4.4,2024,Qtr 4,November,11,12.19,Undergraduate,Studying,2,FALSE,3
Computer Science,Confused,3.9,2024,Qtr 4,November,13,16.86,Undergraduate,Studying,3,FALSE,4
Computer Science,Confused,3,2024,Qtr 4,November,16,5.6,Undergraduate,Writing,1,TRUE,3
Computer Science,Confused,3,2024,Qtr 4,November,17,14.17,High School,Brainstorming,3,FALSE,3
Computer Science,Confused,3.1,2024,Qtr 4,November,17,12.94,Undergraduate,Studying,5,TRUE,2
Computer Science,Confused,4,2024,Qtr 4,November,18,16.89,Undergraduate,Coding,3,FALSE,4
Computer Science,Confused,5,2024,Qtr 4,November,22,6.69,High School,Coding,1,TRUE,4
Computer Science,Confused,4.8,2024,Qtr 4,November,23,28.01,Undergraduate,Writing,10,TRUE,5
Computer Science,Confused,5,2024,Qtr 4,November,27,10.13,Undergraduate,Homework Help,3,TRUE,4
Computer Science,Confused,3.6,2024,Qtr 4,November,28,2.09,Graduate,Research,1,FALSE,4
Computer Science,Confused,5,2024,Qtr 4,November,29,9.08,Undergraduate,Studying,1,TRUE,5
Computer Science,Confused,3.9,2024,Qtr 4,November,30,55.33,High School,Studying,11,TRUE,3
Computer Science,Confused,2.4,2024,Qtr 4,December,1,41.87,Undergraduate,Writing,9,FALSE,3
Computer Science,Confused,2.5,2024,Qtr 4,December,4,9.47,High School,Studying,2,FALSE,4
Computer Science,Confused,4,2024,Qtr 4,December,8,5.51,Graduate,Homework Help,1,FALSE,4
Computer Science,Confused,3.4,2024,Qtr 4,December,8,18.41,High School,Coding,8,FALSE,4
Computer Science,Confused,2.4,2024,Qtr 4,December,10,22.98,Graduate,Research,9,FALSE,3
Computer Science,Confused,4.6,2024,Qtr 4,December,13,16.99,Undergraduate,Coding,3,TRUE,4
Computer Science,Confused,3.8,2024,Qtr 4,December,14,44.1,Undergraduate,Coding,12,TRUE,4
Computer Science,Confused,2.5,2024,Qtr 4,December,15,12.01,Undergraduate,Writing,5,FALSE,3
Computer Science,Confused,4.4,2024,Qtr 4,December,16,12.78,High School,Homework Help,3,TRUE,4
Computer Science,Confused,3.5,2024,Qtr 4,December,24,39.31,High School,Homework Help,8,FALSE,4
Computer Science,Confused,5,2024,Qtr 4,December,25,50.9,Graduate,Studying,16,TRUE,5
Computer Science,Confused,5,2024,Qtr 4,December,25,12.88,Undergraduate,Coding,3,TRUE,5
Computer Science,Confused,2.3,2024,Qtr 4,December,30,19.11,High School,Coding,3,FALSE,3
Computer Science,Confused,2.7,2025,Qtr 1,January,1,11.05,Undergraduate,Writing,3,TRUE,3
Computer Science,Confused,1,2025,Qtr 1,January,2,33.85,High School,Studying,9,TRUE,2
Computer Science,Confused,3.8,2025,Qtr 1,January,2,3.43,Undergraduate,Coding,1,FALSE,3
Computer Science,Confused,3,2025,Qtr 1,January,2,26.5,Undergraduate,Homework Help,5,FALSE,3
Computer Science,Confused,4.4,2025,Qtr 1,January,2,6.83,Undergraduate,Writing,1,TRUE,4
Computer Science,Confused,4.9,2025,Qtr 1,January,4,4.96,Undergraduate,Writing,2,FALSE,4
Computer Science,Confused,5,2025,Qtr 1,January,6,18.05,Undergraduate,Studying,4,FALSE,5
Computer Science,Confused,3.7,2025,Qtr 1,January,9,10.72,High School,Studying,2,FALSE,4
Computer Science,Confused,3.1,2025,Qtr 1,January,11,23.28,Undergraduate,Studying,9,TRUE,4
Computer Science,Confused,4.7,2025,Qtr 1,January,12,48.51,High School,Studying,14,FALSE,4
Computer Science,Confused,2.9,2025,Qtr 1,January,14,17.24,High School,Homework Help,4,FALSE,3
Computer Science,Confused,2.5,2025,Qtr 1,January,15,3.04,Undergraduate,Homework Help,1,TRUE,3
Computer Science,Confused,4.5,2025,Qtr 1,January,19,15.46,Graduate,Brainstorming,3,TRUE,5
Computer Science,Confused,4.6,2025,Qtr 1,January,19,26.58,Graduate,Homework Help,12,TRUE,4
Computer Science,Confused,4.7,2025,Qtr 1,January,20,6.85,Undergraduate,Writing,1,FALSE,4
Computer Science,Confused,5,2025,Qtr 1,January,21,26.63,Undergraduate,Coding,7,TRUE,5
Computer Science,Confused,1.9,2025,Qtr 1,January,22,12.59,High School,Homework Help,3,FALSE,3
Computer Science,Confused,3.4,2025,Qtr 1,January,22,11.14,High School,Homework Help,3,TRUE,4
Computer Science,Confused,5,2025,Qtr 1,January,22,14.7,Undergraduate,Studying,3,FALSE,5
Computer Science,Confused,2.4,2025,Qtr 1,January,23,20.41,Graduate,Research,4,FALSE,2
Computer Science,Confused,2.6,2025,Qtr 1,January,24,31.93,Undergraduate,Coding,15,FALSE,3
Computer Science,Confused,4.1,2025,Qtr 1,January,25,25.83,Undergraduate,Research,7,TRUE,5
Computer Science,Confused,1.9,2025,Qtr 1,January,28,16.9,Graduate,Coding,4,FALSE,3
Computer Science,Confused,3.9,2025,Qtr 1,January,28,28.16,Undergraduate,Studying,6,FALSE,4
Computer Science,Confused,4.1,2025,Qtr 1,January,30,63.65,Graduate,Research,14,FALSE,3
Computer Science,Confused,4.8,2025,Qtr 1,January,30,18.1,High School,Studying,3,TRUE,4
Computer Science,Confused,2.7,2025,Qtr 1,January,31,18.37,Undergraduate,Studying,4,FALSE,4
Computer Science,Confused,3.8,2025,Qtr 1,February,1,11.68,Undergraduate,Studying,5,FALSE,3
Computer Science,Confused,5,2025,Qtr 1,February,2,7.18,Undergraduate,Writing,1,TRUE,5
Computer Science,Confused,4.6,2025,Qtr 1,February,4,25.85,Undergraduate,Studying,10,TRUE,4
Computer Science,Confused,1.7,2025,Qtr 1,February,5,19.98,Undergraduate,Coding,8,TRUE,2
Computer Science,Confused,4.3,2025,Qtr 1,February,7,22.36,Graduate,Homework Help,10,FALSE,3
Computer Science,Confused,5,2025,Qtr 1,February,8,24.15,High School,Coding,5,TRUE,5
Computer Science,Confused,3.8,2025,Qtr 1,February,8,36.09,Undergraduate,Homework Help,9,TRUE,4
Computer Science,Confused,1.3,2025,Qtr 1,February,9,24.14,High School,Studying,6,FALSE,2
Computer Science,Confused,2.9,2025,Qtr 1,February,11,38.91,Undergraduate,Brainstorming,11,TRUE,3
Computer Science,Confused,5,2025,Qtr 1,February,13,10.27,Graduate,Studying,2,FALSE,4
Computer Science,Confused,5,2025,Qtr 1,February,17,2.53,Undergraduate,Coding,1,FALSE,5
Computer Science,Confused,3.2,2025,Qtr 1,February,19,42.98,Graduate,Coding,17,TRUE,3
Computer Science,Confused,3.7,2025,Qtr 1,February,22,11.83,Undergraduate,Studying,3,FALSE,3
Computer Science,Confused,4.9,2025,Qtr 1,February,25,22.67,Undergraduate,Writing,8,FALSE,4
Computer Science,Confused,4.2,2025,Qtr 1,February,26,19.71,Undergraduate,Coding,4,FALSE,4
Computer Science,Confused,4.3,2025,Qtr 1,February,27,21.9,Undergraduate,Writing,5,FALSE,3
Computer Science,Confused,3.8,2025,Qtr 1,February,28,12.14,Graduate,Coding,3,FALSE,4
Computer Science,Confused,4,2025,Qtr 1,February,28,11.15,Undergraduate,Homework Help,2,FALSE,4
Computer Science,Confused,5.8,2025,Qtr 1,March,2,36.85,Undergraduate,Coding,8,FALSE,6
Computer Science,Confused,4.2,2025,Qtr 1,March,4,40.09,High School,Homework Help,14,FALSE,4
Computer Science,Confused,1.9,2025,Qtr 1,March,5,45.03,High School,Homework Help,16,TRUE,2
Computer Science,Confused,3.4,2025,Qtr 1,March,8,17.64,Graduate,Homework Help,7,FALSE,3
Computer Science,Confused,4.5,2025,Qtr 1,March,10,24.46,Undergraduate,Studying,5,TRUE,5
Computer Science,Confused,1.8,2025,Qtr 1,March,11,6.75,Undergraduate,Writing,2,FALSE,2
Computer Science,Confused,3.3,2025,Qtr 1,March,13,17.47,Undergraduate,Homework Help,4,TRUE,4
Computer Science,Confused,5,2025,Qtr 1,March,16,3.43,High School,Coding,1,TRUE,4
Computer Science,Confused,4,2025,Qtr 1,March,16,15.28,Undergraduate,Writing,5,FALSE,4
Computer Science,Confused,3.2,2025,Qtr 1,March,18,33.25,Undergraduate,Coding,7,TRUE,4
Computer Science,Confused,4.7,2025,Qtr 1,March,24,10.41,High School,Writing,2,TRUE,3
Computer Science,Confused,2.3,2025,Qtr 1,March,25,10.9,Graduate,Writing,4,TRUE,3
Computer Science,Confused,1.9,2025,Qtr 1,March,25,18.32,Undergraduate,Coding,8,TRUE,2
Computer Science,Confused,3.4,2025,Qtr 1,March,25,15.49,Undergraduate,Writing,3,TRUE,3
Computer Science,Confused,4.6,2025,Qtr 1,March,28,19.13,Graduate,Writing,5,FALSE,4
Computer Science,Confused,4,2025,Qtr 1,March,29,23.9,Undergraduate,Coding,8,FALSE,4
Computer Science,Confused,3.4,2025,Qtr 2,April,3,17.6,Graduate,Research,4,FALSE,3
Computer Science,Confused,5,2025,Qtr 2,April,9,0.88,Undergraduate,Coding,1,FALSE,5
Computer Science,Confused,3.2,2025,Qtr 2,April,15,11.18,High School,Homework Help,3,TRUE,3
Computer Science,Confused,2.1,2025,Qtr 2,April,16,14.17,Undergraduate,Coding,2,FALSE,3
Computer Science,Confused,3.4,2025,Qtr 2,April,17,3.75,Undergraduate,Brainstorming,1,FALSE,4
Computer Science,Confused,2.6,2025,Qtr 2,April,18,22.46,High School,Studying,10,TRUE,3
Computer Science,Confused,5,2025,Qtr 2,April,19,4.49,High School,Coding,1,TRUE,5
Computer Science,Confused,4.9,2025,Qtr 2,April,24,25.32,Undergraduate,Coding,10,FALSE,4
Computer Science,Confused,2.9,2025,Qtr 2,April,25,12.07,Graduate,Studying,4,FALSE,2
Computer Science,Confused,2.3,2025,Qtr 2,April,27,11.44,Graduate,Coding,3,TRUE,2
Computer Science,Confused,4.4,2025,Qtr 2,April,28,27.81,High School,Studying,5,FALSE,5
Computer Science,Confused,2.5,2025,Qtr 2,May,1,3.82,Graduate,Research,1,FALSE,3
Computer Science,Confused,4.8,2025,Qtr 2,May,1,11.86,Undergraduate,Studying,2,TRUE,4
Computer Science,Confused,2.4,2025,Qtr 2,May,1,17.13,Undergraduate,Writing,4,FALSE,3
Computer Science,Confused,5,2025,Qtr 2,May,3,20.09,High School,Studying,8,FALSE,5
Computer Science,Confused,4.3,2025,Qtr 2,May,4,44.51,High School,Studying,11,TRUE,4
Computer Science,Confused,3.8,2025,Qtr 2,May,6,42.87,Undergraduate,Research,11,TRUE,4
Computer Science,Confused,4.6,2025,Qtr 2,May,6,20.52,Undergraduate,Writing,7,TRUE,4
Computer Science,Confused,2.6,2025,Qtr 2,May,7,17.94,Undergraduate,Homework Help,4,FALSE,3
Computer Science,Confused,4,2025,Qtr 2,May,8,58.37,Graduate,Writing,11,FALSE,4
Computer Science,Confused,1.7,2025,Qtr 2,May,8,5.87,Undergraduate,Homework Help,1,FALSE,3
Computer Science,Confused,2.7,2025,Qtr 2,May,12,7.29,Graduate,Coding,1,TRUE,3
Computer Science,Confused,4.4,2025,Qtr 2,May,12,37.78,Undergraduate,Homework Help,14,FALSE,4
Computer Science,Confused,3.9,2025,Qtr 2,May,13,21.94,Graduate,Studying,10,TRUE,4
Computer Science,Confused,3.3,2025,Qtr 2,May,13,47.12,Undergraduate,Research,10,FALSE,3
Computer Science,Confused,1.3,2025,Qtr 2,May,16,19.22,Undergraduate,Coding,6,TRUE,3
Computer Science,Confused,1.7,2025,Qtr 2,May,17,12.57,Graduate,Writing,5,FALSE,1
Computer Science,Confused,1.7,2025,Qtr 2,May,17,13.17,High School,Writing,4,FALSE,3
Computer Science,Confused,3.4,2025,Qtr 2,May,18,20.42,Graduate,Homework Help,4,TRUE,4
Computer Science,Confused,5,2025,Qtr 2,May,19,23.75,High School,Studying,6,FALSE,4
Computer Science,Confused,3.3,2025,Qtr 2,May,22,17.46,Graduate,Studying,7,FALSE,4
Computer Science,Confused,1.3,2025,Qtr 2,May,22,6.57,Graduate,Studying,1,TRUE,2
Computer Science,Confused,4.9,2025,Qtr 2,May,22,7.47,Undergraduate,Studying,2,FALSE,4
Computer Science,Confused,1.9,2025,Qtr 2,May,23,11.69,High School,Writing,2,TRUE,3
Computer Science,Confused,3.7,2025,Qtr 2,May,25,3.32,Undergraduate,Studying,1,TRUE,3
Computer Science,Confused,5,2025,Qtr 2,May,27,15.63,Undergraduate,Studying,4,TRUE,5
Computer Science,Confused,3.7,2025,Qtr 2,May,29,6.42,Graduate,Coding,1,FALSE,3
Computer Science,Confused,4.3,2025,Qtr 2,May,30,10.37,Undergraduate,Studying,4,FALSE,4
Computer Science,Confused,4.9,2025,Qtr 2,May,31,14,Undergraduate,Writing,6,TRUE,3
Computer Science,Confused,5,2025,Qtr 2,June,1,15.2,Undergraduate,Homework Help,3,TRUE,4
Computer Science,Confused,1,2025,Qtr 2,June,1,19.93,Undergraduate,Studying,5,FALSE,2
Computer Science,Confused,3.2,2025,Qtr 2,June,2,14.83,High School,Research,7,TRUE,3
Computer Science,Confused,2.1,2025,Qtr 2,June,4,14.39,High School,Coding,3,FALSE,2
Computer Science,Confused,4.8,2025,Qtr 2,June,5,16.08,Undergraduate,Studying,3,FALSE,5
Computer Science,Confused,4.5,2025,Qtr 2,June,11,1.45,Graduate,Coding,1,FALSE,3
Computer Science,Confused,4.8,2025,Qtr 2,June,14,50.75,Graduate,Homework Help,10,FALSE,3
Computer Science,Confused,1.7,2025,Qtr 2,June,14,25.57,High School,Writing,7,FALSE,2
Computer Science,Confused,2.7,2025,Qtr 2,June,15,18.48,High School,Coding,7,TRUE,3
Computer Science,Confused,3.3,2025,Qtr 2,June,17,1.35,Graduate,Homework Help,1,TRUE,3
Computer Science,Confused,5,2025,Qtr 2,June,17,17.84,High School,Studying,3,TRUE,4
Computer Science,Confused,5,2025,Qtr 2,June,20,23.1,Graduate,Writing,8,TRUE,4
Computer Science,Confused,3.8,2025,Qtr 2,June,20,31.86,Undergraduate,Studying,9,FALSE,4
Computer Science,Confused,1.9,2025,Qtr 2,June,21,9.86,Graduate,Research,3,TRUE,2
Computer Science,Confused,5,2025,Qtr 2,June,22,7.71,Graduate,Studying,1,TRUE,5
Computer Science,Confused,3.6,2025,Qtr 2,June,24,8.31,High School,Studying,2,TRUE,3
Computer Science,Gave Up,4.1,2024,Qtr 2,June,29,59.92,Graduate,Research,12,FALSE,4
Computer Science,Gave Up,3.9,2024,Qtr 2,June,29,10.57,High School,Writing,3,TRUE,4
Computer Science,Gave Up,4.8,2024,Qtr 2,June,29,32.51,Undergraduate,Homework Help,13,FALSE,5
Computer Science,Gave Up,3.2,2024,Qtr 3,July,1,49.38,Graduate,Homework Help,12,FALSE,4
Computer Science,Gave Up,4.5,2024,Qtr 3,July,1,4.53,Undergraduate,Studying,1,TRUE,5
Computer Science,Gave Up,2.5,2024,Qtr 3,July,7,17.28,Undergraduate,Studying,5,TRUE,3
Computer Science,Gave Up,4,2024,Qtr 3,July,13,43.91,High School,Studying,9,FALSE,4
Computer Science,Gave Up,2.7,2024,Qtr 3,July,13,50.67,Undergraduate,Brainstorming,24,FALSE,4
Computer Science,Gave Up,3.5,2024,Qtr 3,July,14,14.71,Undergraduate,Homework Help,3,TRUE,2
Computer Science,Gave Up,5,2024,Qtr 3,July,17,8.36,Undergraduate,Studying,2,FALSE,5
Computer Science,Gave Up,1.6,2024,Qtr 3,July,28,14.92,Undergraduate,Brainstorming,3,FALSE,1
Computer Science,Gave Up,4.7,2024,Qtr 3,July,29,20.56,High School,Coding,7,TRUE,4
Computer Science,Gave Up,4.3,2024,Qtr 3,August,2,49.39,Graduate,Writing,20,FALSE,4
Computer Science,Gave Up,2.4,2024,Qtr 3,August,4,47.11,High School,Writing,11,TRUE,2
Computer Science,Gave Up,3.9,2024,Qtr 3,August,5,7.69,Undergraduate,Studying,2,FALSE,4
Computer Science,Gave Up,1.3,2024,Qtr 3,August,7,15.67,Graduate,Brainstorming,4,FALSE,1
Computer Science,Gave Up,5,2024,Qtr 3,August,7,67.54,Undergraduate,Studying,24,TRUE,5
Computer Science,Gave Up,5,2024,Qtr 3,August,8,17.37,Graduate,Writing,4,FALSE,4
Computer Science,Gave Up,2.7,2024,Qtr 3,August,31,62.82,Undergraduate,Coding,14,FALSE,3
Computer Science,Gave Up,4.9,2024,Qtr 3,August,31,12.85,Undergraduate,Coding,2,TRUE,5
Computer Science,Gave Up,4.2,2024,Qtr 3,September,3,6.97,High School,Studying,2,FALSE,4
Computer Science,Gave Up,2.5,2024,Qtr 3,September,4,10.34,Graduate,Coding,4,FALSE,3
Computer Science,Gave Up,2.8,2024,Qtr 3,September,7,74.5,High School,Brainstorming,21,FALSE,3
Computer Science,Gave Up,4.3,2024,Qtr 3,September,10,19.99,Undergraduate,Writing,6,FALSE,3
Computer Science,Gave Up,2.7,2024,Qtr 3,September,23,17.18,Graduate,Homework Help,6,TRUE,3
Computer Science,Gave Up,3.1,2024,Qtr 3,September,25,1.93,Undergraduate,Homework Help,1,TRUE,3
Computer Science,Gave Up,2.8,2024,Qtr 3,September,26,15.1,Undergraduate,Homework Help,6,TRUE,3
Computer Science,Gave Up,5,2024,Qtr 3,September,26,2.9,Undergraduate,Studying,1,TRUE,4
Computer Science,Gave Up,4,2024,Qtr 3,September,26,6.57,Undergraduate,Writing,2,FALSE,4
Computer Science,Gave Up,2.8,2024,Qtr 3,September,27,9.51,Undergraduate,Writing,3,FALSE,3
Computer Science,Gave Up,4.7,2024,Qtr 3,September,29,18.21,Undergraduate,Studying,4,FALSE,5
Computer Science,Gave Up,4.4,2024,Qtr 4,October,3,24.31,Undergraduate,Research,10,TRUE,3
Computer Science,Gave Up,3.3,2024,Qtr 4,October,10,77.44,Undergraduate,Research,16,TRUE,3
Computer Science,Gave Up,2.8,2024,Qtr 4,October,11,7.68,Undergraduate,Studying,3,TRUE,4
Computer Science,Gave Up,1.5,2024,Qtr 4,October,14,26.11,Undergraduate,Writing,5,TRUE,3
Computer Science,Gave Up,3.8,2024,Qtr 4,October,17,21.75,Undergraduate,Studying,7,TRUE,4
Computer Science,Gave Up,5,2024,Qtr 4,October,18,39.43,Graduate,Research,16,FALSE,4
Computer Science,Gave Up,2.5,2024,Qtr 4,October,22,21.24,Undergraduate,Writing,4,TRUE,1
Computer Science,Gave Up,1,2024,Qtr 4,October,27,14.47,Undergraduate,Homework Help,5,TRUE,2
Computer Science,Gave Up,4.9,2024,Qtr 4,October,30,23.62,Undergraduate,Writing,8,TRUE,3
Computer Science,Gave Up,5,2024,Qtr 4,November,9,15.76,Undergraduate,Homework Help,6,TRUE,5
Computer Science,Gave Up,5,2024,Qtr 4,November,11,50.28,Undergraduate,Homework Help,12,TRUE,4
Computer Science,Gave Up,3.7,2024,Qtr 4,November,12,10.3,Graduate,Studying,2,FALSE,3
Computer Science,Gave Up,5,2024,Qtr 4,November,12,27.73,Undergraduate,Homework Help,8,FALSE,4
Computer Science,Gave Up,3.8,2024,Qtr 4,November,13,15.38,Undergraduate,Writing,4,TRUE,4
Computer Science,Gave Up,2.8,2024,Qtr 4,November,14,33.47,Undergraduate,Writing,11,TRUE,3
Computer Science,Gave Up,3.5,2024,Qtr 4,November,15,9.11,Graduate,Writing,4,FALSE,3
Computer Science,Gave Up,4.5,2024,Qtr 4,November,15,12.06,Undergraduate,Homework Help,3,FALSE,3
Computer Science,Gave Up,3.7,2024,Qtr 4,November,16,24.62,High School,Writing,11,TRUE,3
Computer Science,Gave Up,2.9,2024,Qtr 4,November,17,28.7,Undergraduate,Studying,6,TRUE,3
Computer Science,Gave Up,5,2024,Qtr 4,November,18,4.39,Undergraduate,Writing,1,FALSE,4
Computer Science,Gave Up,5,2024,Qtr 4,November,25,9.6,Undergraduate,Writing,2,FALSE,4
Computer Science,Gave Up,3.7,2024,Qtr 4,November,30,15.33,Undergraduate,Writing,6,TRUE,3
Computer Science,Gave Up,3.1,2024,Qtr 4,December,3,21.76,Undergraduate,Writing,5,FALSE,3
Computer Science,Gave Up,4.8,2024,Qtr 4,December,4,8.28,Undergraduate,Coding,2,TRUE,4
Computer Science,Gave Up,1,2024,Qtr 4,December,4,10.04,Undergraduate,Homework Help,3,FALSE,1
Computer Science,Gave Up,4.7,2024,Qtr 4,December,6,14.76,Undergraduate,Writing,7,FALSE,5
Computer Science,Gave Up,2.3,2024,Qtr 4,December,9,4.8,Undergraduate,Writing,1,TRUE,3
Computer Science,Gave Up,4.2,2024,Qtr 4,December,11,32.62,Graduate,Studying,15,TRUE,4
Computer Science,Gave Up,4.9,2024,Qtr 4,December,12,40.27,High School,Research,9,FALSE,4
Computer Science,Gave Up,3.6,2024,Qtr 4,December,17,36.16,Undergraduate,Studying,10,TRUE,5
Computer Science,Gave Up,4.1,2024,Qtr 4,December,30,26.03,High School,Homework Help,11,FALSE,3
Computer Science,Gave Up,5,2024,Qtr 4,December,30,13.38,Undergraduate,Coding,3,TRUE,4
Computer Science,Gave Up,3.1,2025,Qtr 1,January,12,8.03,Graduate,Studying,1,FALSE,4
Computer Science,Gave Up,2.5,2025,Qtr 1,January,17,40.03,Graduate,Coding,10,FALSE,3
Computer Science,Gave Up,4.5,2025,Qtr 1,January,22,30.16,Graduate,Writing,9,FALSE,4
Computer Science,Gave Up,3.1,2025,Qtr 1,January,28,6.61,High School,Studying,1,TRUE,3
Computer Science,Gave Up,1.3,2025,Qtr 1,February,3,34.45,Undergraduate,Research,9,FALSE,2
Computer Science,Gave Up,3.1,2025,Qtr 1,February,4,7.08,Undergraduate,Coding,1,FALSE,3
Computer Science,Gave Up,2.2,2025,Qtr 1,February,7,13.39,High School,Studying,3,TRUE,3
Computer Science,Gave Up,1.2,2025,Qtr 1,February,7,20.85,Undergraduate,Studying,6,FALSE,2
Computer Science,Gave Up,2.8,2025,Qtr 1,February,10,10.45,High School,Writing,3,FALSE,4
Computer Science,Gave Up,3.8,2025,Qtr 1,February,11,31.91,Undergraduate,Writing,10,TRUE,3
Computer Science,Gave Up,2.5,2025,Qtr 1,February,16,19.24,Undergraduate,Coding,4,TRUE,4
Computer Science,Gave Up,2,2025,Qtr 1,February,21,7.34,High School,Studying,1,TRUE,2
Computer Science,Gave Up,2,2025,Qtr 1,March,6,72.82,Undergraduate,Homework Help,25,FALSE,2
Computer Science,Gave Up,2.6,2025,Qtr 1,March,9,17.91,Undergraduate,Homework Help,3,FALSE,4
Computer Science,Gave Up,2.9,2025,Qtr 1,March,11,19.05,Graduate,Studying,6,FALSE,3
Computer Science,Gave Up,2.3,2025,Qtr 1,March,11,3.82,Undergraduate,Studying,1,FALSE,2
Computer Science,Gave Up,4.8,2025,Qtr 1,March,23,13.91,Undergraduate,Studying,3,TRUE,4
Computer Science,Gave Up,4.1,2025,Qtr 1,March,25,9.68,Undergraduate,Studying,3,FALSE,3
Computer Science,Gave Up,3.6,2025,Qtr 1,March,27,34.15,High School,Coding,13,FALSE,3
Computer Science,Gave Up,3.3,2025,Qtr 1,March,29,11.21,Undergraduate,Research,4,FALSE,3
Computer Science,Gave Up,1.9,2025,Qtr 1,March,29,7.22,Undergraduate,Studying,2,FALSE,2
Computer Science,Gave Up,4,2025,Qtr 1,March,31,24.79,Undergraduate,Writing,9,TRUE,3
Computer Science,Gave Up,3.6,2025,Qtr 2,April,1,10.13,Graduate,Coding,3,TRUE,4
Computer Science,Gave Up,1.7,2025,Qtr 2,April,1,31.02,Undergraduate,Studying,7,FALSE,2
Computer Science,Gave Up,1,2025,Qtr 2,April,3,5.18,Undergraduate,Homework Help,1,TRUE,2
Computer Science,Gave Up,5,2025,Qtr 2,April,13,15.58,Graduate,Homework Help,3,TRUE,4
Computer Science,Gave Up,2.4,2025,Qtr 2,April,21,19.44,Undergraduate,Studying,4,FALSE,3
Computer Science,Gave Up,5,2025,Qtr 2,April,27,6.22,Undergraduate,Research,1,FALSE,5
Computer Science,Gave Up,3.8,2025,Qtr 2,April,27,34.22,Undergraduate,Writing,7,TRUE,4
Computer Science,Gave Up,2.7,2025,Qtr 2,May,2,21.59,Graduate,Writing,7,FALSE,3
Computer Science,Gave Up,2.4,2025,Qtr 2,May,4,39.19,Graduate,Homework Help,8,TRUE,3
Computer Science,Gave Up,1.3,2025,Qtr 2,May,5,28.1,Undergraduate,Research,7,FALSE,2
Computer Science,Gave Up,2.8,2025,Qtr 2,May,12,8.72,High School,Studying,2,TRUE,3
Computer Science,Gave Up,4.8,2025,Qtr 2,May,13,5.9,High School,Writing,1,FALSE,4
Computer Science,Gave Up,4.9,2025,Qtr 2,May,15,28.57,Graduate,Homework Help,9,TRUE,4
Computer Science,Gave Up,5,2025,Qtr 2,May,19,9.64,Undergraduate,Coding,3,TRUE,5
Computer Science,Gave Up,2.6,2025,Qtr 2,May,19,23.23,Undergraduate,Writing,4,TRUE,2
Computer Science,Gave Up,2.8,2025,Qtr 2,May,20,3.95,Undergraduate,Research,1,FALSE,3
Computer Science,Gave Up,3.9,2025,Qtr 2,May,23,18.38,Graduate,Writing,8,TRUE,3
Computer Science,Gave Up,4.1,2025,Qtr 2,May,27,15.47,Undergraduate,Homework Help,4,TRUE,5
Computer Science,Gave Up,3.2,2025,Qtr 2,June,6,22.93,Graduate,Homework Help,6,FALSE,4
Computer Science,Gave Up,5,2025,Qtr 2,June,7,3.17,High School,Coding,1,TRUE,5
Computer Science,Gave Up,3,2025,Qtr 2,June,11,6.17,Undergraduate,Studying,2,FALSE,3
Computer Science,Gave Up,5,2025,Qtr 2,June,17,16.79,Undergraduate,Homework Help,6,TRUE,5
Computer Science,Gave Up,2.4,2025,Qtr 2,June,17,36.46,Undergraduate,Studying,17,FALSE,2
Computer Science,Gave Up,3.9,2025,Qtr 2,June,20,13.43,Undergraduate,Writing,2,TRUE,3
Computer Science,Gave Up,4.7,2025,Qtr 2,June,24,31.8,Undergraduate,Brainstorming,14,FALSE,4
Computer Science,Idea Drafted,2.8,2024,Qtr 2,June,24,14.07,Graduate,Studying,3,TRUE,3
Computer Science,Idea Drafted,2.3,2024,Qtr 2,June,25,25.85,Graduate,Coding,5,TRUE,3
Computer Science,Idea Drafted,3.1,2024,Qtr 2,June,25,14.22,Graduate,Studying,5,TRUE,2
Computer Science,Idea Drafted,1,2024,Qtr 2,June,25,12,Undergraduate,Writing,4,FALSE,2
Computer Science,Idea Drafted,3.8,2024,Qtr 2,June,26,11.56,Graduate,Homework Help,4,TRUE,4
Computer Science,Idea Drafted,2.5,2024,Qtr 2,June,26,19.15,Undergraduate,Homework Help,4,TRUE,3
Computer Science,Idea Drafted,4.4,2024,Qtr 2,June,26,9.71,Undergraduate,Writing,2,TRUE,4
Computer Science,Idea Drafted,5,2024,Qtr 2,June,28,17.38,Graduate,Writing,5,TRUE,5
Computer Science,Idea Drafted,1,2024,Qtr 2,June,29,20.69,Undergraduate,Homework Help,4,TRUE,3
Computer Science,Idea Drafted,7.6,2024,Qtr 2,June,30,28.29,Graduate,Coding,6,TRUE,9
Computer Science,Idea Drafted,4.4,2024,Qtr 3,July,1,76.76,Undergraduate,Writing,22,TRUE,8
Computer Science,Idea Drafted,3.4,2024,Qtr 3,July,4,12.27,High School,Coding,3,FALSE,4
Computer Science,Idea Drafted,3.6,2024,Qtr 3,July,4,5.7,High School,Studying,2,TRUE,3
Computer Science,Idea Drafted,3,2024,Qtr 3,July,4,8.59,Undergraduate,Studying,2,TRUE,3
Computer Science,Idea Drafted,3.4,2024,Qtr 3,July,7,11.65,Undergraduate,Research,2,FALSE,3
Computer Science,Idea Drafted,4.9,2024,Qtr 3,July,8,67.62,Undergraduate,Brainstorming,26,TRUE,5
Computer Science,Idea Drafted,5,2024,Qtr 3,July,8,33.6,Undergraduate,Writing,16,FALSE,5
Computer Science,Idea Drafted,3.8,2024,Qtr 3,July,11,11.25,Undergraduate,Homework Help,3,TRUE,4
Computer Science,Idea Drafted,1.7,2024,Qtr 3,July,11,44.54,Undergraduate,Writing,12,TRUE,3
Computer Science,Idea Drafted,4.7,2024,Qtr 3,July,12,5.56,High School,Homework Help,1,TRUE,4
Computer Science,Idea Drafted,3.4,2024,Qtr 3,July,14,11.24,Undergraduate,Writing,4,FALSE,4
Computer Science,Idea Drafted,5,2024,Qtr 3,July,15,22.25,Graduate,Writing,5,TRUE,4
Computer Science,Idea Drafted,5,2024,Qtr 3,July,17,91.2,High School,Writing,39,TRUE,5
Computer Science,Idea Drafted,3.6,2024,Qtr 3,July,19,23.7,High School,Writing,10,TRUE,4
Computer Science,Idea Drafted,1.9,2024,Qtr 3,July,22,7.46,High School,Homework Help,1,TRUE,3
Computer Science,Idea Drafted,4.1,2024,Qtr 3,July,22,30.21,High School,Writing,7,FALSE,4
Computer Science,Idea Drafted,1.1,2024,Qtr 3,July,24,25.6,Undergraduate,Research,8,TRUE,3
Computer Science,Idea Drafted,2.7,2024,Qtr 3,July,26,23.07,High School,Brainstorming,4,TRUE,3
Computer Science,Idea Drafted,3.7,2024,Qtr 3,July,26,65.82,Undergraduate,Studying,17,TRUE,3
Computer Science,Idea Drafted,5,2024,Qtr 3,July,28,2.73,High School,Homework Help,1,FALSE,5
Computer Science,Idea Drafted,3.3,2024,Qtr 3,July,29,11.89,High School,Writing,3,TRUE,4
Computer Science,Idea Drafted,1,2024,Qtr 3,July,29,40.28,Undergraduate,Writing,18,TRUE,2
Computer Science,Idea Drafted,4.6,2024,Qtr 3,July,30,29.78,Undergraduate,Studying,7,TRUE,3
Computer Science,Idea Drafted,5,2024,Qtr 3,July,30,35.24,Undergraduate,Writing,7,TRUE,5
Computer Science,Idea Drafted,2.9,2024,Qtr 3,August,2,2.2,Undergraduate,Brainstorming,1,TRUE,2
Computer Science,Idea Drafted,4.8,2024,Qtr 3,August,2,5.64,Undergraduate,Writing,1,TRUE,4
Computer Science,Idea Drafted,4.2,2024,Qtr 3,August,3,7.83,High School,Research,2,TRUE,4
Computer Science,Idea Drafted,4.8,2024,Qtr 3,August,4,55,Undergraduate,Brainstorming,17,FALSE,5
Computer Science,Idea Drafted,2.9,2024,Qtr 3,August,5,8.3,High School,Research,1,TRUE,3
Computer Science,Idea Drafted,2.3,2024,Qtr 3,August,6,7.47,Undergraduate,Writing,1,TRUE,3
Computer Science,Idea Drafted,5,2024,Qtr 3,August,7,10.16,Undergraduate,Writing,2,TRUE,3
Computer Science,Idea Drafted,3.3,2024,Qtr 3,August,8,16.46,Undergraduate,Writing,4,FALSE,3
Computer Science,Idea Drafted,4.2,2024,Qtr 3,August,9,16.89,High School,Homework Help,6,TRUE,4
Computer Science,Idea Drafted,1,2024,Qtr 3,August,10,35.43,Graduate,Writing,17,TRUE,2
Computer Science,Idea Drafted,5,2024,Qtr 3,August,10,18.9,Undergraduate,Writing,4,FALSE,4
Computer Science,Idea Drafted,2.7,2024,Qtr 3,August,11,51.46,Undergraduate,Brainstorming,10,TRUE,3
Computer Science,Idea Drafted,3.6,2024,Qtr 3,August,12,5.07,Undergraduate,Writing,1,TRUE,3
Computer Science,Idea Drafted,4.5,2024,Qtr 3,August,13,14.67,Graduate,Writing,3,TRUE,4
Computer Science,Idea Drafted,2.6,2024,Qtr 3,August,13,6.73,High School,Homework Help,2,TRUE,4
Computer Science,Idea Drafted,4.2,2024,Qtr 3,August,13,7.53,High School,Writing,2,FALSE,4
Computer Science,Idea Drafted,2.7,2024,Qtr 3,August,13,40.5,Undergraduate,Writing,8,FALSE,3
Computer Science,Idea Drafted,4.4,2024,Qtr 3,August,14,22.31,Graduate,Studying,9,TRUE,3
Computer Science,Idea Drafted,3.4,2024,Qtr 3,August,14,9.79,High School,Coding,1,TRUE,4
Computer Science,Idea Drafted,4.1,2024,Qtr 3,August,14,32.24,High School,Writing,13,FALSE,4
Computer Science,Idea Drafted,2,2024,Qtr 3,August,14,16.07,High School,Writing,3,TRUE,2
Computer Science,Idea Drafted,3.1,2024,Qtr 3,August,16,1.17,Graduate,Coding,1,TRUE,3
Computer Science,Idea Drafted,2.5,2024,Qtr 3,August,16,22.88,High School,Writing,7,TRUE,3
Computer Science,Idea Drafted,5,2024,Qtr 3,August,19,7.84,Undergraduate,Studying,1,TRUE,4
Computer Science,Idea Drafted,1,2024,Qtr 3,August,20,34.17,Undergraduate,Writing,7,TRUE,2
Computer Science,Idea Drafted,2.6,2024,Qtr 3,August,22,11.71,Undergraduate,Writing,3,TRUE,4
Computer Science,Idea Drafted,5,2024,Qtr 3,August,24,22.58,Graduate,Homework Help,8,TRUE,5
Computer Science,Idea Drafted,1.9,2024,Qtr 3,August,25,18.31,Graduate,Studying,3,TRUE,3
Computer Science,Idea Drafted,5,2024,Qtr 3,August,25,33.6,High School,Studying,12,TRUE,5
Computer Science,Idea Drafted,4.2,2024,Qtr 3,August,25,53.78,Undergraduate,Brainstorming,13,TRUE,4
Computer Science,Idea Drafted,1.4,2024,Qtr 3,August,27,15.07,High School,Writing,4,TRUE,1
Computer Science,Idea Drafted,1.5,2024,Qtr 3,August,27,20.99,Undergraduate,Homework Help,7,TRUE,3
Computer Science,Idea Drafted,2,2024,Qtr 3,August,27,7.22,Undergraduate,Writing,2,FALSE,3
Computer Science,Idea Drafted,4.6,2024,Qtr 3,August,28,13.02,Undergraduate,Brainstorming,2,TRUE,4
Computer Science,Idea Drafted,3.6,2024,Qtr 3,August,29,20.14,High School,Studying,4,FALSE,4
Computer Science,Idea Drafted,4.9,2024,Qtr 3,August,29,12.55,Undergraduate,Writing,4,TRUE,4
Computer Science,Idea Drafted,3.7,2024,Qtr 3,August,30,7.72,Undergraduate,Coding,3,FALSE,3
Computer Science,Idea Drafted,3.9,2024,Qtr 3,September,1,19,Graduate,Writing,6,TRUE,3
Computer Science,Idea Drafted,2.2,2024,Qtr 3,September,1,22.9,High School,Writing,5,TRUE,4
Computer Science,Idea Drafted,2,2024,Qtr 3,September,3,30.82,Undergraduate,Brainstorming,7,TRUE,3
Computer Science,Idea Drafted,3.1,2024,Qtr 3,September,3,8.91,Undergraduate,Studying,3,TRUE,4
Computer Science,Idea Drafted,4.2,2024,Qtr 3,September,4,27.15,Undergraduate,Research,11,FALSE,4
Computer Science,Idea Drafted,4.7,2024,Qtr 3,September,5,7.36,Graduate,Writing,1,TRUE,4
Computer Science,Idea Drafted,3,2024,Qtr 3,September,5,32.3,Undergraduate,Writing,10,TRUE,2
Computer Science,Idea Drafted,2.7,2024,Qtr 3,September,7,13.53,Undergraduate,Studying,3,TRUE,2
Computer Science,Idea Drafted,1.7,2024,Qtr 3,September,8,45.47,Graduate,Studying,21,TRUE,2
Computer Science,Idea Drafted,3.8,2024,Qtr 3,September,8,21.49,High School,Writing,6,TRUE,4
Computer Science,Idea Drafted,2.8,2024,Qtr 3,September,11,23.67,Undergraduate,Brainstorming,9,TRUE,3
Computer Science,Idea Drafted,2.3,2024,Qtr 3,September,13,1.14,Undergraduate,Writing,1,TRUE,3
Computer Science,Idea Drafted,5,2024,Qtr 3,September,14,26.27,High School,Coding,7,TRUE,4
Computer Science,Idea Drafted,3.1,2024,Qtr 3,September,17,4.61,Graduate,Writing,1,FALSE,3
Computer Science,Idea Drafted,3,2024,Qtr 3,September,17,17.91,High School,Coding,8,TRUE,4
Computer Science,Idea Drafted,5,2024,Qtr 3,September,18,45.63,Undergraduate,Studying,15,TRUE,5
Computer Science,Idea Drafted,3.7,2024,Qtr 3,September,19,2.12,High School,Writing,1,TRUE,5
Computer Science,Idea Drafted,3.9,2024,Qtr 3,September,19,5.13,Undergraduate,Writing,1,TRUE,4
Computer Science,Idea Drafted,1.5,2024,Qtr 3,September,21,23.67,Undergraduate,Brainstorming,6,TRUE,3
Computer Science,Idea Drafted,4.5,2024,Qtr 3,September,21,4.46,Undergraduate,Coding,1,TRUE,4
Computer Science,Idea Drafted,2.2,2024,Qtr 3,September,21,40,Undergraduate,Writing,15,FALSE,3
Computer Science,Idea Drafted,4.2,2024,Qtr 3,September,21,9.91,Undergraduate,Writing,4,TRUE,4
Computer Science,Idea Drafted,2,2024,Qtr 3,September,22,1.94,High School,Coding,1,FALSE,3
Computer Science,Idea Drafted,4.9,2024,Qtr 3,September,22,6.62,High School,Studying,2,FALSE,5
Computer Science,Idea Drafted,4,2024,Qtr 3,September,22,19.75,High School,Writing,9,TRUE,5
Computer Science,Idea Drafted,3.7,2024,Qtr 3,September,22,22.16,Undergraduate,Writing,7,FALSE,4
Computer Science,Idea Drafted,2.3,2024,Qtr 3,September,23,9.76,High School,Studying,2,TRUE,3
Computer Science,Idea Drafted,4.2,2024,Qtr 3,September,24,25.09,Undergraduate,Writing,5,TRUE,4
Computer Science,Idea Drafted,3.2,2024,Qtr 3,September,25,34.23,High School,Homework Help,10,TRUE,3
Computer Science,Idea Drafted,3.2,2024,Qtr 3,September,25,16.51,Undergraduate,Coding,6,TRUE,3
Computer Science,Idea Drafted,3.5,2024,Qtr 3,September,25,16.35,Undergraduate,Research,5,FALSE,4
Computer Science,Idea Drafted,5.8,2024,Qtr 3,September,25,51.07,Undergraduate,Writing,15,TRUE,5
Computer Science,Idea Drafted,3.4,2024,Qtr 3,September,29,27.78,Graduate,Studying,9,TRUE,4
Computer Science,Idea Drafted,5,2024,Qtr 3,September,29,44.72,Undergraduate,Writing,16,TRUE,5
Computer Science,Idea Drafted,5,2024,Qtr 3,September,30,20.57,High School,Coding,8,TRUE,5
Computer Science,Idea Drafted,2.7,2024,Qtr 4,October,1,21.5,Undergraduate,Studying,7,TRUE,2
Computer Science,Idea Drafted,2.8,2024,Qtr 4,October,2,8.08,Undergraduate,Homework Help,2,TRUE,4
Computer Science,Idea Drafted,1.7,2024,Qtr 4,October,3,13.55,High School,Studying,4,TRUE,3
Computer Science,Idea Drafted,3.2,2024,Qtr 4,October,3,12.01,High School,Writing,3,TRUE,3
Computer Science,Idea Drafted,4.6,2024,Qtr 4,October,5,18.1,Graduate,Coding,8,TRUE,4
Computer Science,Idea Drafted,2.9,2024,Qtr 4,October,5,3.86,Graduate,Studying,1,TRUE,3
Computer Science,Idea Drafted,1,2024,Qtr 4,October,7,21.43,Undergraduate,Studying,4,TRUE,3
Computer Science,Idea Drafted,1.6,2024,Qtr 4,October,9,5.68,Undergraduate,Studying,1,TRUE,3
Computer Science,Idea Drafted,4,2024,Qtr 4,October,9,21.89,Undergraduate,Writing,8,FALSE,4
Computer Science,Idea Drafted,3.1,2024,Qtr 4,October,11,15.91,Undergraduate,Research,5,FALSE,4
Computer Science,Idea Drafted,3.4,2024,Qtr 4,October,13,12.29,Undergraduate,Research,3,FALSE,3
Computer Science,Idea Drafted,3,2024,Qtr 4,October,13,1.45,Undergraduate,Research,1,TRUE,4
Computer Science,Idea Drafted,3.6,2024,Qtr 4,October,14,2.53,Undergraduate,Coding,1,TRUE,5
Computer Science,Idea Drafted,1.3,2024,Qtr 4,October,15,17.05,Undergraduate,Homework Help,4,TRUE,1
Computer Science,Idea Drafted,1.5,2024,Qtr 4,October,16,4.7,Graduate,Coding,1,FALSE,2
Computer Science,Idea Drafted,2.3,2024,Qtr 4,October,17,3.55,Undergraduate,Studying,1,TRUE,3
Computer Science,Idea Drafted,2.5,2024,Qtr 4,October,17,22.31,Undergraduate,Writing,7,TRUE,2
Computer Science,Idea Drafted,2.3,2024,Qtr 4,October,18,21.49,Undergraduate,Studying,5,TRUE,3
Computer Science,Idea Drafted,3.2,2024,Qtr 4,October,18,35.44,Undergraduate,Writing,11,TRUE,3
Computer Science,Idea Drafted,5,2024,Qtr 4,October,19,28.37,Graduate,Studying,9,TRUE,5
Computer Science,Idea Drafted,2.7,2024,Qtr 4,October,20,25.19,Graduate,Writing,7,TRUE,3
Computer Science,Idea Drafted,2.2,2024,Qtr 4,October,22,11.63,Undergraduate,Writing,5,TRUE,1
Computer Science,Idea Drafted,3,2024,Qtr 4,October,24,90.21,Graduate,Studying,23,TRUE,3
Computer Science,Idea Drafted,5,2024,Qtr 4,October,24,20.85,Undergraduate,Homework Help,4,FALSE,4
Computer Science,Idea Drafted,5,2024,Qtr 4,October,24,0.33,Undergraduate,Homework Help,1,TRUE,4
Computer Science,Idea Drafted,4.1,2024,Qtr 4,October,25,40.51,Undergraduate,Writing,14,TRUE,4
Computer Science,Idea Drafted,3.6,2024,Qtr 4,October,26,9.21,High School,Brainstorming,2,TRUE,3
Computer Science,Idea Drafted,2.2,2024,Qtr 4,October,26,33.14,Undergraduate,Studying,12,TRUE,4
Computer Science,Idea Drafted,3.2,2024,Qtr 4,October,27,11.28,Graduate,Coding,3,TRUE,4
Computer Science,Idea Drafted,5,2024,Qtr 4,October,27,40.9,Undergraduate,Brainstorming,15,TRUE,5
Computer Science,Idea Drafted,4.8,2024,Qtr 4,October,28,3.54,Graduate,Research,1,TRUE,5
Computer Science,Idea Drafted,2.7,2024,Qtr 4,October,28,17.6,Undergraduate,Brainstorming,5,TRUE,2
Computer Science,Idea Drafted,3.6,2024,Qtr 4,October,29,15.82,Undergraduate,Writing,4,TRUE,4
Computer Science,Idea Drafted,3.8,2024,Qtr 4,October,30,10.18,Undergraduate,Research,2,TRUE,3
Computer Science,Idea Drafted,3.9,2024,Qtr 4,November,1,28.95,Graduate,Writing,7,FALSE,3
Computer Science,Idea Drafted,3.1,2024,Qtr 4,November,1,34.17,Undergraduate,Studying,11,FALSE,4
Computer Science,Idea Drafted,5,2024,Qtr 4,November,2,28.97,High School,Studying,12,TRUE,4
Computer Science,Idea Drafted,4.2,2024,Qtr 4,November,3,7.29,High School,Homework Help,2,TRUE,4
Computer Science,Idea Drafted,2.6,2024,Qtr 4,November,3,19,High School,Writing,4,TRUE,3
Computer Science,Idea Drafted,1.7,2024,Qtr 4,November,3,13.93,Undergraduate,Studying,2,FALSE,2
Computer Science,Idea Drafted,3.7,2024,Qtr 4,November,3,98.96,Undergraduate,Writing,38,TRUE,4
Computer Science,Idea Drafted,2.5,2024,Qtr 4,November,4,29.23,Graduate,Studying,6,TRUE,3
Computer Science,Idea Drafted,5,2024,Qtr 4,November,4,10.32,High School,Studying,2,TRUE,4
Computer Science,Idea Drafted,5,2024,Qtr 4,November,4,14.92,Undergraduate,Studying,3,FALSE,4
Computer Science,Idea Drafted,4.2,2024,Qtr 4,November,6,24.75,Undergraduate,Homework Help,5,TRUE,3
Computer Science,Idea Drafted,4.5,2024,Qtr 4,November,7,12.44,High School,Writing,5,TRUE,5
Computer Science,Idea Drafted,2.6,2024,Qtr 4,November,7,8.48,Undergraduate,Studying,2,TRUE,3
Computer Science,Idea Drafted,5,2024,Qtr 4,November,8,12.19,High School,Writing,2,TRUE,5
Computer Science,Idea Drafted,2.5,2024,Qtr 4,November,8,4.34,Undergraduate,Homework Help,2,TRUE,3
Computer Science,Idea Drafted,4,2024,Qtr 4,November,9,15.35,High School,Brainstorming,3,TRUE,4
Computer Science,Idea Drafted,3.8,2024,Qtr 4,November,10,8.46,Graduate,Homework Help,1,TRUE,4
Computer Science,Idea Drafted,1.3,2024,Qtr 4,November,10,14.35,Graduate,Research,5,TRUE,1
Computer Science,Idea Drafted,1,2024,Qtr 4,November,12,10.89,Undergraduate,Coding,2,TRUE,2
Computer Science,Idea Drafted,2.6,2024,Qtr 4,November,12,48.53,Undergraduate,Writing,14,TRUE,2
Computer Science,Idea Drafted,1.2,2024,Qtr 4,November,13,4.49,High School,Coding,1,TRUE,2
Computer Science,Idea Drafted,1.9,2024,Qtr 4,November,14,8.75,Undergraduate,Research,2,TRUE,3
Computer Science,Idea Drafted,3.3,2024,Qtr 4,November,15,11.14,High School,Studying,2,FALSE,4
Computer Science,Idea Drafted,1.7,2024,Qtr 4,November,15,11.95,High School,Studying,4,TRUE,2
Computer Science,Idea Drafted,3.8,2024,Qtr 4,November,16,2.67,Undergraduate,Homework Help,1,TRUE,3
Computer Science,Idea Drafted,4.2,2024,Qtr 4,November,17,31.93,Graduate,Homework Help,9,TRUE,4
Computer Science,Idea Drafted,2.5,2024,Qtr 4,November,17,11.92,Undergraduate,Research,3,TRUE,3
Computer Science,Idea Drafted,2.3,2024,Qtr 4,November,17,4.94,Undergraduate,Studying,1,TRUE,3
Computer Science,Idea Drafted,3.2,2024,Qtr 4,November,17,16.67,Undergraduate,Writing,5,FALSE,4
Computer Science,Idea Drafted,1,2024,Qtr 4,November,19,37.04,Graduate,Writing,9,TRUE,1
Computer Science,Idea Drafted,3.9,2024,Qtr 4,November,19,14.21,High School,Studying,3,TRUE,5
Computer Science,Idea Drafted,4.1,2024,Qtr 4,November,19,33.38,Undergraduate,Writing,7,TRUE,4
Computer Science,Idea Drafted,1.2,2024,Qtr 4,November,20,15.57,Undergraduate,Writing,4,TRUE,2
Computer Science,Idea Drafted,4.2,2024,Qtr 4,November,22,17.59,Graduate,Brainstorming,4,TRUE,3
Computer Science,Idea Drafted,2.2,2024,Qtr 4,November,22,6.23,Graduate,Homework Help,1,TRUE,3
Computer Science,Idea Drafted,5,2024,Qtr 4,November,22,28.63,High School,Writing,7,TRUE,5
Computer Science,Idea Drafted,3.4,2024,Qtr 4,November,22,2.07,Undergraduate,Studying,1,TRUE,3
Computer Science,Idea Drafted,3,2024,Qtr 4,November,24,20.17,Graduate,Brainstorming,7,TRUE,3
Computer Science,Idea Drafted,5,2024,Qtr 4,November,24,15.38,Graduate,Coding,4,TRUE,5
Computer Science,Idea Drafted,3.8,2024,Qtr 4,November,25,44.52,Undergraduate,Homework Help,10,TRUE,4
Computer Science,Idea Drafted,3.6,2024,Qtr 4,November,28,76.75,Graduate,Writing,16,TRUE,4
Computer Science,Idea Drafted,4.4,2024,Qtr 4,November,28,39.85,Undergraduate,Writing,13,TRUE,4
Computer Science,Idea Drafted,3.4,2024,Qtr 4,November,29,24.84,Graduate,Writing,6,FALSE,3
Computer Science,Idea Drafted,4,2024,Qtr 4,November,30,7.6,Undergraduate,Writing,1,FALSE,4
Computer Science,Idea Drafted,5.6,2024,Qtr 4,November,30,59.75,Undergraduate,Writing,23,TRUE,5
Computer Science,Idea Drafted,2.9,2024,Qtr 4,December,1,29.19,Graduate,Studying,12,TRUE,4
Computer Science,Idea Drafted,2.5,2024,Qtr 4,December,2,6.84,Undergraduate,Studying,1,TRUE,3
Computer Science,Idea Drafted,4.1,2024,Qtr 4,December,6,18.6,Undergraduate,Brainstorming,4,TRUE,4
Computer Science,Idea Drafted,4.3,2024,Qtr 4,December,7,23.92,Undergraduate,Research,8,FALSE,4
Computer Science,Idea Drafted,3.9,2024,Qtr 4,December,8,33.86,Graduate,Research,7,TRUE,3
Computer Science,Idea Drafted,2.5,2024,Qtr 4,December,8,13.67,Graduate,Writing,4,FALSE,3
Computer Science,Idea Drafted,3.8,2024,Qtr 4,December,9,72.04,Graduate,Writing,26,TRUE,3
Computer Science,Idea Drafted,3.1,2024,Qtr 4,December,10,31.51,High School,Writing,9,TRUE,4
Computer Science,Idea Drafted,2.1,2024,Qtr 4,December,11,5.35,High School,Writing,2,TRUE,3
Computer Science,Idea Drafted,5,2024,Qtr 4,December,11,2.86,Undergraduate,Homework Help,1,TRUE,5
Computer Science,Idea Drafted,4.5,2024,Qtr 4,December,12,8.43,Graduate,Coding,2,TRUE,4
Computer Science,Idea Drafted,4.5,2024,Qtr 4,December,12,18.26,Undergraduate,Research,3,TRUE,4
Computer Science,Idea Drafted,4.9,2024,Qtr 4,December,14,11.36,Undergraduate,Writing,2,TRUE,5
Computer Science,Idea Drafted,1.7,2024,Qtr 4,December,15,16.12,Graduate,Writing,3,TRUE,3
Computer Science,Idea Drafted,4.1,2024,Qtr 4,December,15,32.82,Undergraduate,Studying,7,TRUE,4
Computer Science,Idea Drafted,4,2024,Qtr 4,December,15,5.1,Undergraduate,Writing,1,FALSE,5
Computer Science,Idea Drafted,4.6,2024,Qtr 4,December,17,27.48,Graduate,Writing,10,FALSE,5
Computer Science,Idea Drafted,2.6,2024,Qtr 4,December,17,68.47,Undergraduate,Homework Help,34,FALSE,3
Computer Science,Idea Drafted,2.7,2024,Qtr 4,December,19,8.89,Undergraduate,Writing,4,TRUE,3
Computer Science,Idea Drafted,5,2024,Qtr 4,December,20,17.91,Graduate,Studying,3,TRUE,5
Computer Science,Idea Drafted,2,2024,Qtr 4,December,20,28.03,Graduate,Writing,7,TRUE,3
Computer Science,Idea Drafted,2.9,2024,Qtr 4,December,20,28.85,High School,Writing,6,TRUE,3
Computer Science,Idea Drafted,2.3,2024,Qtr 4,December,20,13.19,Undergraduate,Research,3,FALSE,3
Computer Science,Idea Drafted,4.5,2024,Qtr 4,December,20,13.45,Undergraduate,Writing,3,FALSE,5
Computer Science,Idea Drafted,4.5,2024,Qtr 4,December,22,22.46,High School,Writing,4,FALSE,4
Computer Science,Idea Drafted,3.6,2024,Qtr 4,December,23,16.13,Undergraduate,Coding,4,TRUE,3
Computer Science,Idea Drafted,2.3,2024,Qtr 4,December,24,7.04,Graduate,Writing,2,TRUE,3
Computer Science,Idea Drafted,5,2024,Qtr 4,December,26,15.98,High School,Studying,3,TRUE,5
Computer Science,Idea Drafted,3.8,2024,Qtr 4,December,26,12.49,Undergraduate,Writing,2,TRUE,4
Computer Science,Idea Drafted,3.4,2024,Qtr 4,December,27,20.07,Undergraduate,Writing,5,TRUE,3
Computer Science,Idea Drafted,4.7,2024,Qtr 4,December,30,15.02,Undergraduate,Coding,4,TRUE,5
Computer Science,Idea Drafted,1.3,2025,Qtr 1,January,1,11.1,Undergraduate,Homework Help,2,TRUE,2
Computer Science,Idea Drafted,2.7,2025,Qtr 1,January,2,3.34,High School,Homework Help,1,TRUE,3
Computer Science,Idea Drafted,3.8,2025,Qtr 1,January,2,36.94,Undergraduate,Writing,12,TRUE,3
Computer Science,Idea Drafted,4,2025,Qtr 1,January,4,6,Graduate,Writing,1,TRUE,4
Computer Science,Idea Drafted,5,2025,Qtr 1,January,5,4.68,High School,Brainstorming,1,FALSE,5
Computer Science,Idea Drafted,3.6,2025,Qtr 1,January,6,12.44,Undergraduate,Coding,4,FALSE,3
Computer Science,Idea Drafted,2.9,2025,Qtr 1,January,6,5.21,Undergraduate,Homework Help,1,TRUE,3
Computer Science,Idea Drafted,3.2,2025,Qtr 1,January,8,7.36,Graduate,Writing,2,TRUE,3
Computer Science,Idea Drafted,3.9,2025,Qtr 1,January,8,36.1,High School,Writing,10,TRUE,3
Computer Science,Idea Drafted,3.9,2025,Qtr 1,January,9,16.52,Undergraduate,Research,4,TRUE,5
Computer Science,Idea Drafted,2.4,2025,Qtr 1,January,10,39.52,Undergraduate,Writing,11,FALSE,3
Computer Science,Idea Drafted,3.2,2025,Qtr 1,January,11,32.14,High School,Brainstorming,14,TRUE,4
Computer Science,Idea Drafted,1.4,2025,Qtr 1,January,11,25.97,Undergraduate,Studying,5,FALSE,3
Computer Science,Idea Drafted,2.6,2025,Qtr 1,January,12,7.35,High School,Writing,1,TRUE,3
Computer Science,Idea Drafted,1.3,2025,Qtr 1,January,12,4.46,Undergraduate,Coding,1,TRUE,1
Computer Science,Idea Drafted,4.3,2025,Qtr 1,January,14,24.54,High School,Writing,5,TRUE,3
Computer Science,Idea Drafted,2.7,2025,Qtr 1,January,15,2.98,High School,Studying,1,FALSE,3
Computer Science,Idea Drafted,4.8,2025,Qtr 1,January,15,15.21,Undergraduate,Coding,5,TRUE,5
Computer Science,Idea Drafted,2.6,2025,Qtr 1,January,15,20.93,Undergraduate,Studying,6,FALSE,2
Computer Science,Idea Drafted,3.4,2025,Qtr 1,January,15,15.5,Undergraduate,Studying,7,TRUE,4
Computer Science,Idea Drafted,2.2,2025,Qtr 1,January,17,0.47,Undergraduate,Homework Help,1,TRUE,3
Computer Science,Idea Drafted,3.7,2025,Qtr 1,January,18,4.08,Graduate,Homework Help,1,FALSE,5
Computer Science,Idea Drafted,2.1,2025,Qtr 1,January,18,11.88,Graduate,Writing,2,FALSE,2
Computer Science,Idea Drafted,4.6,2025,Qtr 1,January,19,26.51,Undergraduate,Coding,5,TRUE,4
Computer Science,Idea Drafted,5,2025,Qtr 1,January,19,47.88,Undergraduate,Writing,16,TRUE,5
Computer Science,Idea Drafted,2.1,2025,Qtr 1,January,20,4.28,Graduate,Writing,1,TRUE,3
Computer Science,Idea Drafted,3.6,2025,Qtr 1,January,20,12.87,Undergraduate,Homework Help,3,FALSE,4
Computer Science,Idea Drafted,3.6,2025,Qtr 1,January,20,17.63,Undergraduate,Studying,3,FALSE,4
Computer Science,Idea Drafted,7.5,2025,Qtr 1,January,25,30.36,Graduate,Homework Help,11,TRUE,7
Computer Science,Idea Drafted,4.9,2025,Qtr 1,January,25,8.51,Undergraduate,Writing,2,FALSE,5
Computer Science,Idea Drafted,3.9,2025,Qtr 1,January,28,24.67,Undergraduate,Brainstorming,6,TRUE,4
Computer Science,Idea Drafted,4.3,2025,Qtr 1,January,28,33.4,Undergraduate,Homework Help,8,FALSE,5
Computer Science,Idea Drafted,4.2,2025,Qtr 1,January,30,15.73,Undergraduate,Coding,4,TRUE,5
Computer Science,Idea Drafted,4.4,2025,Qtr 1,January,31,9.57,Undergraduate,Homework Help,2,TRUE,4
Computer Science,Idea Drafted,3.2,2025,Qtr 1,January,31,4.32,Undergraduate,Studying,1,FALSE,4
Computer Science,Idea Drafted,2.3,2025,Qtr 1,February,1,8.27,Undergraduate,Writing,1,FALSE,3
Computer Science,Idea Drafted,2.1,2025,Qtr 1,February,2,32.53,Undergraduate,Studying,11,TRUE,3
Computer Science,Idea Drafted,4.1,2025,Qtr 1,February,2,15.86,Undergraduate,Writing,3,FALSE,3
Computer Science,Idea Drafted,4.5,2025,Qtr 1,February,2,8.58,Undergraduate,Writing,3,TRUE,4
Computer Science,Idea Drafted,3.4,2025,Qtr 1,February,3,13.07,Graduate,Studying,3,TRUE,4
Computer Science,Idea Drafted,5,2025,Qtr 1,February,3,5.86,Undergraduate,Homework Help,1,TRUE,5
Computer Science,Idea Drafted,4.1,2025,Qtr 1,February,6,20.19,High School,Writing,5,FALSE,4
Computer Science,Idea Drafted,5,2025,Qtr 1,February,6,24.79,Undergraduate,Homework Help,5,TRUE,4
Computer Science,Idea Drafted,4.5,2025,Qtr 1,February,6,26.21,Undergraduate,Writing,7,TRUE,5
Computer Science,Idea Drafted,5,2025,Qtr 1,February,8,11.44,Undergraduate,Writing,2,FALSE,5
Computer Science,Idea Drafted,2.7,2025,Qtr 1,February,9,22.52,Graduate,Writing,5,TRUE,3
Computer Science,Idea Drafted,2.8,2025,Qtr 1,February,9,16.14,Undergraduate,Studying,4,TRUE,3
Computer Science,Idea Drafted,2.1,2025,Qtr 1,February,10,22.58,Undergraduate,Brainstorming,6,FALSE,3
Computer Science,Idea Drafted,3.3,2025,Qtr 1,February,10,33.79,Undergraduate,Research,7,TRUE,2
Computer Science,Idea Drafted,3.8,2025,Qtr 1,February,12,16.71,Graduate,Writing,8,TRUE,3
Computer Science,Idea Drafted,3.7,2025,Qtr 1,February,12,13.29,High School,Studying,3,TRUE,5
Computer Science,Idea Drafted,4.1,2025,Qtr 1,February,13,24.8,Undergraduate,Brainstorming,5,TRUE,3
Computer Science,Idea Drafted,5,2025,Qtr 1,February,13,35.03,Undergraduate,Studying,10,TRUE,4
Computer Science,Idea Drafted,1.7,2025,Qtr 1,February,13,46.83,Undergraduate,Writing,16,TRUE,2
Computer Science,Idea Drafted,1.5,2025,Qtr 1,February,14,5.72,Undergraduate,Coding,1,TRUE,3
Computer Science,Idea Drafted,2.6,2025,Qtr 1,February,16,10.72,Undergraduate,Research,3,TRUE,2
Computer Science,Idea Drafted,2.7,2025,Qtr 1,February,17,6.45,Graduate,Studying,2,TRUE,4
Computer Science,Idea Drafted,3.5,2025,Qtr 1,February,17,13.69,Undergraduate,Coding,4,TRUE,4
Computer Science,Idea Drafted,2.5,2025,Qtr 1,February,20,16.88,Undergraduate,Coding,5,TRUE,3
Computer Science,Idea Drafted,5,2025,Qtr 1,February,21,15.79,Undergraduate,Brainstorming,5,TRUE,5
Computer Science,Idea Drafted,2.4,2025,Qtr 1,February,21,13.06,Undergraduate,Writing,3,FALSE,2
Computer Science,Idea Drafted,4.1,2025,Qtr 1,February,23,27.58,Undergraduate,Studying,6,TRUE,3
Computer Science,Idea Drafted,5,2025,Qtr 1,February,23,51.76,Undergraduate,Writing,16,FALSE,5
Computer Science,Idea Drafted,2.7,2025,Qtr 1,February,25,33.59,Graduate,Studying,10,TRUE,3
Computer Science,Idea Drafted,3.3,2025,Qtr 1,February,28,24.54,Graduate,Coding,6,TRUE,3
Computer Science,Idea Drafted,2.1,2025,Qtr 1,March,1,6.6,Undergraduate,Studying,1,TRUE,3
Computer Science,Idea Drafted,3.2,2025,Qtr 1,March,2,14.94,Undergraduate,Writing,7,TRUE,4
Computer Science,Idea Drafted,1.1,2025,Qtr 1,March,3,18.96,Graduate,Brainstorming,3,TRUE,2
Computer Science,Idea Drafted,2.1,2025,Qtr 1,March,4,24.94,Graduate,Writing,7,FALSE,1
Computer Science,Idea Drafted,3,2025,Qtr 1,March,5,36.38,Undergraduate,Writing,15,TRUE,4
Computer Science,Idea Drafted,1.3,2025,Qtr 1,March,6,14.1,Undergraduate,Coding,3,TRUE,3
Computer Science,Idea Drafted,2.8,2025,Qtr 1,March,6,26.47,Undergraduate,Writing,10,TRUE,3
Computer Science,Idea Drafted,3.7,2025,Qtr 1,March,7,25.11,Undergraduate,Writing,6,TRUE,4
Computer Science,Idea Drafted,3.3,2025,Qtr 1,March,10,19.86,Graduate,Writing,6,TRUE,4
Computer Science,Idea Drafted,3.7,2025,Qtr 1,March,10,18.14,High School,Coding,5,TRUE,5
Computer Science,Idea Drafted,3.5,2025,Qtr 1,March,10,39.53,Undergraduate,Coding,8,TRUE,4
Computer Science,Idea Drafted,2.8,2025,Qtr 1,March,11,22.45,Undergraduate,Studying,4,FALSE,3
Computer Science,Idea Drafted,3.4,2025,Qtr 1,March,12,14.13,Undergraduate,Homework Help,6,FALSE,4
Computer Science,Idea Drafted,5,2025,Qtr 1,March,14,38.95,Undergraduate,Writing,13,TRUE,4
Computer Science,Idea Drafted,2.7,2025,Qtr 1,March,16,43.91,Undergraduate,Coding,13,TRUE,3
Computer Science,Idea Drafted,4.6,2025,Qtr 1,March,17,11.48,Graduate,Writing,3,TRUE,4
Computer Science,Idea Drafted,5,2025,Qtr 1,March,17,28.23,Undergraduate,Writing,9,TRUE,5
Computer Science,Idea Drafted,1.7,2025,Qtr 1,March,18,12.42,High School,Studying,2,FALSE,2
Computer Science,Idea Drafted,1,2025,Qtr 1,March,18,20.53,High School,Studying,4,TRUE,2
Computer Science,Idea Drafted,1.6,2025,Qtr 1,March,19,11.94,Undergraduate,Research,3,TRUE,2
Computer Science,Idea Drafted,5,2025,Qtr 1,March,20,15.72,Undergraduate,Coding,4,TRUE,4
Computer Science,Idea Drafted,4.6,2025,Qtr 1,March,21,6.87,Undergraduate,Homework Help,1,TRUE,4
Computer Science,Idea Drafted,1.8,2025,Qtr 1,March,22,44.54,High School,Coding,12,TRUE,3
Computer Science,Idea Drafted,1,2025,Qtr 1,March,22,26.47,Undergraduate,Writing,7,TRUE,2
Computer Science,Idea Drafted,4.7,2025,Qtr 1,March,24,10.49,Graduate,Research,2,FALSE,5
Computer Science,Idea Drafted,4.4,2025,Qtr 1,March,24,15.77,Graduate,Writing,6,TRUE,4
Computer Science,Idea Drafted,4.3,2025,Qtr 1,March,24,10.41,Undergraduate,Brainstorming,2,TRUE,4
Computer Science,Idea Drafted,2.1,2025,Qtr 1,March,25,12.95,Undergraduate,Research,3,TRUE,3
Computer Science,Idea Drafted,4.2,2025,Qtr 1,March,26,27.3,Undergraduate,Homework Help,5,TRUE,4
Computer Science,Idea Drafted,2.5,2025,Qtr 1,March,26,31.15,Undergraduate,Studying,8,FALSE,3
Computer Science,Idea Drafted,5,2025,Qtr 1,March,26,10.64,Undergraduate,Studying,2,TRUE,4
Computer Science,Idea Drafted,2,2025,Qtr 1,March,28,4.64,High School,Studying,1,TRUE,3
Computer Science,Idea Drafted,2.6,2025,Qtr 1,March,29,26.02,Graduate,Writing,7,TRUE,2
Computer Science,Idea Drafted,4.2,2025,Qtr 2,April,1,30.96,Undergraduate,Writing,9,FALSE,4
Computer Science,Idea Drafted,3.6,2025,Qtr 2,April,3,15.79,Graduate,Homework Help,4,TRUE,4
Computer Science,Idea Drafted,3,2025,Qtr 2,April,3,20.72,High School,Writing,9,TRUE,3
Computer Science,Idea Drafted,2.2,2025,Qtr 2,April,3,44.89,Undergraduate,Brainstorming,15,TRUE,3
Computer Science,Idea Drafted,3.7,2025,Qtr 2,April,3,6.91,Undergraduate,Studying,2,FALSE,4
Computer Science,Idea Drafted,4.3,2025,Qtr 2,April,4,26.06,Graduate,Brainstorming,12,TRUE,5
Computer Science,Idea Drafted,3.3,2025,Qtr 2,April,4,3.15,Undergraduate,Homework Help,1,TRUE,3
Computer Science,Idea Drafted,5,2025,Qtr 2,April,8,7.78,Undergraduate,Writing,1,TRUE,4
Computer Science,Idea Drafted,2.6,2025,Qtr 2,April,9,5.41,Undergraduate,Research,2,FALSE,3
Computer Science,Idea Drafted,1.6,2025,Qtr 2,April,10,17.23,Undergraduate,Writing,6,TRUE,2
Computer Science,Idea Drafted,2.5,2025,Qtr 2,April,12,18.84,Graduate,Studying,3,FALSE,3
Computer Science,Idea Drafted,3.5,2025,Qtr 2,April,13,11.74,Graduate,Studying,4,TRUE,3
Computer Science,Idea Drafted,3.8,2025,Qtr 2,April,13,33.48,High School,Studying,9,TRUE,4
Computer Science,Idea Drafted,3.7,2025,Qtr 2,April,14,22.07,Undergraduate,Coding,10,TRUE,4
Computer Science,Idea Drafted,3.5,2025,Qtr 2,April,15,17.98,Graduate,Studying,4,TRUE,3
Computer Science,Idea Drafted,5,2025,Qtr 2,April,15,25.75,High School,Writing,10,TRUE,4
Computer Science,Idea Drafted,3.5,2025,Qtr 2,April,16,24.35,Graduate,Brainstorming,5,FALSE,3
Computer Science,Idea Drafted,5,2025,Qtr 2,April,16,20.27,Undergraduate,Writing,4,TRUE,4
Computer Science,Idea Drafted,2.5,2025,Qtr 2,April,17,10.6,Graduate,Homework Help,3,TRUE,3
Computer Science,Idea Drafted,3.6,2025,Qtr 2,April,17,55.7,Undergraduate,Studying,14,TRUE,5
Computer Science,Idea Drafted,3.3,2025,Qtr 2,April,18,55.42,High School,Brainstorming,15,FALSE,3
Computer Science,Idea Drafted,4.7,2025,Qtr 2,April,19,6.16,Graduate,Writing,1,FALSE,5
Computer Science,Idea Drafted,3.3,2025,Qtr 2,April,20,19.04,Undergraduate,Studying,7,FALSE,3
Computer Science,Idea Drafted,7.2,2025,Qtr 2,April,22,17.91,Undergraduate,Studying,5,TRUE,8
Computer Science,Idea Drafted,2.3,2025,Qtr 2,April,25,49.25,Graduate,Coding,13,TRUE,3
Computer Science,Idea Drafted,1.9,2025,Qtr 2,April,26,4.52,Graduate,Homework Help,1,TRUE,2
Computer Science,Idea Drafted,4.6,2025,Qtr 2,April,27,42.62,Undergraduate,Brainstorming,10,TRUE,3
Computer Science,Idea Drafted,3.6,2025,Qtr 2,April,29,46.67,Undergraduate,Studying,12,TRUE,4
Computer Science,Idea Drafted,2.7,2025,Qtr 2,April,30,3.96,High School,Homework Help,1,TRUE,3
Computer Science,Idea Drafted,2,2025,Qtr 2,May,2,15.75,High School,Writing,4,TRUE,3
Computer Science,Idea Drafted,3.9,2025,Qtr 2,May,2,30.72,Undergraduate,Research,10,TRUE,3
Computer Science,Idea Drafted,2.2,2025,Qtr 2,May,3,22.18,Undergraduate,Studying,10,TRUE,3
Computer Science,Idea Drafted,4.3,2025,Qtr 2,May,3,12.55,Undergraduate,Writing,3,TRUE,4
Computer Science,Idea Drafted,3.1,2025,Qtr 2,May,4,22.95,Graduate,Writing,4,FALSE,3
Computer Science,Idea Drafted,1.9,2025,Qtr 2,May,4,24.06,Undergraduate,Research,7,TRUE,3
Computer Science,Idea Drafted,5,2025,Qtr 2,May,5,15.56,Undergraduate,Brainstorming,4,TRUE,5
Computer Science,Idea Drafted,3.6,2025,Qtr 2,May,6,20.01,Graduate,Writing,6,TRUE,3
Computer Science,Idea Drafted,4.9,2025,Qtr 2,May,6,3.64,Undergraduate,Homework Help,1,TRUE,5
Computer Science,Idea Drafted,3.5,2025,Qtr 2,May,7,18.79,Undergraduate,Studying,5,TRUE,4
Computer Science,Idea Drafted,3.6,2025,Qtr 2,May,8,20.35,Graduate,Writing,7,TRUE,4
Computer Science,Idea Drafted,5,2025,Qtr 2,May,9,6.43,High School,Writing,1,TRUE,5
Computer Science,Idea Drafted,4.8,2025,Qtr 2,May,10,10.87,Undergraduate,Homework Help,2,TRUE,4
Computer Science,Idea Drafted,2.7,2025,Qtr 2,May,11,27.49,Graduate,Homework Help,7,TRUE,2
Computer Science,Idea Drafted,2.9,2025,Qtr 2,May,11,14.9,Graduate,Studying,4,FALSE,2
Computer Science,Idea Drafted,4.3,2025,Qtr 2,May,14,38.85,Graduate,Brainstorming,9,FALSE,5
Computer Science,Idea Drafted,2.7,2025,Qtr 2,May,14,82.82,High School,Homework Help,28,TRUE,3
Computer Science,Idea Drafted,5,2025,Qtr 2,May,15,24.26,Undergraduate,Studying,5,FALSE,4
Computer Science,Idea Drafted,4.7,2025,Qtr 2,May,16,18.52,High School,Writing,8,TRUE,4
Computer Science,Idea Drafted,3.3,2025,Qtr 2,May,17,36.03,High School,Research,9,TRUE,4
Computer Science,Idea Drafted,4,2025,Qtr 2,May,17,26.8,Undergraduate,Writing,7,TRUE,3
Computer Science,Idea Drafted,5,2025,Qtr 2,May,18,20.48,Undergraduate,Brainstorming,6,FALSE,5
Computer Science,Idea Drafted,5,2025,Qtr 2,May,18,22.33,Undergraduate,Homework Help,5,TRUE,5
Computer Science,Idea Drafted,3.3,2025,Qtr 2,May,22,5.86,High School,Coding,2,TRUE,4
Computer Science,Idea Drafted,1.1,2025,Qtr 2,May,22,4.85,High School,Homework Help,1,FALSE,1
Computer Science,Idea Drafted,4.4,2025,Qtr 2,May,22,26.38,High School,Studying,5,TRUE,4
Computer Science,Idea Drafted,1.6,2025,Qtr 2,May,23,10.46,Undergraduate,Coding,2,TRUE,2
Computer Science,Idea Drafted,1,2025,Qtr 2,May,25,18.3,Undergraduate,Brainstorming,4,TRUE,1
Computer Science,Idea Drafted,4.7,2025,Qtr 2,May,27,3.94,Graduate,Writing,1,TRUE,5
Computer Science,Idea Drafted,3.4,2025,Qtr 2,May,27,16.21,Undergraduate,Studying,3,TRUE,4
Computer Science,Idea Drafted,1.2,2025,Qtr 2,May,27,14.03,Undergraduate,Writing,6,FALSE,2
Computer Science,Idea Drafted,2.2,2025,Qtr 2,May,30,4.44,Undergraduate,Brainstorming,1,TRUE,4
Computer Science,Idea Drafted,3.2,2025,Qtr 2,May,31,5.1,Undergraduate,Studying,1,TRUE,3
Computer Science,Idea Drafted,4.1,2025,Qtr 2,June,3,4.67,High School,Coding,1,TRUE,3
Computer Science,Idea Drafted,2.8,2025,Qtr 2,June,3,59.31,High School,Studying,27,TRUE,3
Computer Science,Idea Drafted,4.8,2025,Qtr 2,June,6,21.12,High School,Writing,7,TRUE,5
Computer Science,Idea Drafted,5,2025,Qtr 2,June,7,36.97,Graduate,Homework Help,18,TRUE,5
Computer Science,Idea Drafted,3.6,2025,Qtr 2,June,7,22.47,Undergraduate,Studying,9,FALSE,4
Computer Science,Idea Drafted,4.2,2025,Qtr 2,June,8,7.98,Undergraduate,Research,1,TRUE,4
Computer Science,Idea Drafted,3.3,2025,Qtr 2,June,11,19.2,Undergraduate,Research,9,TRUE,4
Computer Science,Idea Drafted,5,2025,Qtr 2,June,12,33.27,Undergraduate,Homework Help,13,TRUE,4
Computer Science,Idea Drafted,3,2025,Qtr 2,June,12,12.12,Undergraduate,Studying,2,TRUE,4
Computer Science,Idea Drafted,4.5,2025,Qtr 2,June,13,19.17,High School,Brainstorming,5,TRUE,4
Computer Science,Idea Drafted,3.9,2025,Qtr 2,June,13,31.12,Undergraduate,Coding,8,TRUE,4
Computer Science,Idea Drafted,4,2025,Qtr 2,June,13,21.59,Undergraduate,Writing,4,TRUE,4
Computer Science,Idea Drafted,2.9,2025,Qtr 2,June,15,9.09,High School,Studying,1,TRUE,4
Computer Science,Idea Drafted,3.9,2025,Qtr 2,June,15,13.67,Undergraduate,Writing,2,FALSE,4
Computer Science,Idea Drafted,3.7,2025,Qtr 2,June,16,12.72,High School,Writing,6,TRUE,4
Computer Science,Idea Drafted,4.2,2025,Qtr 2,June,17,33.1,Undergraduate,Writing,11,FALSE,6
Computer Science,Idea Drafted,4.1,2025,Qtr 2,June,18,32.98,Graduate,Brainstorming,7,TRUE,4
Computer Science,Idea Drafted,3.8,2025,Qtr 2,June,18,20.65,Graduate,Homework Help,4,TRUE,3
Computer Science,Idea Drafted,4.8,2025,Qtr 2,June,18,12.37,Undergraduate,Studying,3,TRUE,3
Computer Science,Idea Drafted,5,2025,Qtr 2,June,20,17.42,High School,Writing,7,FALSE,5
Computer Science,Idea Drafted,2.8,2025,Qtr 2,June,20,44.25,Undergraduate,Coding,15,FALSE,3
Computer Science,Idea Drafted,5,2025,Qtr 2,June,20,20.39,Undergraduate,Homework Help,6,TRUE,5
Computer Science,Idea Drafted,1.7,2025,Qtr 2,June,21,33.29,Undergraduate,Writing,15,TRUE,2
Computer Science,Idea Drafted,3.1,2025,Qtr 2,June,24,32.39,Undergraduate,Studying,10,TRUE,4
Computer Science,Idea Drafted,3.9,2025,Qtr 2,June,24,6.32,Undergraduate,Writing,1,TRUE,5
Engineering,Assignment Completed,3.8,2024,Qtr 2,June,24,11.15,Undergraduate,Studying,4,TRUE,5
Engineering,Assignment Completed,5,2024,Qtr 2,June,24,18.15,Undergraduate,Writing,4,TRUE,5
Engineering,Assignment Completed,2.2,2024,Qtr 2,June,25,32.82,Undergraduate,Coding,7,TRUE,3
Engineering,Assignment Completed,3,2024,Qtr 2,June,26,35.06,Undergraduate,Studying,8,TRUE,4
Engineering,Assignment Completed,8.4,2024,Qtr 2,June,26,33.97,Undergraduate,Writing,10,TRUE,9
Engineering,Assignment Completed,1.9,2024,Qtr 2,June,27,14.49,Undergraduate,Coding,3,FALSE,2
Engineering,Assignment Completed,7.7,2024,Qtr 2,June,27,100.83,Undergraduate,Homework Help,35,TRUE,7
Engineering,Assignment Completed,3.1,2024,Qtr 2,June,28,42.37,High School,Homework Help,8,TRUE,2
Engineering,Assignment Completed,3.5,2024,Qtr 2,June,28,49.85,Undergraduate,Homework Help,23,FALSE,4
Engineering,Assignment Completed,5,2024,Qtr 2,June,29,17.81,Graduate,Research,4,TRUE,4
Engineering,Assignment Completed,2.9,2024,Qtr 2,June,29,7,Undergraduate,Coding,2,TRUE,3
Engineering,Assignment Completed,5,2024,Qtr 2,June,29,4.43,Undergraduate,Studying,1,TRUE,5
Engineering,Assignment Completed,8.6,2024,Qtr 2,June,30,35.88,High School,Writing,8,TRUE,8
Engineering,Assignment Completed,1.6,2024,Qtr 3,July,1,8.26,Undergraduate,Writing,1,TRUE,2
Engineering,Assignment Completed,5,2024,Qtr 3,July,2,18.67,High School,Writing,4,FALSE,5
Engineering,Assignment Completed,2.8,2024,Qtr 3,July,3,17.24,Undergraduate,Coding,3,FALSE,3
Engineering,Assignment Completed,6.5,2024,Qtr 3,July,4,31.33,Undergraduate,Writing,10,TRUE,7
Engineering,Assignment Completed,4.4,2024,Qtr 3,July,5,50.89,Undergraduate,Homework Help,18,TRUE,4
Engineering,Assignment Completed,3.4,2024,Qtr 3,July,6,12.39,Undergraduate,Studying,2,TRUE,4
Engineering,Assignment Completed,2.5,2024,Qtr 3,July,7,5.65,High School,Research,1,TRUE,2
Engineering,Assignment Completed,4.4,2024,Qtr 3,July,7,29.01,Undergraduate,Brainstorming,6,TRUE,5
Engineering,Assignment Completed,4.7,2024,Qtr 3,July,8,14.27,Undergraduate,Research,4,TRUE,4
Engineering,Assignment Completed,2.7,2024,Qtr 3,July,8,10.96,Undergraduate,Writing,2,FALSE,3
Engineering,Assignment Completed,2.6,2024,Qtr 3,July,8,23.5,Undergraduate,Writing,8,TRUE,4
Engineering,Assignment Completed,4.4,2024,Qtr 3,July,9,18.13,Undergraduate,Homework Help,4,TRUE,5
Engineering,Assignment Completed,3.8,2024,Qtr 3,July,10,12.83,Graduate,Coding,3,TRUE,3
Engineering,Assignment Completed,5,2024,Qtr 3,July,10,43.87,Graduate,Homework Help,11,TRUE,5
Engineering,Assignment Completed,3.3,2024,Qtr 3,July,10,28.3,Undergraduate,Coding,5,FALSE,4
Engineering,Assignment Completed,3.3,2024,Qtr 3,July,10,17.53,Undergraduate,Coding,4,TRUE,4
Engineering,Assignment Completed,3.3,2024,Qtr 3,July,11,10.93,Graduate,Homework Help,3,TRUE,4
Engineering,Assignment Completed,4.6,2024,Qtr 3,July,11,28.37,High School,Research,5,TRUE,4
Engineering,Assignment Completed,1.4,2024,Qtr 3,July,11,25.86,Undergraduate,Coding,8,TRUE,3
Engineering,Assignment Completed,4.7,2024,Qtr 3,July,11,25.73,Undergraduate,Studying,10,TRUE,4
Engineering,Assignment Completed,3.8,2024,Qtr 3,July,11,23.58,Undergraduate,Writing,5,TRUE,4
Engineering,Assignment Completed,3.6,2024,Qtr 3,July,12,11.51,Undergraduate,Studying,3,TRUE,3
Engineering,Assignment Completed,5,2024,Qtr 3,July,12,3.04,Undergraduate,Writing,1,TRUE,5
Engineering,Assignment Completed,2.4,2024,Qtr 3,July,13,3.44,High School,Writing,1,TRUE,3
Engineering,Assignment Completed,2.8,2024,Qtr 3,July,13,3.03,Undergraduate,Writing,1,FALSE,3
Engineering,Assignment Completed,3.2,2024,Qtr 3,July,14,12.56,High School,Coding,2,FALSE,3
Engineering,Assignment Completed,5,2024,Qtr 3,July,14,12.47,Undergraduate,Writing,2,TRUE,5
Engineering,Assignment Completed,3.8,2024,Qtr 3,July,15,6.74,Undergraduate,Coding,2,TRUE,4
Engineering,Assignment Completed,3.1,2024,Qtr 3,July,16,13.66,High School,Studying,6,TRUE,4
Engineering,Assignment Completed,1.6,2024,Qtr 3,July,17,30.51,Graduate,Writing,12,TRUE,2
Engineering,Assignment Completed,4.5,2024,Qtr 3,July,17,42.31,Undergraduate,Coding,19,TRUE,4
Engineering,Assignment Completed,3.8,2024,Qtr 3,July,17,28.69,Undergraduate,Homework Help,9,TRUE,4
Engineering,Assignment Completed,1.1,2024,Qtr 3,July,17,27.04,Undergraduate,Writing,6,TRUE,2
Engineering,Assignment Completed,4,2024,Qtr 3,July,18,17.28,Graduate,Coding,5,TRUE,5
Engineering,Assignment Completed,4.4,2024,Qtr 3,July,18,16.73,Graduate,Research,4,FALSE,3
Engineering,Assignment Completed,2.9,2024,Qtr 3,July,18,10.29,High School,Homework Help,2,TRUE,3
Engineering,Assignment Completed,2.5,2024,Qtr 3,July,18,27.25,High School,Writing,13,TRUE,3
Engineering,Assignment Completed,2.9,2024,Qtr 3,July,19,36.18,High School,Brainstorming,8,TRUE,3
Engineering,Assignment Completed,5,2024,Qtr 3,July,20,18.85,Graduate,Coding,4,TRUE,5
Engineering,Assignment Completed,4.1,2024,Qtr 3,July,20,15.87,High School,Writing,3,TRUE,4
Engineering,Assignment Completed,5,2024,Qtr 3,July,20,20.29,Undergraduate,Studying,6,TRUE,4
Engineering,Assignment Completed,4.1,2024,Qtr 3,July,21,43.32,Graduate,Homework Help,11,FALSE,3
Engineering,Assignment Completed,3.8,2024,Qtr 3,July,21,5.1,Undergraduate,Writing,1,TRUE,3
Engineering,Assignment Completed,3.9,2024,Qtr 3,July,22,3.16,Undergraduate,Coding,1,TRUE,3
Engineering,Assignment Completed,3.1,2024,Qtr 3,July,22,50.88,Undergraduate,Writing,14,TRUE,3
Engineering,Assignment Completed,2.3,2024,Qtr 3,July,23,23.29,Undergraduate,Coding,4,TRUE,3
Engineering,Assignment Completed,4.3,2024,Qtr 3,July,23,12.83,Undergraduate,Studying,4,TRUE,4
Engineering,Assignment Completed,2.3,2024,Qtr 3,July,24,33.5,Graduate,Coding,9,TRUE,3
Engineering,Assignment Completed,2.7,2024,Qtr 3,July,24,9.35,High School,Homework Help,2,TRUE,4
Engineering,Assignment Completed,3.7,2024,Qtr 3,July,24,8.13,Undergraduate,Brainstorming,1,FALSE,4
Engineering,Assignment Completed,3.3,2024,Qtr 3,July,24,21.11,Undergraduate,Homework Help,8,TRUE,3
Engineering,Assignment Completed,3.6,2024,Qtr 3,July,25,18.92,Undergraduate,Coding,5,FALSE,3
Engineering,Assignment Completed,1.9,2024,Qtr 3,July,26,21.84,Undergraduate,Coding,9,TRUE,3
Engineering,Assignment Completed,3,2024,Qtr 3,July,27,44.6,Graduate,Homework Help,20,TRUE,2
Engineering,Assignment Completed,4.2,2024,Qtr 3,July,27,15.44,Undergraduate,Homework Help,3,TRUE,5
Engineering,Assignment Completed,1.7,2024,Qtr 3,July,27,7.63,Undergraduate,Writing,1,TRUE,2
Engineering,Assignment Completed,4.5,2024,Qtr 3,July,29,5.8,Graduate,Homework Help,2,TRUE,5
Engineering,Assignment Completed,2.8,2024,Qtr 3,July,29,51.75,Graduate,Studying,11,TRUE,3
Engineering,Assignment Completed,3,2024,Qtr 3,July,29,25,High School,Coding,5,TRUE,3
Engineering,Assignment Completed,3,2024,Qtr 3,July,29,27.98,High School,Writing,5,FALSE,4
Engineering,Assignment Completed,1.9,2024,Qtr 3,July,29,10,Undergraduate,Coding,2,FALSE,3
Engineering,Assignment Completed,4.3,2024,Qtr 3,July,30,26.76,Undergraduate,Coding,9,FALSE,4
Engineering,Assignment Completed,4.4,2024,Qtr 3,July,31,4.38,Graduate,Coding,1,TRUE,4
Engineering,Assignment Completed,2.1,2024,Qtr 3,July,31,40.97,Undergraduate,Studying,8,TRUE,2
Engineering,Assignment Completed,2.3,2024,Qtr 3,August,1,27.31,Undergraduate,Coding,6,TRUE,3
Engineering,Assignment Completed,4,2024,Qtr 3,August,1,31.47,Undergraduate,Homework Help,8,TRUE,3
Engineering,Assignment Completed,3.5,2024,Qtr 3,August,3,19.36,High School,Studying,6,TRUE,4
Engineering,Assignment Completed,1.8,2024,Qtr 3,August,3,22.68,High School,Writing,10,TRUE,2
Engineering,Assignment Completed,3,2024,Qtr 3,August,3,8.52,Undergraduate,Coding,2,FALSE,3
Engineering,Assignment Completed,4,2024,Qtr 3,August,3,13.56,Undergraduate,Studying,4,TRUE,4
Engineering,Assignment Completed,3,2024,Qtr 3,August,4,23.1,Graduate,Studying,4,TRUE,3
Engineering,Assignment Completed,3,2024,Qtr 3,August,4,39.77,Undergraduate,Writing,9,TRUE,3
Engineering,Assignment Completed,4.2,2024,Qtr 3,August,5,3.54,Graduate,Writing,1,TRUE,4
Engineering,Assignment Completed,3,2024,Qtr 3,August,5,23.31,Undergraduate,Writing,5,TRUE,4
Engineering,Assignment Completed,5,2024,Qtr 3,August,6,11.02,Undergraduate,Coding,2,FALSE,4
Engineering,Assignment Completed,5,2024,Qtr 3,August,6,10.04,Undergraduate,Homework Help,3,FALSE,5
Engineering,Assignment Completed,1.6,2024,Qtr 3,August,6,3.27,Undergraduate,Writing,1,TRUE,3
Engineering,Assignment Completed,4.5,2024,Qtr 3,August,7,42.91,Graduate,Writing,9,TRUE,4
Engineering,Assignment Completed,3.5,2024,Qtr 3,August,7,19.8,High School,Coding,8,TRUE,3
Engineering,Assignment Completed,3.5,2024,Qtr 3,August,9,29.02,Undergraduate,Coding,6,TRUE,3
Engineering,Assignment Completed,4.2,2024,Qtr 3,August,9,3.48,Undergraduate,Writing,1,TRUE,4
Engineering,Assignment Completed,3.6,2024,Qtr 3,August,10,15.55,Undergraduate,Homework Help,3,FALSE,3
Engineering,Assignment Completed,3.8,2024,Qtr 3,August,10,19.35,Undergraduate,Studying,4,TRUE,4
Engineering,Assignment Completed,3.4,2024,Qtr 3,August,11,16.24,Graduate,Coding,5,TRUE,3
Engineering,Assignment Completed,4,2024,Qtr 3,August,11,22.04,Undergraduate,Coding,7,FALSE,4
Engineering,Assignment Completed,4.8,2024,Qtr 3,August,12,5.84,Graduate,Writing,1,TRUE,5
Engineering,Assignment Completed,5,2024,Qtr 3,August,12,18.46,High School,Homework Help,3,TRUE,5
Engineering,Assignment Completed,3.6,2024,Qtr 3,August,12,13.34,Undergraduate,Writing,6,FALSE,4
Engineering,Assignment Completed,3,2024,Qtr 3,August,12,21.13,Undergraduate,Writing,4,TRUE,2
Engineering,Assignment Completed,2.2,2024,Qtr 3,August,13,21.74,Graduate,Coding,4,TRUE,3
Engineering,Assignment Completed,5,2024,Qtr 3,August,14,33.36,Graduate,Homework Help,12,TRUE,5
Engineering,Assignment Completed,1.8,2024,Qtr 3,August,14,25.36,Undergraduate,Studying,6,TRUE,2
Engineering,Assignment Completed,4.9,2024,Qtr 3,August,14,26.85,Undergraduate,Writing,10,TRUE,4
Engineering,Assignment Completed,3.5,2024,Qtr 3,August,15,13.9,Undergraduate,Coding,6,TRUE,3
Engineering,Assignment Completed,2,2024,Qtr 3,August,15,14.95,Undergraduate,Writing,6,TRUE,2
Engineering,Assignment Completed,2.8,2024,Qtr 3,August,17,4.41,Graduate,Writing,1,TRUE,4
Engineering,Assignment Completed,2.8,2024,Qtr 3,August,17,31.09,High School,Studying,12,TRUE,4
Engineering,Assignment Completed,3.2,2024,Qtr 3,August,17,15.15,High School,Writing,4,TRUE,3
Engineering,Assignment Completed,3.5,2024,Qtr 3,August,17,25.97,Undergraduate,Homework Help,7,TRUE,4
Engineering,Assignment Completed,5,2024,Qtr 3,August,17,4.19,Undergraduate,Writing,1,TRUE,5
Engineering,Assignment Completed,3.2,2024,Qtr 3,August,19,10.41,Undergraduate,Writing,2,TRUE,4
Engineering,Assignment Completed,4.6,2024,Qtr 3,August,20,9.12,Undergraduate,Studying,3,TRUE,4
Engineering,Assignment Completed,8.6,2024,Qtr 3,August,21,39.29,Graduate,Coding,14,TRUE,8
Engineering,Assignment Completed,1,2024,Qtr 3,August,21,41.89,High School,Homework Help,12,TRUE,1
Engineering,Assignment Completed,1,2024,Qtr 3,August,21,38.83,Undergraduate,Writing,12,FALSE,1
Engineering,Assignment Completed,3,2024,Qtr 3,August,21,51.34,Undergraduate,Writing,11,TRUE,4
Engineering,Assignment Completed,2.1,2024,Qtr 3,August,22,45.91,Undergraduate,Research,9,TRUE,3
Engineering,Assignment Completed,3.6,2024,Qtr 3,August,22,13.01,Undergraduate,Studying,5,TRUE,3
Engineering,Assignment Completed,4.8,2024,Qtr 3,August,23,10.91,Undergraduate,Homework Help,3,TRUE,5
Engineering,Assignment Completed,2.3,2024,Qtr 3,August,24,40.55,Undergraduate,Coding,12,FALSE,2
Engineering,Assignment Completed,4.2,2024,Qtr 3,August,24,10.2,Undergraduate,Research,4,TRUE,3
Engineering,Assignment Completed,2.9,2024,Qtr 3,August,25,16.24,Graduate,Writing,5,TRUE,4
Engineering,Assignment Completed,5,2024,Qtr 3,August,25,39.53,Undergraduate,Coding,8,TRUE,5
Engineering,Assignment Completed,4,2024,Qtr 3,August,25,6.92,Undergraduate,Studying,1,TRUE,5
Engineering,Assignment Completed,1.7,2024,Qtr 3,August,25,3.72,Undergraduate,Writing,1,TRUE,3
Engineering,Assignment Completed,5,2024,Qtr 3,August,26,9.06,Undergraduate,Writing,4,TRUE,4
Engineering,Assignment Completed,7.1,2024,Qtr 3,August,27,53.57,Graduate,Writing,10,TRUE,9
Engineering,Assignment Completed,4.9,2024,Qtr 3,August,27,22.72,Undergraduate,Writing,8,TRUE,4
Engineering,Assignment Completed,3.3,2024,Qtr 3,August,29,25.73,High School,Coding,5,TRUE,3
Engineering,Assignment Completed,8.6,2024,Qtr 3,August,29,45.61,Undergraduate,Coding,11,TRUE,9
Engineering,Assignment Completed,1.1,2024,Qtr 3,August,30,42.08,Undergraduate,Coding,9,TRUE,1
Engineering,Assignment Completed,8.9,2024,Qtr 3,August,30,60.97,Undergraduate,Homework Help,14,TRUE,10
Engineering,Assignment Completed,2.3,2024,Qtr 3,August,30,35.25,Undergraduate,Writing,7,FALSE,3
Engineering,Assignment Completed,5,2024,Qtr 3,August,31,21.03,High School,Brainstorming,4,TRUE,5
Engineering,Assignment Completed,4,2024,Qtr 3,August,31,37.76,High School,Writing,10,FALSE,4
Engineering,Assignment Completed,2.4,2024,Qtr 3,September,1,9.21,High School,Writing,2,FALSE,3
Engineering,Assignment Completed,4.8,2024,Qtr 3,September,2,12.5,Graduate,Homework Help,2,TRUE,5
Engineering,Assignment Completed,3.8,2024,Qtr 3,September,2,7.76,Undergraduate,Coding,3,TRUE,4
Engineering,Assignment Completed,5,2024,Qtr 3,September,4,29.46,High School,Writing,9,TRUE,5
Engineering,Assignment Completed,6.6,2024,Qtr 3,September,4,34.97,Undergraduate,Homework Help,11,TRUE,7
Engineering,Assignment Completed,3.9,2024,Qtr 3,September,5,58.92,High School,Homework Help,19,TRUE,4
Engineering,Assignment Completed,1,2024,Qtr 3,September,7,53.08,High School,Brainstorming,15,TRUE,2
Engineering,Assignment Completed,2.3,2024,Qtr 3,September,8,18.85,Graduate,Research,6,TRUE,4
Engineering,Assignment Completed,2.1,2024,Qtr 3,September,8,18.23,High School,Writing,5,TRUE,2
Engineering,Assignment Completed,2.6,2024,Qtr 3,September,9,16.16,Undergraduate,Homework Help,4,FALSE,3
Engineering,Assignment Completed,2.9,2024,Qtr 3,September,10,9.24,Undergraduate,Writing,2,TRUE,4
Engineering,Assignment Completed,3.2,2024,Qtr 3,September,12,18.1,Graduate,Homework Help,7,TRUE,3
Engineering,Assignment Completed,3.7,2024,Qtr 3,September,12,13.17,High School,Studying,3,TRUE,3
Engineering,Assignment Completed,3.3,2024,Qtr 3,September,12,9.88,Undergraduate,Writing,2,TRUE,3
Engineering,Assignment Completed,8.8,2024,Qtr 3,September,13,17.5,Undergraduate,Coding,3,TRUE,9
Engineering,Assignment Completed,5,2024,Qtr 3,September,13,9.27,Undergraduate,Studying,2,FALSE,5
Engineering,Assignment Completed,3.5,2024,Qtr 3,September,14,17.03,High School,Writing,3,TRUE,3
Engineering,Assignment Completed,5,2024,Qtr 3,September,15,26.08,Graduate,Homework Help,12,TRUE,4
Engineering,Assignment Completed,4.2,2024,Qtr 3,September,15,3.16,Undergraduate,Coding,1,TRUE,4
Engineering,Assignment Completed,2.3,2024,Qtr 3,September,15,12.46,Undergraduate,Writing,2,TRUE,1
Engineering,Assignment Completed,4.4,2024,Qtr 3,September,16,29.36,Graduate,Writing,8,TRUE,4
Engineering,Assignment Completed,4.8,2024,Qtr 3,September,16,17.58,High School,Coding,8,TRUE,4
Engineering,Assignment Completed,2,2024,Qtr 3,September,17,19.56,High School,Studying,6,TRUE,2
Engineering,Assignment Completed,1.3,2024,Qtr 3,September,18,7.28,Graduate,Homework Help,2,FALSE,2
Engineering,Assignment Completed,4.8,2024,Qtr 3,September,18,7.24,Undergraduate,Writing,1,TRUE,4
Engineering,Assignment Completed,4.6,2024,Qtr 3,September,19,12.34,High School,Studying,3,TRUE,3
Engineering,Assignment Completed,5,2024,Qtr 3,September,19,5.3,Undergraduate,Studying,1,TRUE,4
Engineering,Assignment Completed,3.6,2024,Qtr 3,September,19,10.36,Undergraduate,Writing,2,TRUE,3
Engineering,Assignment Completed,4.6,2024,Qtr 3,September,21,31.17,High School,Coding,10,TRUE,4
Engineering,Assignment Completed,2.7,2024,Qtr 3,September,22,0.43,High School,Coding,1,TRUE,3
Engineering,Assignment Completed,3.5,2024,Qtr 3,September,23,39.45,High School,Studying,12,FALSE,4
Engineering,Assignment Completed,3.1,2024,Qtr 3,September,23,13.33,High School,Studying,2,TRUE,3
Engineering,Assignment Completed,4.1,2024,Qtr 3,September,23,15.44,Undergraduate,Writing,7,TRUE,5
Engineering,Assignment Completed,4.1,2024,Qtr 3,September,25,24.75,Undergraduate,Coding,5,TRUE,4
Engineering,Assignment Completed,1.9,2024,Qtr 3,September,26,31.48,Undergraduate,Studying,10,TRUE,3
Engineering,Assignment Completed,2.9,2024,Qtr 3,September,27,16.64,Undergraduate,Studying,5,TRUE,3
Engineering,Assignment Completed,4.3,2024,Qtr 3,September,28,15.24,Graduate,Studying,5,FALSE,4
Engineering,Assignment Completed,3.6,2024,Qtr 3,September,28,10.05,High School,Coding,2,TRUE,4
Engineering,Assignment Completed,1.7,2024,Qtr 3,September,29,6.18,Graduate,Writing,1,TRUE,4
Engineering,Assignment Completed,4.1,2024,Qtr 3,September,29,7.18,Undergraduate,Coding,2,FALSE,5
Engineering,Assignment Completed,3.8,2024,Qtr 3,September,30,16.49,Undergraduate,Coding,5,TRUE,3
Engineering,Assignment Completed,8.2,2024,Qtr 3,September,30,6.43,Undergraduate,Writing,3,TRUE,8
Engineering,Assignment Completed,4.5,2024,Qtr 4,October,2,55.35,Graduate,Homework Help,11,TRUE,5
Engineering,Assignment Completed,5,2024,Qtr 4,October,4,5.51,Undergraduate,Brainstorming,1,FALSE,4
Engineering,Assignment Completed,5,2024,Qtr 4,October,5,19.07,Undergraduate,Homework Help,4,TRUE,5
Engineering,Assignment Completed,5,2024,Qtr 4,October,6,8.07,Graduate,Coding,3,FALSE,5
Engineering,Assignment Completed,3.1,2024,Qtr 4,October,6,53.92,High School,Writing,16,TRUE,3
Engineering,Assignment Completed,3.6,2024,Qtr 4,October,6,16.42,Undergraduate,Coding,4,TRUE,4
Engineering,Assignment Completed,4.7,2024,Qtr 4,October,6,44.67,Undergraduate,Homework Help,9,TRUE,4
Engineering,Assignment Completed,3.8,2024,Qtr 4,October,7,2.13,Graduate,Coding,1,TRUE,4
Engineering,Assignment Completed,10,2024,Qtr 4,October,9,31.56,High School,Homework Help,7,TRUE,10
Engineering,Assignment Completed,4.4,2024,Qtr 4,October,9,11.77,High School,Writing,2,FALSE,5
Engineering,Assignment Completed,4.3,2024,Qtr 4,October,9,15.23,Undergraduate,Coding,3,TRUE,4
Engineering,Assignment Completed,1,2024,Qtr 4,October,9,19.92,Undergraduate,Writing,7,TRUE,2
Engineering,Assignment Completed,3.9,2024,Qtr 4,October,10,24.57,High School,Homework Help,6,TRUE,4
Engineering,Assignment Completed,1.6,2024,Qtr 4,October,10,15.85,High School,Studying,4,FALSE,2
Engineering,Assignment Completed,5,2024,Qtr 4,October,10,19.73,Undergraduate,Coding,4,TRUE,5
Engineering,Assignment Completed,2.8,2024,Qtr 4,October,11,6.48,Graduate,Writing,1,FALSE,2
Engineering,Assignment Completed,5,2024,Qtr 4,October,12,57.57,Graduate,Coding,11,TRUE,4
Engineering,Assignment Completed,2.7,2024,Qtr 4,October,13,2.45,Undergraduate,Homework Help,1,FALSE,3
Engineering,Assignment Completed,2.7,2024,Qtr 4,October,13,8.29,Undergraduate,Writing,2,TRUE,3
Engineering,Assignment Completed,2.6,2024,Qtr 4,October,14,20.44,Graduate,Studying,4,TRUE,2
Engineering,Assignment Completed,4.7,2024,Qtr 4,October,14,13.85,High School,Homework Help,3,FALSE,5
Engineering,Assignment Completed,3.3,2024,Qtr 4,October,16,46.29,Undergraduate,Studying,11,TRUE,3
Engineering,Assignment Completed,2.6,2024,Qtr 4,October,16,17.53,Undergraduate,Writing,3,TRUE,3
Engineering,Assignment Completed,4.7,2024,Qtr 4,October,17,17.58,Graduate,Coding,3,TRUE,3
Engineering,Assignment Completed,3.1,2024,Qtr 4,October,17,28.77,Graduate,Homework Help,7,TRUE,3
Engineering,Assignment Completed,5,2024,Qtr 4,October,20,30.94,High School,Writing,10,TRUE,5
Engineering,Assignment Completed,6.7,2024,Qtr 4,October,20,46.43,Undergraduate,Homework Help,9,TRUE,7
Engineering,Assignment Completed,3.2,2024,Qtr 4,October,20,12.67,Undergraduate,Studying,3,TRUE,3
Engineering,Assignment Completed,3.1,2024,Qtr 4,October,21,9.46,Undergraduate,Studying,3,TRUE,3
Engineering,Assignment Completed,4,2024,Qtr 4,October,22,8.93,Undergraduate,Writing,2,TRUE,3
Engineering,Assignment Completed,10.1,2024,Qtr 4,October,23,85.53,Undergraduate,Homework Help,22,TRUE,11
Engineering,Assignment Completed,2.6,2024,Qtr 4,October,24,13.25,Undergraduate,Coding,4,FALSE,3
Engineering,Assignment Completed,5,2024,Qtr 4,October,25,7.97,High School,Studying,2,TRUE,5
Engineering,Assignment Completed,5,2024,Qtr 4,October,26,11.7,Undergraduate,Studying,4,TRUE,5
Engineering,Assignment Completed,3.7,2024,Qtr 4,October,27,16.9,Graduate,Studying,6,TRUE,3
Engineering,Assignment Completed,2.8,2024,Qtr 4,October,27,29.72,Undergraduate,Studying,8,TRUE,3
Engineering,Assignment Completed,3.2,2024,Qtr 4,October,28,8.73,Graduate,Writing,3,TRUE,4
Engineering,Assignment Completed,4.2,2024,Qtr 4,October,28,14.63,Undergraduate,Brainstorming,3,FALSE,3
Engineering,Assignment Completed,3.4,2024,Qtr 4,October,28,24.53,Undergraduate,Studying,8,TRUE,3
Engineering,Assignment Completed,3.9,2024,Qtr 4,October,31,27.59,Undergraduate,Coding,6,TRUE,3
Engineering,Assignment Completed,5,2024,Qtr 4,October,31,33.96,Undergraduate,Writing,12,FALSE,4
Engineering,Assignment Completed,1.2,2024,Qtr 4,October,31,30.86,Undergraduate,Writing,12,TRUE,2
Engineering,Assignment Completed,4.8,2024,Qtr 4,November,1,6.22,Undergraduate,Writing,2,TRUE,4
Engineering,Assignment Completed,3.5,2024,Qtr 4,November,2,4.09,Graduate,Coding,1,TRUE,4
Engineering,Assignment Completed,2,2024,Qtr 4,November,2,38.45,Undergraduate,Homework Help,8,TRUE,3
Engineering,Assignment Completed,2.2,2024,Qtr 4,November,2,43.53,Undergraduate,Studying,17,FALSE,3
Engineering,Assignment Completed,2.7,2024,Qtr 4,November,3,22.09,High School,Homework Help,6,TRUE,3
Engineering,Assignment Completed,3.7,2024,Qtr 4,November,3,15.45,Undergraduate,Homework Help,5,TRUE,3
Engineering,Assignment Completed,5,2024,Qtr 4,November,5,4.1,Undergraduate,Studying,1,TRUE,5
Engineering,Assignment Completed,5,2024,Qtr 4,November,6,4.82,Undergraduate,Homework Help,1,TRUE,5
Engineering,Assignment Completed,3,2024,Qtr 4,November,6,11.8,Undergraduate,Writing,4,TRUE,3
Engineering,Assignment Completed,4.2,2024,Qtr 4,November,8,3.79,Undergraduate,Studying,1,TRUE,3
Engineering,Assignment Completed,1.3,2024,Qtr 4,November,9,57.57,Undergraduate,Homework Help,12,TRUE,2
Engineering,Assignment Completed,4.8,2024,Qtr 4,November,10,9.5,Undergraduate,Studying,4,TRUE,5
Engineering,Assignment Completed,2.4,2024,Qtr 4,November,13,15.83,Graduate,Coding,4,TRUE,3
Engineering,Assignment Completed,3.1,2024,Qtr 4,November,13,9.28,High School,Writing,2,FALSE,3
Engineering,Assignment Completed,2.9,2024,Qtr 4,November,13,47.52,Undergraduate,Homework Help,10,TRUE,4
Engineering,Assignment Completed,4,2024,Qtr 4,November,13,25.56,Undergraduate,Studying,6,TRUE,3
Engineering,Assignment Completed,4.2,2024,Qtr 4,November,14,39.6,Graduate,Writing,17,FALSE,5
Engineering,Assignment Completed,3.1,2024,Qtr 4,November,15,23.92,Graduate,Studying,5,TRUE,4
Engineering,Assignment Completed,3.6,2024,Qtr 4,November,15,37.19,Undergraduate,Coding,9,TRUE,4
Engineering,Assignment Completed,3.4,2024,Qtr 4,November,15,21.7,Undergraduate,Studying,4,TRUE,3
Engineering,Assignment Completed,2.9,2024,Qtr 4,November,16,7.72,High School,Studying,2,TRUE,4
Engineering,Assignment Completed,5,2024,Qtr 4,November,16,15.32,Undergraduate,Brainstorming,3,TRUE,4
Engineering,Assignment Completed,5,2024,Qtr 4,November,16,26.45,Undergraduate,Homework Help,7,FALSE,5
Engineering,Assignment Completed,4.1,2024,Qtr 4,November,16,42.76,Undergraduate,Research,9,TRUE,3
Engineering,Assignment Completed,5,2024,Qtr 4,November,16,8.12,Undergraduate,Writing,2,TRUE,4
Engineering,Assignment Completed,4.1,2024,Qtr 4,November,18,9.64,High School,Homework Help,2,TRUE,5
Engineering,Assignment Completed,3.4,2024,Qtr 4,November,18,37.54,Undergraduate,Homework Help,11,FALSE,4
Engineering,Assignment Completed,5,2024,Qtr 4,November,18,26.52,Undergraduate,Writing,8,FALSE,5
Engineering,Assignment Completed,5,2024,Qtr 4,November,21,31.87,Undergraduate,Coding,10,TRUE,5
Engineering,Assignment Completed,3.4,2024,Qtr 4,November,21,11.88,Undergraduate,Writing,2,TRUE,3
Engineering,Assignment Completed,3.2,2024,Qtr 4,November,22,8.3,Undergraduate,Coding,2,TRUE,4
Engineering,Assignment Completed,4.3,2024,Qtr 4,November,23,36.78,High School,Coding,7,TRUE,4
Engineering,Assignment Completed,1.3,2024,Qtr 4,November,23,28.45,High School,Writing,7,FALSE,2
Engineering,Assignment Completed,3.8,2024,Qtr 4,November,24,6.82,Undergraduate,Studying,2,FALSE,4
Engineering,Assignment Completed,3.2,2024,Qtr 4,November,25,18.78,Graduate,Writing,5,FALSE,3
Engineering,Assignment Completed,2.5,2024,Qtr 4,November,25,12.87,Undergraduate,Coding,2,TRUE,2
Engineering,Assignment Completed,1.7,2024,Qtr 4,November,25,9.86,Undergraduate,Studying,2,FALSE,2
Engineering,Assignment Completed,3.4,2024,Qtr 4,November,26,2.71,Undergraduate,Coding,1,TRUE,3
Engineering,Assignment Completed,5,2024,Qtr 4,November,27,4.14,High School,Writing,1,TRUE,5
Engineering,Assignment Completed,4,2024,Qtr 4,November,27,18.25,Undergraduate,Homework Help,3,TRUE,3
Engineering,Assignment Completed,5,2024,Qtr 4,November,27,14.76,Undergraduate,Writing,7,FALSE,5
Engineering,Assignment Completed,1.8,2024,Qtr 4,November,27,30.24,Undergraduate,Writing,9,TRUE,3
Engineering,Assignment Completed,4.2,2024,Qtr 4,November,28,21.68,High School,Writing,5,TRUE,4
Engineering,Assignment Completed,2.2,2024,Qtr 4,November,28,38.96,Undergraduate,Homework Help,11,TRUE,3
Engineering,Assignment Completed,1.6,2024,Qtr 4,November,29,16.03,Undergraduate,Homework Help,6,FALSE,3
Engineering,Assignment Completed,3.7,2024,Qtr 4,November,30,40.99,High School,Writing,13,TRUE,4
Engineering,Assignment Completed,4.7,2024,Qtr 4,November,30,5.33,Undergraduate,Writing,2,TRUE,4
Engineering,Assignment Completed,5,2024,Qtr 4,December,1,11.36,High School,Homework Help,2,FALSE,5
Engineering,Assignment Completed,5,2024,Qtr 4,December,1,12.87,Undergraduate,Research,4,TRUE,5
Engineering,Assignment Completed,3.4,2024,Qtr 4,December,2,6.42,Undergraduate,Coding,1,FALSE,4
Engineering,Assignment Completed,2.6,2024,Qtr 4,December,2,18.31,Undergraduate,Coding,7,TRUE,3
Engineering,Assignment Completed,4.8,2024,Qtr 4,December,3,9.86,High School,Studying,2,TRUE,5
Engineering,Assignment Completed,3.2,2024,Qtr 4,December,3,22.87,Undergraduate,Coding,7,TRUE,5
Engineering,Assignment Completed,4.8,2024,Qtr 4,December,5,54.58,Undergraduate,Homework Help,25,TRUE,3
Engineering,Assignment Completed,1,2024,Qtr 4,December,5,0.86,Undergraduate,Writing,1,TRUE,2
Engineering,Assignment Completed,3.2,2024,Qtr 4,December,7,1.91,Undergraduate,Coding,1,TRUE,3
Engineering,Assignment Completed,3.2,2024,Qtr 4,December,7,23.13,Undergraduate,Studying,9,TRUE,3
Engineering,Assignment Completed,3.2,2024,Qtr 4,December,8,6.24,High School,Coding,2,TRUE,3
Engineering,Assignment Completed,3.2,2024,Qtr 4,December,8,16.43,Undergraduate,Studying,3,TRUE,3
Engineering,Assignment Completed,2.4,2024,Qtr 4,December,9,30.96,Graduate,Homework Help,6,TRUE,4
Engineering,Assignment Completed,2.5,2024,Qtr 4,December,9,10.61,Graduate,Studying,4,TRUE,4
Engineering,Assignment Completed,5,2024,Qtr 4,December,9,4.08,Undergraduate,Writing,1,TRUE,4
Engineering,Assignment Completed,2.3,2024,Qtr 4,December,11,21.57,Graduate,Homework Help,6,FALSE,3
Engineering,Assignment Completed,6.5,2024,Qtr 4,December,11,71.46,Undergraduate,Writing,28,TRUE,7
Engineering,Assignment Completed,1.8,2024,Qtr 4,December,12,9.24,High School,Studying,3,TRUE,3
Engineering,Assignment Completed,1.9,2024,Qtr 4,December,12,1.75,High School,Writing,1,TRUE,2
Engineering,Assignment Completed,1.4,2024,Qtr 4,December,13,35.22,Graduate,Coding,15,TRUE,2
Engineering,Assignment Completed,4.2,2024,Qtr 4,December,13,9.94,Undergraduate,Homework Help,3,FALSE,4
Engineering,Assignment Completed,1,2024,Qtr 4,December,14,15.82,Undergraduate,Homework Help,3,TRUE,2
Engineering,Assignment Completed,3.2,2024,Qtr 4,December,15,29.8,Graduate,Homework Help,13,TRUE,4
Engineering,Assignment Completed,5,2024,Qtr 4,December,16,6.25,Undergraduate,Coding,2,TRUE,4
Engineering,Assignment Completed,3.6,2024,Qtr 4,December,17,25.24,Graduate,Homework Help,12,TRUE,4
Engineering,Assignment Completed,5,2024,Qtr 4,December,18,4.65,Graduate,Homework Help,1,TRUE,5
Engineering,Assignment Completed,3.5,2024,Qtr 4,December,18,10.34,Graduate,Studying,2,FALSE,4
Engineering,Assignment Completed,3.4,2024,Qtr 4,December,18,46.11,High School,Homework Help,12,TRUE,4
Engineering,Assignment Completed,4.9,2024,Qtr 4,December,18,15.13,Undergraduate,Coding,4,TRUE,4
Engineering,Assignment Completed,4.5,2024,Qtr 4,December,18,17.44,Undergraduate,Writing,7,TRUE,4
Engineering,Assignment Completed,1.7,2024,Qtr 4,December,20,7.79,Graduate,Studying,1,TRUE,2
Engineering,Assignment Completed,4.8,2024,Qtr 4,December,20,7.17,High School,Writing,1,TRUE,4
Engineering,Assignment Completed,5,2024,Qtr 4,December,20,8.21,Undergraduate,Research,3,TRUE,5
Engineering,Assignment Completed,3.3,2024,Qtr 4,December,21,20.22,Undergraduate,Studying,8,TRUE,3
Engineering,Assignment Completed,5,2024,Qtr 4,December,22,20.55,Graduate,Writing,5,TRUE,4
Engineering,Assignment Completed,4,2024,Qtr 4,December,23,20.2,High School,Studying,5,FALSE,3
Engineering,Assignment Completed,4.3,2024,Qtr 4,December,23,6.89,Undergraduate,Writing,1,TRUE,4
Engineering,Assignment Completed,5,2024,Qtr 4,December,24,11.55,High School,Coding,2,TRUE,4
Engineering,Assignment Completed,4.5,2024,Qtr 4,December,24,37.23,Undergraduate,Coding,17,TRUE,4
Engineering,Assignment Completed,1.7,2024,Qtr 4,December,24,6.5,Undergraduate,Studying,2,TRUE,2
Engineering,Assignment Completed,4,2024,Qtr 4,December,26,16.23,High School,Studying,7,FALSE,4
Engineering,Assignment Completed,4.5,2024,Qtr 4,December,26,12.25,High School,Writing,3,TRUE,4
Engineering,Assignment Completed,4,2024,Qtr 4,December,26,16.62,Undergraduate,Writing,4,TRUE,4
Engineering,Assignment Completed,2.9,2024,Qtr 4,December,27,39.22,Graduate,Coding,7,TRUE,3
Engineering,Assignment Completed,3,2024,Qtr 4,December,27,1.03,Graduate,Writing,1,TRUE,4
Engineering,Assignment Completed,8.1,2024,Qtr 4,December,27,97.32,Undergraduate,Coding,24,TRUE,7
Engineering,Assignment Completed,4.9,2024,Qtr 4,December,27,6.27,Undergraduate,Writing,1,TRUE,4
Engineering,Assignment Completed,2.7,2024,Qtr 4,December,28,6.92,High School,Writing,1,TRUE,2
Engineering,Assignment Completed,1.6,2024,Qtr 4,December,28,68.41,Undergraduate,Homework Help,23,TRUE,3
Engineering,Assignment Completed,2.2,2024,Qtr 4,December,29,22.22,Undergraduate,Coding,7,TRUE,2
Engineering,Assignment Completed,5.7,2024,Qtr 4,December,29,11.98,Undergraduate,Writing,3,TRUE,6
Engineering,Assignment Completed,4.4,2024,Qtr 4,December,30,9.93,High School,Homework Help,2,TRUE,4
Engineering,Assignment Completed,4.6,2024,Qtr 4,December,30,18.93,Undergraduate,Brainstorming,6,TRUE,4
Engineering,Assignment Completed,3.9,2024,Qtr 4,December,31,31.64,Graduate,Homework Help,9,TRUE,4
Engineering,Assignment Completed,1.2,2024,Qtr 4,December,31,3.67,Undergraduate,Coding,1,TRUE,2
Engineering,Assignment Completed,1.6,2024,Qtr 4,December,31,29.13,Undergraduate,Writing,8,TRUE,3
Engineering,Assignment Completed,4.5,2025,Qtr 1,January,1,13.02,Graduate,Coding,5,TRUE,5
Engineering,Assignment Completed,1.5,2025,Qtr 1,January,2,52.54,High School,Studying,18,TRUE,3
Engineering,Assignment Completed,8.1,2025,Qtr 1,January,3,48.62,Graduate,Coding,16,TRUE,8
Engineering,Assignment Completed,2,2025,Qtr 1,January,3,5.49,Undergraduate,Studying,1,TRUE,2
Engineering,Assignment Completed,3.9,2025,Qtr 1,January,3,6.43,Undergraduate,Writing,2,FALSE,4
Engineering,Assignment Completed,3.6,2025,Qtr 1,January,4,28.44,Undergraduate,Homework Help,7,FALSE,4
Engineering,Assignment Completed,3.3,2025,Qtr 1,January,5,22.65,Graduate,Studying,6,TRUE,3
Engineering,Assignment Completed,1.8,2025,Qtr 1,January,6,21.92,High School,Homework Help,6,TRUE,2
Engineering,Assignment Completed,3.1,2025,Qtr 1,January,6,32.87,Undergraduate,Writing,6,TRUE,3
Engineering,Assignment Completed,4.5,2025,Qtr 1,January,7,13.27,High School,Studying,3,TRUE,4
Engineering,Assignment Completed,5,2025,Qtr 1,January,7,7.08,High School,Writing,2,TRUE,4
Engineering,Assignment Completed,2.3,2025,Qtr 1,January,7,12.77,Undergraduate,Homework Help,3,TRUE,2
Engineering,Assignment Completed,3.1,2025,Qtr 1,January,9,12.19,Undergraduate,Coding,2,TRUE,4
Engineering,Assignment Completed,5,2025,Qtr 1,January,10,27.01,Undergraduate,Homework Help,5,FALSE,5
Engineering,Assignment Completed,3.7,2025,Qtr 1,January,11,40.71,Graduate,Writing,11,FALSE,4
Engineering,Assignment Completed,1.9,2025,Qtr 1,January,11,18.31,High School,Studying,6,TRUE,3
Engineering,Assignment Completed,3.1,2025,Qtr 1,January,11,20.22,Undergraduate,Studying,9,TRUE,2
Engineering,Assignment Completed,4.4,2025,Qtr 1,January,11,11.92,Undergraduate,Writing,3,TRUE,4
Engineering,Assignment Completed,3.2,2025,Qtr 1,January,12,13.43,Undergraduate,Brainstorming,3,FALSE,4
Engineering,Assignment Completed,3,2025,Qtr 1,January,13,13.29,Graduate,Coding,5,FALSE,3
Engineering,Assignment Completed,4.2,2025,Qtr 1,January,13,10.99,Graduate,Studying,2,TRUE,3
Engineering,Assignment Completed,4.2,2025,Qtr 1,January,14,8.67,Undergraduate,Coding,3,TRUE,4
Engineering,Assignment Completed,4.4,2025,Qtr 1,January,15,12.18,High School,Coding,3,TRUE,5
Engineering,Assignment Completed,2.5,2025,Qtr 1,January,15,17.85,High School,Studying,3,TRUE,2
Engineering,Assignment Completed,2.4,2025,Qtr 1,January,15,16.22,Undergraduate,Coding,4,TRUE,2
Engineering,Assignment Completed,3.2,2025,Qtr 1,January,15,27.42,Undergraduate,Writing,10,TRUE,3
Engineering,Assignment Completed,2.5,2025,Qtr 1,January,16,24.45,High School,Writing,11,TRUE,2
Engineering,Assignment Completed,7,2025,Qtr 1,January,16,38.64,Undergraduate,Writing,9,TRUE,7
Engineering,Assignment Completed,1.9,2025,Qtr 1,January,17,38.4,Graduate,Brainstorming,18,TRUE,3
Engineering,Assignment Completed,4,2025,Qtr 1,January,17,2.73,Undergraduate,Coding,1,TRUE,4
Engineering,Assignment Completed,2.4,2025,Qtr 1,January,17,20.1,Undergraduate,Writing,9,TRUE,3
Engineering,Assignment Completed,3,2025,Qtr 1,January,18,51.57,Undergraduate,Studying,15,TRUE,6
Engineering,Assignment Completed,3,2025,Qtr 1,January,18,7.74,Undergraduate,Writing,1,TRUE,3
Engineering,Assignment Completed,2.9,2025,Qtr 1,January,20,20.02,Graduate,Coding,4,TRUE,3
Engineering,Assignment Completed,2.4,2025,Qtr 1,January,20,15.19,High School,Studying,3,TRUE,2
Engineering,Assignment Completed,3.7,2025,Qtr 1,January,21,26.54,Graduate,Coding,6,TRUE,3
Engineering,Assignment Completed,8,2025,Qtr 1,January,21,26.13,Undergraduate,Coding,8,TRUE,7
Engineering,Assignment Completed,3,2025,Qtr 1,January,21,11.48,Undergraduate,Homework Help,5,TRUE,3
Engineering,Assignment Completed,2.9,2025,Qtr 1,January,21,16.57,Undergraduate,Studying,5,FALSE,3
Engineering,Assignment Completed,3,2025,Qtr 1,January,22,6.43,High School,Writing,2,TRUE,3
Engineering,Assignment Completed,3.6,2025,Qtr 1,January,22,45.34,Undergraduate,Studying,13,FALSE,4
Engineering,Assignment Completed,5.8,2025,Qtr 1,January,24,20.52,Undergraduate,Homework Help,7,TRUE,6
Engineering,Assignment Completed,2.7,2025,Qtr 1,January,24,22.81,Undergraduate,Writing,8,TRUE,4
Engineering,Assignment Completed,5,2025,Qtr 1,January,25,21.35,Graduate,Coding,4,TRUE,4
Engineering,Assignment Completed,3.3,2025,Qtr 1,January,25,8.03,Undergraduate,Writing,2,FALSE,4
Engineering,Assignment Completed,4.2,2025,Qtr 1,January,26,10.32,Graduate,Homework Help,4,FALSE,4
Engineering,Assignment Completed,2.3,2025,Qtr 1,January,26,37.16,High School,Writing,8,TRUE,2
Engineering,Assignment Completed,4.3,2025,Qtr 1,January,26,7.23,Undergraduate,Studying,2,TRUE,4
Engineering,Assignment Completed,2.2,2025,Qtr 1,January,27,9,Undergraduate,Coding,2,TRUE,3
Engineering,Assignment Completed,2.4,2025,Qtr 1,January,27,30.16,Undergraduate,Homework Help,11,TRUE,2
Engineering,Assignment Completed,4,2025,Qtr 1,January,28,19.51,Graduate,Homework Help,8,TRUE,4
Engineering,Assignment Completed,2.7,2025,Qtr 1,January,28,9.53,Undergraduate,Coding,2,TRUE,4
Engineering,Assignment Completed,3.4,2025,Qtr 1,January,29,8.78,Undergraduate,Coding,2,TRUE,3
Engineering,Assignment Completed,3.1,2025,Qtr 1,January,29,3.25,Undergraduate,Studying,1,TRUE,4
Engineering,Assignment Completed,3.3,2025,Qtr 1,January,30,23.49,Undergraduate,Studying,4,TRUE,4
Engineering,Assignment Completed,1.2,2025,Qtr 1,January,30,5.17,Undergraduate,Writing,2,FALSE,2
Engineering,Assignment Completed,3,2025,Qtr 1,January,31,14.45,High School,Homework Help,5,TRUE,3
Engineering,Assignment Completed,3.9,2025,Qtr 1,January,31,23.75,Undergraduate,Brainstorming,7,FALSE,4
Engineering,Assignment Completed,3.6,2025,Qtr 1,February,1,23.12,Graduate,Homework Help,9,TRUE,4
Engineering,Assignment Completed,5,2025,Qtr 1,February,1,18.55,Undergraduate,Studying,8,FALSE,4
Engineering,Assignment Completed,1,2025,Qtr 1,February,2,21.77,High School,Writing,7,TRUE,3
Engineering,Assignment Completed,5,2025,Qtr 1,February,2,23.83,Undergraduate,Homework Help,5,TRUE,5
Engineering,Assignment Completed,3.8,2025,Qtr 1,February,3,46.75,Undergraduate,Writing,10,TRUE,4
Engineering,Assignment Completed,3.9,2025,Qtr 1,February,4,11.95,High School,Writing,3,TRUE,2
Engineering,Assignment Completed,1.9,2025,Qtr 1,February,4,39.6,Undergraduate,Writing,14,FALSE,3
Engineering,Assignment Completed,5,2025,Qtr 1,February,5,44.76,High School,Studying,11,FALSE,5
Engineering,Assignment Completed,5,2025,Qtr 1,February,5,11.58,Undergraduate,Coding,3,FALSE,5
Engineering,Assignment Completed,2.2,2025,Qtr 1,February,6,3.38,Graduate,Homework Help,1,TRUE,2
Engineering,Assignment Completed,3.3,2025,Qtr 1,February,6,29.45,Undergraduate,Writing,11,TRUE,3
Engineering,Assignment Completed,3.1,2025,Qtr 1,February,7,10.02,Graduate,Studying,3,TRUE,2
Engineering,Assignment Completed,5,2025,Qtr 1,February,7,11.11,Undergraduate,Writing,3,TRUE,5
Engineering,Assignment Completed,4.4,2025,Qtr 1,February,8,12.94,Graduate,Homework Help,3,TRUE,5
Engineering,Assignment Completed,1.7,2025,Qtr 1,February,8,48.37,Graduate,Writing,13,TRUE,3
Engineering,Assignment Completed,3.4,2025,Qtr 1,February,8,9.94,Undergraduate,Homework Help,3,TRUE,4
Engineering,Assignment Completed,2.9,2025,Qtr 1,February,9,9.28,Undergraduate,Writing,3,TRUE,3
Engineering,Assignment Completed,2.3,2025,Qtr 1,February,10,12.04,Undergraduate,Studying,5,TRUE,3
Engineering,Assignment Completed,2.6,2025,Qtr 1,February,13,17.24,High School,Coding,6,TRUE,3
Engineering,Assignment Completed,4,2025,Qtr 1,February,13,10.76,Undergraduate,Writing,4,TRUE,4
Engineering,Assignment Completed,3.9,2025,Qtr 1,February,15,16.85,Graduate,Studying,6,TRUE,4
Engineering,Assignment Completed,4.9,2025,Qtr 1,February,15,9.59,Undergraduate,Homework Help,2,TRUE,5
Engineering,Assignment Completed,2.9,2025,Qtr 1,February,16,19.22,Undergraduate,Coding,6,TRUE,5
Engineering,Assignment Completed,2.3,2025,Qtr 1,February,16,26.65,Undergraduate,Homework Help,9,TRUE,3
Engineering,Assignment Completed,2.4,2025,Qtr 1,February,16,43.81,Undergraduate,Writing,15,TRUE,3
Engineering,Assignment Completed,5,2025,Qtr 1,February,17,6.11,High School,Writing,1,TRUE,5
Engineering,Assignment Completed,4.2,2025,Qtr 1,February,17,3.4,Undergraduate,Writing,1,TRUE,4
Engineering,Assignment Completed,1,2025,Qtr 1,February,18,6.6,Undergraduate,Homework Help,1,TRUE,2
Engineering,Assignment Completed,5,2025,Qtr 1,February,18,18.26,Undergraduate,Writing,3,FALSE,5
Engineering,Assignment Completed,3,2025,Qtr 1,February,19,43.53,Undergraduate,Writing,14,TRUE,3
Engineering,Assignment Completed,2.3,2025,Qtr 1,February,20,24.22,Undergraduate,Homework Help,6,TRUE,3
Engineering,Assignment Completed,2.1,2025,Qtr 1,February,22,5.59,Graduate,Coding,2,TRUE,3
Engineering,Assignment Completed,2.7,2025,Qtr 1,February,22,19.07,Undergraduate,Coding,8,TRUE,3
Engineering,Assignment Completed,4.1,2025,Qtr 1,February,23,7.01,High School,Coding,2,TRUE,3
Engineering,Assignment Completed,3.8,2025,Qtr 1,February,23,44.88,High School,Homework Help,11,TRUE,4
Engineering,Assignment Completed,4.6,2025,Qtr 1,February,23,17.55,High School,Writing,8,TRUE,4
Engineering,Assignment Completed,4,2025,Qtr 1,February,23,11.15,Undergraduate,Studying,4,TRUE,4
Engineering,Assignment Completed,3.8,2025,Qtr 1,February,23,27.71,Undergraduate,Writing,7,TRUE,4
Engineering,Assignment Completed,3.5,2025,Qtr 1,February,24,10.65,Undergraduate,Coding,2,TRUE,4
Engineering,Assignment Completed,2.7,2025,Qtr 1,February,24,7.64,Undergraduate,Homework Help,1,TRUE,3
Engineering,Assignment Completed,2.9,2025,Qtr 1,February,24,10,Undergraduate,Studying,2,TRUE,2
Engineering,Assignment Completed,3.3,2025,Qtr 1,February,25,13.65,High School,Homework Help,5,TRUE,3
Engineering,Assignment Completed,4.4,2025,Qtr 1,February,26,14.5,Undergraduate,Coding,3,TRUE,4
Engineering,Assignment Completed,3.1,2025,Qtr 1,February,26,30.03,Undergraduate,Homework Help,10,TRUE,3
Engineering,Assignment Completed,3.5,2025,Qtr 1,February,27,7.46,High School,Homework Help,1,TRUE,4
Engineering,Assignment Completed,3.5,2025,Qtr 1,February,27,35.35,Undergraduate,Studying,8,TRUE,4
Engineering,Assignment Completed,2.3,2025,Qtr 1,February,28,6.14,Graduate,Writing,1,TRUE,5
Engineering,Assignment Completed,5,2025,Qtr 1,February,28,32.18,Undergraduate,Writing,13,FALSE,4
Engineering,Assignment Completed,3.6,2025,Qtr 1,March,3,17.75,High School,Homework Help,4,TRUE,3
Engineering,Assignment Completed,2.2,2025,Qtr 1,March,3,29.15,Undergraduate,Writing,7,TRUE,3
Engineering,Assignment Completed,2.7,2025,Qtr 1,March,5,35.29,High School,Writing,16,TRUE,4
Engineering,Assignment Completed,4.4,2025,Qtr 1,March,6,11.77,Graduate,Coding,3,TRUE,4
Engineering,Assignment Completed,4.4,2025,Qtr 1,March,7,7.4,Undergraduate,Coding,1,FALSE,4
Engineering,Assignment Completed,2.7,2025,Qtr 1,March,8,29.85,Graduate,Studying,13,TRUE,4
Engineering,Assignment Completed,1.8,2025,Qtr 1,March,8,10.38,Undergraduate,Writing,3,FALSE,2
Engineering,Assignment Completed,3.7,2025,Qtr 1,March,9,25.82,Undergraduate,Studying,7,FALSE,5
Engineering,Assignment Completed,5,2025,Qtr 1,March,10,22.28,Graduate,Coding,8,TRUE,4
Engineering,Assignment Completed,3.7,2025,Qtr 1,March,10,4.97,Undergraduate,Studying,1,FALSE,4
Engineering,Assignment Completed,4.6,2025,Qtr 1,March,12,57.14,Undergraduate,Coding,14,TRUE,5
Engineering,Assignment Completed,3.4,2025,Qtr 1,March,13,2.87,Graduate,Research,1,TRUE,3
Engineering,Assignment Completed,2.1,2025,Qtr 1,March,13,14.69,High School,Coding,3,TRUE,3
Engineering,Assignment Completed,2.2,2025,Qtr 1,March,13,23.36,High School,Homework Help,7,TRUE,3
Engineering,Assignment Completed,3.8,2025,Qtr 1,March,13,34.96,High School,Studying,10,TRUE,4
Engineering,Assignment Completed,4.1,2025,Qtr 1,March,14,39.1,Undergraduate,Coding,11,TRUE,3
Engineering,Assignment Completed,3.5,2025,Qtr 1,March,15,39.72,Undergraduate,Coding,12,TRUE,5
Engineering,Assignment Completed,2.3,2025,Qtr 1,March,15,14.16,Undergraduate,Studying,4,TRUE,3
Engineering,Assignment Completed,4.4,2025,Qtr 1,March,16,31.49,Graduate,Coding,11,TRUE,4
Engineering,Assignment Completed,4.1,2025,Qtr 1,March,17,15.06,Undergraduate,Writing,6,TRUE,5
Engineering,Assignment Completed,5,2025,Qtr 1,March,18,40.02,Undergraduate,Coding,19,FALSE,5
Engineering,Assignment Completed,3.8,2025,Qtr 1,March,18,8.66,Undergraduate,Studying,1,FALSE,3
Engineering,Assignment Completed,5,2025,Qtr 1,March,19,24.96,High School,Writing,11,TRUE,4
Engineering,Assignment Completed,4.8,2025,Qtr 1,March,20,29.07,Undergraduate,Studying,9,TRUE,4
Engineering,Assignment Completed,2.9,2025,Qtr 1,March,22,26.67,Graduate,Writing,6,FALSE,3
Engineering,Assignment Completed,4.9,2025,Qtr 1,March,22,9.95,High School,Coding,2,TRUE,4
Engineering,Assignment Completed,3,2025,Qtr 1,March,22,7.54,Undergraduate,Studying,3,TRUE,3
Engineering,Assignment Completed,4.2,2025,Qtr 1,March,22,36.73,Undergraduate,Writing,11,TRUE,4
Engineering,Assignment Completed,3.9,2025,Qtr 1,March,23,22.22,Graduate,Writing,4,FALSE,4
Engineering,Assignment Completed,2.2,2025,Qtr 1,March,23,7.21,Graduate,Writing,1,TRUE,2
Engineering,Assignment Completed,5,2025,Qtr 1,March,25,6.27,High School,Homework Help,1,TRUE,5
Engineering,Assignment Completed,4.2,2025,Qtr 1,March,26,10.19,Undergraduate,Writing,3,TRUE,4
Engineering,Assignment Completed,5,2025,Qtr 1,March,27,33.07,Graduate,Studying,7,TRUE,5
Engineering,Assignment Completed,1,2025,Qtr 1,March,27,9,Undergraduate,Writing,2,TRUE,2
Engineering,Assignment Completed,2.6,2025,Qtr 1,March,29,3.53,Undergraduate,Coding,1,FALSE,2
Engineering,Assignment Completed,2.9,2025,Qtr 1,March,29,8.2,Undergraduate,Coding,1,TRUE,4
Engineering,Assignment Completed,1,2025,Qtr 1,March,30,27.32,Graduate,Writing,5,TRUE,1
Engineering,Assignment Completed,4.4,2025,Qtr 1,March,30,21.33,High School,Coding,4,TRUE,5
Engineering,Assignment Completed,1.9,2025,Qtr 1,March,30,24.83,Undergraduate,Writing,6,TRUE,2
Engineering,Assignment Completed,5,2025,Qtr 1,March,31,30.18,High School,Writing,6,TRUE,4
Engineering,Assignment Completed,3.1,2025,Qtr 1,March,31,28.98,Undergraduate,Coding,13,TRUE,3
Engineering,Assignment Completed,6.8,2025,Qtr 1,March,31,37.3,Undergraduate,Writing,10,TRUE,10
Engineering,Assignment Completed,3.9,2025,Qtr 2,April,1,19.02,High School,Studying,5,TRUE,3
Engineering,Assignment Completed,2.5,2025,Qtr 2,April,1,31.99,Undergraduate,Homework Help,11,FALSE,3
Engineering,Assignment Completed,1,2025,Qtr 2,April,1,7.34,Undergraduate,Homework Help,2,TRUE,1
Engineering,Assignment Completed,2.4,2025,Qtr 2,April,2,8.04,Undergraduate,Coding,2,TRUE,3
Engineering,Assignment Completed,7.2,2025,Qtr 2,April,3,25.66,Undergraduate,Coding,7,TRUE,9
Engineering,Assignment Completed,3.6,2025,Qtr 2,April,3,17.73,Undergraduate,Writing,3,FALSE,3
Engineering,Assignment Completed,3.6,2025,Qtr 2,April,3,13.39,Undergraduate,Writing,4,TRUE,3
Engineering,Assignment Completed,3.5,2025,Qtr 2,April,4,13.73,Undergraduate,Coding,3,FALSE,4
Engineering,Assignment Completed,1.1,2025,Qtr 2,April,4,5.21,Undergraduate,Writing,1,TRUE,2
Engineering,Assignment Completed,3.3,2025,Qtr 2,April,6,34.2,Graduate,Coding,13,TRUE,4
Engineering,Assignment Completed,2.8,2025,Qtr 2,April,6,52.17,High School,Homework Help,20,FALSE,3
Engineering,Assignment Completed,4.2,2025,Qtr 2,April,6,20.1,Undergraduate,Coding,5,TRUE,4
Engineering,Assignment Completed,4.1,2025,Qtr 2,April,9,5.1,High School,Writing,1,TRUE,5
Engineering,Assignment Completed,1.6,2025,Qtr 2,April,9,33.79,Undergraduate,Writing,8,FALSE,2
Engineering,Assignment Completed,1.8,2025,Qtr 2,April,9,13.15,Undergraduate,Writing,2,TRUE,3
Engineering,Assignment Completed,3.1,2025,Qtr 2,April,10,54.74,High School,Coding,13,TRUE,3
Engineering,Assignment Completed,5,2025,Qtr 2,April,10,13.51,High School,Homework Help,5,TRUE,5
Engineering,Assignment Completed,4.3,2025,Qtr 2,April,10,9.87,Undergraduate,Writing,4,TRUE,5
Engineering,Assignment Completed,3.9,2025,Qtr 2,April,11,22.24,Graduate,Homework Help,6,TRUE,4
Engineering,Assignment Completed,2.2,2025,Qtr 2,April,13,22.83,Graduate,Writing,9,TRUE,2
Engineering,Assignment Completed,4.7,2025,Qtr 2,April,13,8.02,Undergraduate,Coding,2,TRUE,4
Engineering,Assignment Completed,2.4,2025,Qtr 2,April,14,47.83,Graduate,Homework Help,10,TRUE,4
Engineering,Assignment Completed,2.4,2025,Qtr 2,April,15,8.1,Graduate,Homework Help,2,FALSE,3
Engineering,Assignment Completed,4.7,2025,Qtr 2,April,15,27.78,Undergraduate,Research,10,FALSE,4
Engineering,Assignment Completed,2.2,2025,Qtr 2,April,15,23.58,Undergraduate,Writing,5,TRUE,2
Engineering,Assignment Completed,1,2025,Qtr 2,April,16,35.35,Graduate,Writing,15,TRUE,2
Engineering,Assignment Completed,2.8,2025,Qtr 2,April,16,6.54,High School,Writing,1,TRUE,2
Engineering,Assignment Completed,8,2025,Qtr 2,April,16,37.97,Undergraduate,Coding,7,TRUE,6
Engineering,Assignment Completed,9.2,2025,Qtr 2,April,16,29.18,Undergraduate,Studying,9,TRUE,9
Engineering,Assignment Completed,2.5,2025,Qtr 2,April,17,11.98,Undergraduate,Homework Help,4,TRUE,3
Engineering,Assignment Completed,7.8,2025,Qtr 2,April,17,41.17,Undergraduate,Writing,10,TRUE,9
Engineering,Assignment Completed,4.4,2025,Qtr 2,April,18,6.76,Graduate,Coding,1,TRUE,4
Engineering,Assignment Completed,4.4,2025,Qtr 2,April,18,39.1,Undergraduate,Coding,11,TRUE,4
Engineering,Assignment Completed,3.4,2025,Qtr 2,April,19,14.7,High School,Writing,5,TRUE,4
Engineering,Assignment Completed,2,2025,Qtr 2,April,19,13.37,Undergraduate,Writing,4,TRUE,2
Engineering,Assignment Completed,3.5,2025,Qtr 2,April,20,5.67,High School,Coding,1,TRUE,4
Engineering,Assignment Completed,3.6,2025,Qtr 2,April,21,11.89,Graduate,Brainstorming,2,TRUE,3
Engineering,Assignment Completed,3.6,2025,Qtr 2,April,21,65.42,Graduate,Coding,16,TRUE,4
Engineering,Assignment Completed,3.3,2025,Qtr 2,April,21,8.29,High School,Studying,1,FALSE,3
Engineering,Assignment Completed,3.2,2025,Qtr 2,April,22,26.51,Graduate,Studying,5,FALSE,3
Engineering,Assignment Completed,2.9,2025,Qtr 2,April,22,10.35,Undergraduate,Coding,3,TRUE,3
Engineering,Assignment Completed,5,2025,Qtr 2,April,22,20.38,Undergraduate,Homework Help,8,TRUE,5
Engineering,Assignment Completed,2.3,2025,Qtr 2,April,22,23.96,Undergraduate,Studying,5,TRUE,3
Engineering,Assignment Completed,2.3,2025,Qtr 2,April,22,12.53,Undergraduate,Writing,3,FALSE,3
Engineering,Assignment Completed,2.4,2025,Qtr 2,April,23,13.74,Graduate,Writing,3,TRUE,2
Engineering,Assignment Completed,1,2025,Qtr 2,April,23,11.59,Undergraduate,Brainstorming,4,TRUE,1
Engineering,Assignment Completed,2.1,2025,Qtr 2,April,24,19.23,High School,Coding,6,TRUE,3
Engineering,Assignment Completed,4.7,2025,Qtr 2,April,26,0.37,Undergraduate,Homework Help,1,TRUE,4
Engineering,Assignment Completed,3.7,2025,Qtr 2,April,26,11.47,Undergraduate,Writing,4,TRUE,4
Engineering,Assignment Completed,8.8,2025,Qtr 2,April,27,72.58,Undergraduate,Writing,21,TRUE,8
Engineering,Assignment Completed,4,2025,Qtr 2,April,28,17.25,Undergraduate,Homework Help,6,FALSE,5
Engineering,Assignment Completed,4,2025,Qtr 2,April,30,6.51,Undergraduate,Coding,1,TRUE,4
Engineering,Assignment Completed,1,2025,Qtr 2,May,1,40.83,Graduate,Brainstorming,10,TRUE,1
Engineering,Assignment Completed,2.3,2025,Qtr 2,May,1,25.52,Undergraduate,Coding,8,TRUE,3
Engineering,Assignment Completed,5,2025,Qtr 2,May,4,3.74,Graduate,Coding,1,TRUE,5
Engineering,Assignment Completed,2.4,2025,Qtr 2,May,5,13.51,Graduate,Coding,4,TRUE,3
Engineering,Assignment Completed,3.2,2025,Qtr 2,May,5,13.55,Undergraduate,Homework Help,4,TRUE,3
Engineering,Assignment Completed,2,2025,Qtr 2,May,5,12.28,Undergraduate,Writing,2,TRUE,2
Engineering,Assignment Completed,6.5,2025,Qtr 2,May,6,46.86,Undergraduate,Writing,14,TRUE,6
Engineering,Assignment Completed,4.6,2025,Qtr 2,May,7,28.19,Undergraduate,Studying,8,TRUE,4
Engineering,Assignment Completed,4.3,2025,Qtr 2,May,7,29.69,Undergraduate,Writing,12,TRUE,5
Engineering,Assignment Completed,3.1,2025,Qtr 2,May,8,27.05,Graduate,Writing,7,TRUE,3
Engineering,Assignment Completed,5,2025,Qtr 2,May,8,10.15,Undergraduate,Coding,2,TRUE,3
Engineering,Assignment Completed,3,2025,Qtr 2,May,8,15.03,Undergraduate,Studying,4,FALSE,5
Engineering,Assignment Completed,3.3,2025,Qtr 2,May,9,30.27,Graduate,Homework Help,6,TRUE,4
Engineering,Assignment Completed,4,2025,Qtr 2,May,9,27.73,High School,Studying,7,FALSE,4
Engineering,Assignment Completed,2.8,2025,Qtr 2,May,9,35.84,Undergraduate,Homework Help,16,TRUE,3
Engineering,Assignment Completed,3.5,2025,Qtr 2,May,10,10.53,High School,Studying,2,TRUE,3
Engineering,Assignment Completed,5,2025,Qtr 2,May,11,19.04,Undergraduate,Homework Help,5,FALSE,7
Engineering,Assignment Completed,3.5,2025,Qtr 2,May,11,25.4,Undergraduate,Studying,5,TRUE,3
Engineering,Assignment Completed,4.1,2025,Qtr 2,May,12,12.55,High School,Homework Help,2,TRUE,3
Engineering,Assignment Completed,4,2025,Qtr 2,May,12,10.68,Undergraduate,Coding,2,TRUE,4
Engineering,Assignment Completed,2.9,2025,Qtr 2,May,12,13.27,Undergraduate,Homework Help,3,FALSE,3
Engineering,Assignment Completed,2.2,2025,Qtr 2,May,12,27.02,Undergraduate,Writing,8,FALSE,2
Engineering,Assignment Completed,4.1,2025,Qtr 2,May,13,64.61,Undergraduate,Studying,14,TRUE,5
Engineering,Assignment Completed,2,2025,Qtr 2,May,13,35.99,Undergraduate,Writing,8,FALSE,3
Engineering,Assignment Completed,4.5,2025,Qtr 2,May,14,11.31,Undergraduate,Brainstorming,2,FALSE,4
Engineering,Assignment Completed,1.7,2025,Qtr 2,May,14,20.99,Undergraduate,Studying,4,TRUE,1
Engineering,Assignment Completed,4.9,2025,Qtr 2,May,16,22.32,Graduate,Studying,5,TRUE,4
Engineering,Assignment Completed,4.4,2025,Qtr 2,May,17,17.6,Undergraduate,Writing,4,TRUE,4
Engineering,Assignment Completed,4.7,2025,Qtr 2,May,18,51.78,Undergraduate,Coding,14,TRUE,4
Engineering,Assignment Completed,4,2025,Qtr 2,May,18,12.03,Undergraduate,Writing,2,TRUE,4
Engineering,Assignment Completed,2.7,2025,Qtr 2,May,19,14.66,Undergraduate,Coding,6,FALSE,4
Engineering,Assignment Completed,4.7,2025,Qtr 2,May,19,33.61,Undergraduate,Coding,14,TRUE,5
Engineering,Assignment Completed,4.6,2025,Qtr 2,May,20,18.67,Graduate,Writing,8,TRUE,4
Engineering,Assignment Completed,5,2025,Qtr 2,May,21,23.48,Undergraduate,Research,5,TRUE,4
Engineering,Assignment Completed,2,2025,Qtr 2,May,21,22.9,Undergraduate,Studying,6,FALSE,2
Engineering,Assignment Completed,5,2025,Qtr 2,May,21,11.97,Undergraduate,Writing,3,FALSE,5
Engineering,Assignment Completed,5,2025,Qtr 2,May,22,30.82,Graduate,Studying,8,TRUE,5
Engineering,Assignment Completed,4.5,2025,Qtr 2,May,22,29.85,Undergraduate,Coding,14,TRUE,3
Engineering,Assignment Completed,2.7,2025,Qtr 2,May,22,9.77,Undergraduate,Homework Help,2,FALSE,4
Engineering,Assignment Completed,1.6,2025,Qtr 2,May,22,16.13,Undergraduate,Writing,6,TRUE,2
Engineering,Assignment Completed,5,2025,Qtr 2,May,23,11.02,High School,Homework Help,2,TRUE,5
Engineering,Assignment Completed,3.9,2025,Qtr 2,May,23,1.2,Undergraduate,Studying,1,FALSE,4
Engineering,Assignment Completed,3.8,2025,Qtr 2,May,23,28.98,Undergraduate,Writing,7,TRUE,3
Engineering,Assignment Completed,3,2025,Qtr 2,May,24,11.61,Graduate,Coding,3,TRUE,4
Engineering,Assignment Completed,4.4,2025,Qtr 2,May,24,16.7,Graduate,Homework Help,4,TRUE,3
Engineering,Assignment Completed,2,2025,Qtr 2,May,26,23.49,High School,Writing,5,TRUE,2
Engineering,Assignment Completed,4.6,2025,Qtr 2,May,26,6.67,Undergraduate,Studying,2,TRUE,4
Engineering,Assignment Completed,2.8,2025,Qtr 2,May,26,13,Undergraduate,Writing,5,TRUE,3
Engineering,Assignment Completed,1,2025,Qtr 2,May,27,7.94,Undergraduate,Homework Help,3,FALSE,2
Engineering,Assignment Completed,3.3,2025,Qtr 2,May,27,11.43,Undergraduate,Writing,2,TRUE,3
Engineering,Assignment Completed,2.3,2025,Qtr 2,May,28,25.87,High School,Writing,5,FALSE,2
Engineering,Assignment Completed,1,2025,Qtr 2,May,29,17.22,Graduate,Homework Help,7,FALSE,1
Engineering,Assignment Completed,2,2025,Qtr 2,May,29,21.1,Graduate,Writing,7,TRUE,2
Engineering,Assignment Completed,2.8,2025,Qtr 2,May,29,13.16,Undergraduate,Coding,2,TRUE,4
Engineering,Assignment Completed,2.2,2025,Qtr 2,May,29,22.09,Undergraduate,Research,4,TRUE,3
Engineering,Assignment Completed,3.8,2025,Qtr 2,May,30,19.77,Graduate,Writing,7,TRUE,4
Engineering,Assignment Completed,4.2,2025,Qtr 2,May,30,6.98,High School,Studying,3,TRUE,4
Engineering,Assignment Completed,3,2025,Qtr 2,May,30,44.42,Undergraduate,Writing,20,TRUE,2
Engineering,Assignment Completed,4.4,2025,Qtr 2,May,31,36.73,High School,Homework Help,8,TRUE,4
Engineering,Assignment Completed,5,2025,Qtr 2,May,31,15.08,High School,Writing,6,TRUE,3
Engineering,Assignment Completed,2.8,2025,Qtr 2,June,2,25.41,Undergraduate,Coding,5,TRUE,4
Engineering,Assignment Completed,3.7,2025,Qtr 2,June,2,17.28,Undergraduate,Homework Help,7,TRUE,4
Engineering,Assignment Completed,2.9,2025,Qtr 2,June,2,24.2,Undergraduate,Writing,9,FALSE,4
Engineering,Assignment Completed,2.4,2025,Qtr 2,June,2,17.39,Undergraduate,Writing,7,TRUE,4
Engineering,Assignment Completed,2.1,2025,Qtr 2,June,3,14.34,High School,Writing,3,FALSE,4
Engineering,Assignment Completed,2,2025,Qtr 2,June,3,21.75,Undergraduate,Studying,6,TRUE,3
Engineering,Assignment Completed,1,2025,Qtr 2,June,3,18.46,Undergraduate,Writing,4,TRUE,2
Engineering,Assignment Completed,5,2025,Qtr 2,June,4,7.4,Undergraduate,Coding,2,TRUE,5
Engineering,Assignment Completed,3.3,2025,Qtr 2,June,4,15.7,Undergraduate,Homework Help,5,TRUE,5
Engineering,Assignment Completed,3,2025,Qtr 2,June,4,22.92,Undergraduate,Writing,5,TRUE,3
Engineering,Assignment Completed,3.7,2025,Qtr 2,June,5,23.38,High School,Writing,8,FALSE,3
Engineering,Assignment Completed,5,2025,Qtr 2,June,5,4.77,Undergraduate,Coding,1,FALSE,5
Engineering,Assignment Completed,4.2,2025,Qtr 2,June,6,13.01,High School,Writing,3,FALSE,4
Engineering,Assignment Completed,2.5,2025,Qtr 2,June,7,32.6,Graduate,Brainstorming,9,TRUE,3
Engineering,Assignment Completed,5,2025,Qtr 2,June,7,9.7,High School,Coding,2,TRUE,5
Engineering,Assignment Completed,2.1,2025,Qtr 2,June,8,16.48,Graduate,Writing,4,TRUE,4
Engineering,Assignment Completed,4.5,2025,Qtr 2,June,8,24.96,Undergraduate,Writing,10,TRUE,4
Engineering,Assignment Completed,5,2025,Qtr 2,June,9,29.67,High School,Homework Help,9,TRUE,4
Engineering,Assignment Completed,4.2,2025,Qtr 2,June,9,14.81,Undergraduate,Brainstorming,4,TRUE,4
Engineering,Assignment Completed,1,2025,Qtr 2,June,9,13.97,Undergraduate,Writing,3,TRUE,3
Engineering,Assignment Completed,5,2025,Qtr 2,June,10,2.99,Graduate,Coding,1,TRUE,5
Engineering,Assignment Completed,4,2025,Qtr 2,June,10,6.96,High School,Writing,1,TRUE,3
Engineering,Assignment Completed,2.8,2025,Qtr 2,June,10,16.38,Undergraduate,Studying,3,FALSE,2
Engineering,Assignment Completed,2.3,2025,Qtr 2,June,11,22.65,Undergraduate,Homework Help,6,TRUE,3
Engineering,Assignment Completed,4.4,2025,Qtr 2,June,11,18.93,Undergraduate,Writing,5,TRUE,4
Engineering,Assignment Completed,2.8,2025,Qtr 2,June,12,26.88,Graduate,Brainstorming,12,TRUE,3
Engineering,Assignment Completed,9,2025,Qtr 2,June,13,30.76,High School,Writing,6,TRUE,8
Engineering,Assignment Completed,5,2025,Qtr 2,June,13,21.18,Undergraduate,Homework Help,8,FALSE,4
Engineering,Assignment Completed,4.3,2025,Qtr 2,June,14,26.97,Graduate,Writing,7,TRUE,5
Engineering,Assignment Completed,5,2025,Qtr 2,June,14,8.57,Undergraduate,Homework Help,1,TRUE,4
Engineering,Assignment Completed,1.1,2025,Qtr 2,June,14,7.46,Undergraduate,Writing,1,TRUE,2
Engineering,Assignment Completed,4,2025,Qtr 2,June,15,12.9,Undergraduate,Homework Help,3,FALSE,3
Engineering,Assignment Completed,2,2025,Qtr 2,June,15,4.04,Undergraduate,Studying,1,FALSE,3
Engineering,Assignment Completed,2.7,2025,Qtr 2,June,16,16.23,Undergraduate,Studying,6,TRUE,3
Engineering,Assignment Completed,1.2,2025,Qtr 2,June,17,11.73,Undergraduate,Coding,4,TRUE,2
Engineering,Assignment Completed,1.8,2025,Qtr 2,June,17,22.81,Undergraduate,Homework Help,4,TRUE,2
Engineering,Assignment Completed,3.9,2025,Qtr 2,June,17,3.51,Undergraduate,Writing,1,FALSE,3
Engineering,Assignment Completed,4.6,2025,Qtr 2,June,18,9.26,Graduate,Coding,3,FALSE,3
Engineering,Assignment Completed,3.4,2025,Qtr 2,June,18,11.51,Undergraduate,Coding,3,FALSE,4
Engineering,Assignment Completed,3.5,2025,Qtr 2,June,18,25.16,Undergraduate,Homework Help,12,TRUE,3
Engineering,Assignment Completed,2,2025,Qtr 2,June,19,13.98,High School,Studying,6,TRUE,4
Engineering,Assignment Completed,1.4,2025,Qtr 2,June,19,31.56,Undergraduate,Coding,14,FALSE,2
Engineering,Assignment Completed,2.2,2025,Qtr 2,June,19,27.26,Undergraduate,Coding,6,TRUE,3
Engineering,Assignment Completed,3.6,2025,Qtr 2,June,19,4.71,Undergraduate,Writing,1,FALSE,4
Engineering,Assignment Completed,4.3,2025,Qtr 2,June,19,54.51,Undergraduate,Writing,12,TRUE,4
Engineering,Assignment Completed,3.3,2025,Qtr 2,June,20,2.3,Graduate,Brainstorming,1,TRUE,3
Engineering,Assignment Completed,2.7,2025,Qtr 2,June,20,7.12,Graduate,Coding,2,TRUE,2
Engineering,Assignment Completed,4.8,2025,Qtr 2,June,20,6.51,High School,Writing,1,TRUE,4
Engineering,Assignment Completed,7,2025,Qtr 2,June,20,18.98,Undergraduate,Coding,6,TRUE,9
Engineering,Assignment Completed,4.8,2025,Qtr 2,June,21,12.71,High School,Coding,2,TRUE,5
Engineering,Assignment Completed,5,2025,Qtr 2,June,21,12.74,High School,Research,3,TRUE,5
Engineering,Assignment Completed,5,2025,Qtr 2,June,21,11.52,Undergraduate,Studying,3,FALSE,5
Engineering,Assignment Completed,2.6,2025,Qtr 2,June,21,14.21,Undergraduate,Writing,2,FALSE,3
Engineering,Assignment Completed,2.2,2025,Qtr 2,June,22,19.81,Graduate,Studying,5,TRUE,3
Engineering,Assignment Completed,1.9,2025,Qtr 2,June,22,33.78,High School,Writing,7,TRUE,1
Engineering,Assignment Completed,1.9,2025,Qtr 2,June,22,10.59,Undergraduate,Coding,3,TRUE,3
Engineering,Assignment Completed,3.6,2025,Qtr 2,June,22,12.25,Undergraduate,Writing,5,FALSE,4
Engineering,Assignment Completed,3.5,2025,Qtr 2,June,23,15.97,Graduate,Writing,6,TRUE,3
Engineering,Assignment Completed,5,2025,Qtr 2,June,23,14.88,Undergraduate,Homework Help,6,TRUE,5
Engineering,Assignment Completed,1,2025,Qtr 2,June,24,11.25,Graduate,Homework Help,3,TRUE,1
Engineering,Assignment Completed,3.9,2025,Qtr 2,June,24,34.67,High School,Writing,14,TRUE,3
Engineering,Assignment Completed,2.6,2025,Qtr 2,June,24,4.06,Undergraduate,Homework Help,1,FALSE,2
Engineering,Assignment Completed,7.3,2025,Qtr 2,June,24,29.76,Undergraduate,Writing,9,TRUE,7
Engineering,Confused,3.5,2024,Qtr 2,June,28,48.57,Undergraduate,Coding,9,FALSE,3
Engineering,Confused,3.2,2024,Qtr 2,June,28,48.9,Undergraduate,Studying,20,FALSE,4
Engineering,Confused,4.1,2024,Qtr 2,June,30,7.99,High School,Homework Help,1,TRUE,3
Engineering,Confused,4.4,2024,Qtr 3,July,6,4.02,High School,Writing,1,FALSE,4
Engineering,Confused,4.5,2024,Qtr 3,July,7,57.11,Undergraduate,Homework Help,13,FALSE,4
Engineering,Confused,3.5,2024,Qtr 3,July,8,10.99,High School,Studying,3,TRUE,3
Engineering,Confused,4.6,2024,Qtr 3,July,8,9,High School,Writing,1,FALSE,4
Engineering,Confused,2,2024,Qtr 3,July,9,13.05,Undergraduate,Homework Help,4,TRUE,2
Engineering,Confused,1.5,2024,Qtr 3,July,10,21.34,High School,Coding,4,TRUE,2
Engineering,Confused,2.7,2024,Qtr 3,July,11,7.55,Undergraduate,Homework Help,1,FALSE,4
Engineering,Confused,4.7,2024,Qtr 3,July,14,48.05,Undergraduate,Homework Help,10,FALSE,4
Engineering,Confused,4.9,2024,Qtr 3,July,15,15.71,High School,Writing,4,FALSE,5
Engineering,Confused,5,2024,Qtr 3,July,16,2.37,Undergraduate,Homework Help,1,TRUE,4
Engineering,Confused,5,2024,Qtr 3,July,19,7.51,High School,Research,2,TRUE,5
Engineering,Confused,4.3,2024,Qtr 3,July,19,15.95,Undergraduate,Homework Help,4,FALSE,5
Engineering,Confused,2.8,2024,Qtr 3,July,21,15.64,Undergraduate,Brainstorming,3,TRUE,3
Engineering,Confused,3.6,2024,Qtr 3,July,21,17.44,Undergraduate,Research,3,FALSE,4
Engineering,Confused,2.7,2024,Qtr 3,July,22,4.33,Graduate,Research,1,FALSE,3
Engineering,Confused,5,2024,Qtr 3,July,24,36.64,Graduate,Homework Help,16,TRUE,4
Engineering,Confused,5,2024,Qtr 3,July,25,4.71,Undergraduate,Coding,1,TRUE,4
Engineering,Confused,4.4,2024,Qtr 3,July,27,14.02,High School,Studying,4,FALSE,4
Engineering,Confused,5,2024,Qtr 3,July,29,22.78,Undergraduate,Homework Help,4,FALSE,5
Engineering,Confused,2.8,2024,Qtr 3,July,29,23,Undergraduate,Studying,9,FALSE,1
Engineering,Confused,1.9,2024,Qtr 3,August,4,21.91,Undergraduate,Homework Help,6,FALSE,3
Engineering,Confused,2,2024,Qtr 3,August,4,10.93,Undergraduate,Research,3,FALSE,1
Engineering,Confused,3.1,2024,Qtr 3,August,5,6.73,Undergraduate,Research,1,FALSE,3
Engineering,Confused,4.7,2024,Qtr 3,August,7,18.72,High School,Brainstorming,8,FALSE,4
Engineering,Confused,3.9,2024,Qtr 3,August,7,2.13,Undergraduate,Research,1,FALSE,3
Engineering,Confused,2.4,2024,Qtr 3,August,9,20.81,Undergraduate,Homework Help,5,FALSE,3
Engineering,Confused,3.5,2024,Qtr 3,August,10,22.08,High School,Coding,4,FALSE,3
Engineering,Confused,3.2,2024,Qtr 3,August,14,14.26,Graduate,Coding,2,FALSE,4
Engineering,Confused,1.2,2024,Qtr 3,August,18,4.2,High School,Coding,1,TRUE,2
Engineering,Confused,5,2024,Qtr 3,August,20,3.46,Undergraduate,Brainstorming,1,FALSE,4
Engineering,Confused,3.7,2024,Qtr 3,August,20,12.11,Undergraduate,Studying,3,TRUE,3
Engineering,Confused,3.2,2024,Qtr 3,August,21,22.2,High School,Coding,5,FALSE,4
Engineering,Confused,2.2,2024,Qtr 3,August,22,33.24,Undergraduate,Homework Help,14,FALSE,3
Engineering,Confused,1,2024,Qtr 3,August,24,6.16,Undergraduate,Writing,1,TRUE,3
Engineering,Confused,3.4,2024,Qtr 3,August,28,2.8,High School,Homework Help,1,FALSE,3
Engineering,Confused,4.8,2024,Qtr 3,August,31,8.92,Undergraduate,Coding,2,FALSE,4
Engineering,Confused,4,2024,Qtr 3,September,2,25.2,Graduate,Studying,5,FALSE,5
Engineering,Confused,2.7,2024,Qtr 3,September,4,27.07,Undergraduate,Coding,5,FALSE,4
Engineering,Confused,3.8,2024,Qtr 3,September,7,14.42,Undergraduate,Coding,5,TRUE,3
Engineering,Confused,3.5,2024,Qtr 3,September,8,14.95,Undergraduate,Writing,3,FALSE,3
Engineering,Confused,2.3,2024,Qtr 3,September,10,50.16,Undergraduate,Homework Help,17,FALSE,3
Engineering,Confused,2.3,2024,Qtr 3,September,11,43.39,Undergraduate,Homework Help,10,TRUE,2
Engineering,Confused,2.8,2024,Qtr 3,September,12,7.56,High School,Writing,2,TRUE,4
Engineering,Confused,3.5,2024,Qtr 3,September,12,8.99,Undergraduate,Studying,1,FALSE,3
Engineering,Confused,2.8,2024,Qtr 3,September,14,27.11,Undergraduate,Homework Help,8,TRUE,3
Engineering,Confused,5,2024,Qtr 3,September,14,3.33,Undergraduate,Writing,1,FALSE,5
Engineering,Confused,3.1,2024,Qtr 3,September,15,30.59,Graduate,Writing,13,FALSE,4
Engineering,Confused,1.9,2024,Qtr 3,September,17,11,Undergraduate,Homework Help,4,FALSE,2
Engineering,Confused,2.5,2024,Qtr 3,September,20,18.5,High School,Coding,5,FALSE,3
Engineering,Confused,3.8,2024,Qtr 3,September,21,29.13,High School,Studying,8,TRUE,3
Engineering,Confused,1.1,2024,Qtr 3,September,21,13.88,Undergraduate,Coding,5,TRUE,2
Engineering,Confused,4,2024,Qtr 3,September,22,14.41,High School,Coding,5,TRUE,4
Engineering,Confused,3.7,2024,Qtr 3,September,24,3.64,Undergraduate,Writing,1,FALSE,4
Engineering,Confused,5,2024,Qtr 3,September,30,22.29,High School,Studying,6,FALSE,5
Engineering,Confused,3.7,2024,Qtr 3,September,30,5.74,Undergraduate,Coding,1,TRUE,4
Engineering,Confused,4.4,2024,Qtr 4,October,1,32.17,Undergraduate,Homework Help,6,TRUE,4
Engineering,Confused,4,2024,Qtr 4,October,2,55.06,High School,Writing,13,FALSE,5
Engineering,Confused,3.8,2024,Qtr 4,October,3,28.01,Undergraduate,Homework Help,6,TRUE,4
Engineering,Confused,3.8,2024,Qtr 4,October,4,12.33,Undergraduate,Writing,3,FALSE,5
Engineering,Confused,1,2024,Qtr 4,October,6,10.35,Graduate,Homework Help,2,TRUE,3
Engineering,Confused,2.2,2024,Qtr 4,October,7,6.75,High School,Studying,1,FALSE,3
Engineering,Confused,4.5,2024,Qtr 4,October,7,20.47,Undergraduate,Homework Help,9,FALSE,5
Engineering,Confused,3.8,2024,Qtr 4,October,14,24.06,Undergraduate,Research,11,FALSE,3
Engineering,Confused,2.9,2024,Qtr 4,October,19,21.17,Undergraduate,Research,9,FALSE,4
Engineering,Confused,3.8,2024,Qtr 4,October,23,53.49,High School,Homework Help,10,FALSE,2
Engineering,Confused,2.1,2024,Qtr 4,October,29,14.21,High School,Research,3,FALSE,3
Engineering,Confused,3.7,2024,Qtr 4,November,1,4.08,Undergraduate,Homework Help,1,FALSE,3
Engineering,Confused,3.3,2024,Qtr 4,November,1,46.43,Undergraduate,Writing,13,FALSE,3
Engineering,Confused,3.1,2024,Qtr 4,November,6,12.91,Undergraduate,Coding,4,FALSE,3
Engineering,Confused,5,2024,Qtr 4,November,7,33.31,Undergraduate,Studying,14,FALSE,5
Engineering,Confused,5,2024,Qtr 4,November,7,27.6,Undergraduate,Studying,12,TRUE,5
Engineering,Confused,2.7,2024,Qtr 4,November,9,10.67,Undergraduate,Writing,2,TRUE,3
Engineering,Confused,2.5,2024,Qtr 4,November,18,12.74,High School,Coding,3,FALSE,3
Engineering,Confused,3.1,2024,Qtr 4,November,18,15.67,Undergraduate,Homework Help,3,FALSE,3
Engineering,Confused,3.2,2024,Qtr 4,November,18,8.51,Undergraduate,Writing,2,TRUE,3
Engineering,Confused,3.8,2024,Qtr 4,November,19,19.61,Undergraduate,Coding,5,FALSE,4
Engineering,Confused,3.4,2024,Qtr 4,November,20,14.89,Undergraduate,Coding,5,TRUE,3
Engineering,Confused,3.3,2024,Qtr 4,November,21,16.28,Undergraduate,Coding,6,TRUE,3
Engineering,Confused,3.4,2024,Qtr 4,November,23,11.47,Undergraduate,Studying,2,FALSE,4
Engineering,Confused,1,2024,Qtr 4,November,26,38.58,Undergraduate,Writing,11,FALSE,2
Engineering,Confused,1,2024,Qtr 4,November,27,47.4,Undergraduate,Studying,11,FALSE,1
Engineering,Confused,5,2024,Qtr 4,November,28,35.92,Undergraduate,Studying,11,TRUE,4
Engineering,Confused,3.2,2024,Qtr 4,November,29,30.41,Graduate,Studying,9,FALSE,3
Engineering,Confused,5,2024,Qtr 4,November,29,32.99,Undergraduate,Writing,13,TRUE,5
Engineering,Confused,5,2024,Qtr 4,December,4,7.71,Undergraduate,Homework Help,1,FALSE,5
Engineering,Confused,4.1,2024,Qtr 4,December,6,58.66,Undergraduate,Homework Help,13,FALSE,4
Engineering,Confused,4.1,2024,Qtr 4,December,9,22.61,Undergraduate,Writing,4,TRUE,5
Engineering,Confused,3.9,2024,Qtr 4,December,13,17.28,Graduate,Writing,4,FALSE,3
Engineering,Confused,5,2024,Qtr 4,December,14,18.42,Undergraduate,Studying,5,FALSE,4
Engineering,Confused,3.2,2024,Qtr 4,December,15,5.46,High School,Homework Help,1,FALSE,3
Engineering,Confused,2.5,2024,Qtr 4,December,19,4.77,Undergraduate,Coding,1,TRUE,2
Engineering,Confused,1.7,2024,Qtr 4,December,22,25.64,High School,Studying,8,FALSE,2
Engineering,Confused,5,2024,Qtr 4,December,28,37.26,Graduate,Writing,10,FALSE,5
Engineering,Confused,4.8,2024,Qtr 4,December,29,19.59,Graduate,Studying,8,FALSE,4
Engineering,Confused,2.8,2025,Qtr 1,January,1,41.78,Undergraduate,Studying,18,FALSE,4
Engineering,Confused,4.1,2025,Qtr 1,January,3,6.97,Undergraduate,Studying,1,FALSE,3
Engineering,Confused,1.9,2025,Qtr 1,January,6,43.25,Undergraduate,Writing,17,FALSE,2
Engineering,Confused,2.9,2025,Qtr 1,January,11,6.22,Undergraduate,Homework Help,2,FALSE,4
Engineering,Confused,2.8,2025,Qtr 1,January,11,48.45,Undergraduate,Homework Help,15,TRUE,3
Engineering,Confused,5,2025,Qtr 1,January,13,19.35,Graduate,Writing,5,TRUE,4
Engineering,Confused,3.2,2025,Qtr 1,January,16,11.37,Undergraduate,Coding,4,FALSE,3
Engineering,Confused,2,2025,Qtr 1,January,16,9.8,Undergraduate,Coding,2,TRUE,2
Engineering,Confused,1,2025,Qtr 1,January,19,23.4,Undergraduate,Research,7,FALSE,1
Engineering,Confused,4.4,2025,Qtr 1,January,20,21.91,Undergraduate,Coding,4,FALSE,4
Engineering,Confused,2.9,2025,Qtr 1,January,21,4.24,Undergraduate,Homework Help,1,TRUE,3
Engineering,Confused,2.4,2025,Qtr 1,January,21,46.88,Undergraduate,Research,18,TRUE,3
Engineering,Confused,3.6,2025,Qtr 1,January,21,25.18,Undergraduate,Studying,10,TRUE,4
Engineering,Confused,4.5,2025,Qtr 1,January,22,3.49,Undergraduate,Studying,1,FALSE,5
Engineering,Confused,2.7,2025,Qtr 1,January,23,39.49,Undergraduate,Coding,14,TRUE,3
Engineering,Confused,2.3,2025,Qtr 1,January,23,9.54,Undergraduate,Studying,2,TRUE,3
Engineering,Confused,3.4,2025,Qtr 1,January,25,15.29,Undergraduate,Homework Help,4,TRUE,3
Engineering,Confused,4.1,2025,Qtr 1,January,25,15.42,Undergraduate,Studying,3,FALSE,4
Engineering,Confused,5,2025,Qtr 1,January,28,23.13,Undergraduate,Homework Help,9,TRUE,5
Engineering,Confused,4.6,2025,Qtr 1,January,29,12.65,High School,Studying,3,TRUE,4
Engineering,Confused,2,2025,Qtr 1,January,30,35.96,Undergraduate,Coding,16,FALSE,2
Engineering,Confused,5,2025,Qtr 1,February,1,32.5,Graduate,Brainstorming,13,TRUE,5
Engineering,Confused,3.2,2025,Qtr 1,February,1,28.37,Undergraduate,Homework Help,6,FALSE,3
Engineering,Confused,1.2,2025,Qtr 1,February,4,9.62,Graduate,Coding,2,FALSE,3
Engineering,Confused,3.7,2025,Qtr 1,February,4,10.7,Undergraduate,Coding,4,TRUE,4
Engineering,Confused,3.5,2025,Qtr 1,February,6,18.94,Undergraduate,Coding,4,TRUE,4
Engineering,Confused,5,2025,Qtr 1,February,6,41.58,Undergraduate,Homework Help,16,FALSE,5
Engineering,Confused,3.4,2025,Qtr 1,February,10,16.58,Undergraduate,Brainstorming,5,TRUE,5
Engineering,Confused,5,2025,Qtr 1,February,14,28.19,Undergraduate,Studying,8,FALSE,5
Engineering,Confused,3.1,2025,Qtr 1,February,15,32.43,Graduate,Brainstorming,11,TRUE,3
Engineering,Confused,2.2,2025,Qtr 1,February,18,13.89,High School,Homework Help,4,TRUE,3
Engineering,Confused,4,2025,Qtr 1,February,18,1.23,Undergraduate,Writing,1,FALSE,3
Engineering,Confused,4.7,2025,Qtr 1,February,19,7.67,Undergraduate,Coding,2,TRUE,4
Engineering,Confused,2.3,2025,Qtr 1,February,20,3.1,Undergraduate,Studying,1,TRUE,2
Engineering,Confused,2.5,2025,Qtr 1,February,26,5.03,Undergraduate,Studying,2,FALSE,3
Engineering,Confused,5,2025,Qtr 1,February,27,5.81,High School,Homework Help,1,TRUE,5
Engineering,Confused,2.6,2025,Qtr 1,February,27,23.66,High School,Writing,7,FALSE,2
Engineering,Confused,3.1,2025,Qtr 1,March,1,8.72,High School,Coding,2,FALSE,3
Engineering,Confused,3.2,2025,Qtr 1,March,1,31.15,High School,Studying,7,FALSE,3
Engineering,Confused,3.6,2025,Qtr 1,March,2,20.39,Graduate,Coding,6,FALSE,4
Engineering,Confused,3.6,2025,Qtr 1,March,3,18.13,Graduate,Coding,3,TRUE,4
Engineering,Confused,4.9,2025,Qtr 1,March,4,14.47,Graduate,Studying,4,FALSE,4
Engineering,Confused,4.8,2025,Qtr 1,March,5,41.67,High School,Writing,13,FALSE,4
Engineering,Confused,5,2025,Qtr 1,March,5,10.42,Undergraduate,Writing,4,FALSE,5
Engineering,Confused,3.8,2025,Qtr 1,March,6,39.88,Undergraduate,Homework Help,14,TRUE,4
Engineering,Confused,3.8,2025,Qtr 1,March,7,25.58,Undergraduate,Studying,7,TRUE,4
Engineering,Confused,1,2025,Qtr 1,March,9,16.17,Undergraduate,Writing,5,TRUE,1
Engineering,Confused,3.7,2025,Qtr 1,March,10,12.32,High School,Studying,4,TRUE,5
Engineering,Confused,3.6,2025,Qtr 1,March,10,37.36,Undergraduate,Homework Help,16,TRUE,4
Engineering,Confused,3.5,2025,Qtr 1,March,13,34.03,Undergraduate,Writing,9,TRUE,3
Engineering,Confused,4.3,2025,Qtr 1,March,14,11.38,Undergraduate,Homework Help,2,FALSE,5
Engineering,Confused,3.8,2025,Qtr 1,March,14,4.55,Undergraduate,Studying,1,FALSE,3
Engineering,Confused,4.1,2025,Qtr 1,March,15,7.58,Graduate,Studying,2,FALSE,4
Engineering,Confused,3.5,2025,Qtr 1,March,19,14.04,Undergraduate,Coding,2,TRUE,3
Engineering,Confused,3.2,2025,Qtr 1,March,20,25.84,High School,Coding,5,FALSE,3
Engineering,Confused,3,2025,Qtr 1,March,20,18.74,Undergraduate,Homework Help,3,TRUE,3
Engineering,Confused,5,2025,Qtr 1,March,20,8.31,Undergraduate,Studying,1,FALSE,5
Engineering,Confused,4.2,2025,Qtr 1,March,22,37.06,Undergraduate,Brainstorming,7,TRUE,4
Engineering,Confused,5,2025,Qtr 1,March,25,5.63,Undergraduate,Homework Help,1,TRUE,4
Engineering,Confused,4.7,2025,Qtr 1,March,26,18.62,High School,Coding,5,FALSE,4
Engineering,Confused,3.1,2025,Qtr 1,March,30,1.88,Undergraduate,Coding,1,TRUE,4
Engineering,Confused,3,2025,Qtr 1,March,30,10.67,Undergraduate,Studying,2,TRUE,3
Engineering,Confused,5,2025,Qtr 1,March,31,2.94,Undergraduate,Homework Help,1,FALSE,5
Engineering,Confused,3,2025,Qtr 2,April,1,24.22,Undergraduate,Research,6,FALSE,3
Engineering,Confused,2.8,2025,Qtr 2,April,1,6.71,Undergraduate,Writing,2,TRUE,3
Engineering,Confused,5,2025,Qtr 2,April,3,17.73,Undergraduate,Homework Help,6,FALSE,4
Engineering,Confused,1.2,2025,Qtr 2,April,5,16.13,Undergraduate,Homework Help,6,FALSE,1
Engineering,Confused,4.4,2025,Qtr 2,April,9,14.02,Graduate,Homework Help,3,FALSE,4
Engineering,Confused,3.7,2025,Qtr 2,April,12,10.18,Undergraduate,Writing,2,FALSE,4
Engineering,Confused,4.4,2025,Qtr 2,April,14,18.92,Undergraduate,Coding,5,TRUE,4
Engineering,Confused,3.6,2025,Qtr 2,April,14,8.31,Undergraduate,Homework Help,1,FALSE,4
Engineering,Confused,3.5,2025,Qtr 2,April,15,9.51,High School,Writing,4,TRUE,3
Engineering,Confused,4.9,2025,Qtr 2,April,16,24.48,Undergraduate,Writing,6,TRUE,5
Engineering,Confused,3.1,2025,Qtr 2,April,19,13.73,Undergraduate,Studying,5,FALSE,2
Engineering,Confused,3.7,2025,Qtr 2,April,21,39.29,High School,Studying,9,TRUE,4
Engineering,Confused,4,2025,Qtr 2,April,21,41.24,Undergraduate,Coding,9,FALSE,4
Engineering,Confused,2.6,2025,Qtr 2,April,22,9.65,High School,Brainstorming,2,FALSE,4
Engineering,Confused,5,2025,Qtr 2,April,22,21.74,Undergraduate,Studying,6,FALSE,5
Engineering,Confused,4.4,2025,Qtr 2,April,22,27.29,Undergraduate,Writing,6,TRUE,4
Engineering,Confused,5,2025,Qtr 2,April,24,37.84,Undergraduate,Research,11,FALSE,5
Engineering,Confused,5,2025,Qtr 2,April,25,9.6,Graduate,Research,3,FALSE,5
Engineering,Confused,3.9,2025,Qtr 2,April,25,8.11,Graduate,Writing,3,FALSE,4
Engineering,Confused,3.8,2025,Qtr 2,April,25,27.33,High School,Coding,7,TRUE,4
Engineering,Confused,2.2,2025,Qtr 2,April,28,14.92,Undergraduate,Homework Help,3,FALSE,2
Engineering,Confused,3.6,2025,Qtr 2,April,28,6.9,Undergraduate,Studying,1,FALSE,4
Engineering,Confused,3.9,2025,Qtr 2,April,29,21.75,Undergraduate,Studying,4,FALSE,4
Engineering,Confused,4.4,2025,Qtr 2,April,30,34.66,High School,Writing,10,TRUE,4
Engineering,Confused,2.1,2025,Qtr 2,May,6,5.32,Undergraduate,Homework Help,1,FALSE,2
Engineering,Confused,5,2025,Qtr 2,May,9,13.13,Graduate,Coding,3,FALSE,4
Engineering,Confused,4.7,2025,Qtr 2,May,14,24.36,Undergraduate,Writing,10,TRUE,5
Engineering,Confused,5,2025,Qtr 2,May,17,8.69,High School,Studying,2,TRUE,4
Engineering,Confused,2.2,2025,Qtr 2,May,17,20.71,Undergraduate,Coding,10,FALSE,4
Engineering,Confused,3,2025,Qtr 2,May,19,13.25,Graduate,Coding,3,TRUE,3
Engineering,Confused,2.5,2025,Qtr 2,May,20,61.22,Undergraduate,Homework Help,21,TRUE,3
Engineering,Confused,4.8,2025,Qtr 2,May,22,30.73,Undergraduate,Brainstorming,6,FALSE,4
Engineering,Confused,3.3,2025,Qtr 2,May,25,7.93,Undergraduate,Homework Help,2,FALSE,4
Engineering,Confused,4.7,2025,Qtr 2,May,25,1.79,Undergraduate,Writing,1,TRUE,4
Engineering,Confused,1.3,2025,Qtr 2,May,30,6.58,Undergraduate,Coding,1,FALSE,1
Engineering,Confused,4.7,2025,Qtr 2,May,30,19.08,Undergraduate,Studying,3,TRUE,5
Engineering,Confused,4.9,2025,Qtr 2,June,1,8,Graduate,Studying,2,FALSE,5
Engineering,Confused,3.9,2025,Qtr 2,June,2,48.53,Graduate,Coding,11,TRUE,4
Engineering,Confused,2.9,2025,Qtr 2,June,2,17.86,High School,Coding,6,FALSE,4
Engineering,Confused,4.1,2025,Qtr 2,June,2,24.46,Undergraduate,Homework Help,5,FALSE,5
Engineering,Confused,4.2,2025,Qtr 2,June,2,28.92,Undergraduate,Writing,10,TRUE,5
Engineering,Confused,2.2,2025,Qtr 2,June,4,20.41,Undergraduate,Writing,6,FALSE,3
Engineering,Confused,4,2025,Qtr 2,June,6,12.38,Undergraduate,Homework Help,3,TRUE,3
Engineering,Confused,2.3,2025,Qtr 2,June,6,34.93,Undergraduate,Writing,15,TRUE,3
Engineering,Confused,2,2025,Qtr 2,June,8,47.2,Undergraduate,Coding,18,TRUE,3
Engineering,Confused,1.3,2025,Qtr 2,June,8,6.68,Undergraduate,Studying,1,FALSE,2
Engineering,Confused,3.1,2025,Qtr 2,June,10,24.44,Undergraduate,Studying,5,FALSE,3
Engineering,Confused,3.4,2025,Qtr 2,June,15,19.79,High School,Homework Help,4,FALSE,3
Engineering,Confused,2,2025,Qtr 2,June,19,28.13,Graduate,Studying,6,FALSE,2
Engineering,Confused,4.5,2025,Qtr 2,June,21,17.37,Undergraduate,Studying,5,TRUE,4
Engineering,Confused,1.9,2025,Qtr 2,June,22,28.09,Graduate,Studying,10,TRUE,2
Engineering,Confused,2.9,2025,Qtr 2,June,22,11.19,High School,Homework Help,4,FALSE,3
Engineering,Confused,3.8,2025,Qtr 2,June,23,28.95,Graduate,Writing,7,TRUE,3
Engineering,Gave Up,4,2024,Qtr 2,June,26,7.61,Graduate,Homework Help,3,FALSE,3
Engineering,Gave Up,1.8,2024,Qtr 2,June,29,13.64,Undergraduate,Studying,3,FALSE,2
Engineering,Gave Up,4.3,2024,Qtr 2,June,30,26.7,Undergraduate,Homework Help,6,FALSE,5
Engineering,Gave Up,2,2024,Qtr 3,July,2,12.86,High School,Coding,5,TRUE,2
Engineering,Gave Up,4.1,2024,Qtr 3,July,4,17.66,Undergraduate,Studying,7,FALSE,4
Engineering,Gave Up,3.2,2024,Qtr 3,July,5,3.21,Undergraduate,Writing,1,FALSE,4
Engineering,Gave Up,2.1,2024,Qtr 3,July,5,9.62,Undergraduate,Writing,2,TRUE,3
Engineering,Gave Up,2.3,2024,Qtr 3,July,6,4.83,High School,Studying,2,TRUE,1
Engineering,Gave Up,2.3,2024,Qtr 3,July,7,6.28,Undergraduate,Studying,2,TRUE,3
Engineering,Gave Up,1.2,2024,Qtr 3,July,11,3.25,Graduate,Writing,1,FALSE,2
Engineering,Gave Up,1.4,2024,Qtr 3,July,13,13.61,High School,Coding,3,TRUE,3
Engineering,Gave Up,5,2024,Qtr 3,July,16,14.86,High School,Writing,3,FALSE,5
Engineering,Gave Up,2.7,2024,Qtr 3,July,22,19.37,Undergraduate,Studying,4,FALSE,2
Engineering,Gave Up,3.9,2024,Qtr 3,July,23,34.63,Graduate,Writing,9,FALSE,4
Engineering,Gave Up,1.1,2024,Qtr 3,July,24,11.38,Graduate,Coding,2,TRUE,3
Engineering,Gave Up,1.5,2024,Qtr 3,July,25,4.07,Undergraduate,Writing,1,TRUE,2
Engineering,Gave Up,5,2024,Qtr 3,July,31,5.24,Undergraduate,Homework Help,1,FALSE,4
Engineering,Gave Up,5,2024,Qtr 3,August,1,11.49,Graduate,Research,3,FALSE,5
Engineering,Gave Up,3.3,2024,Qtr 3,August,4,40.85,Undergraduate,Studying,10,FALSE,3
Engineering,Gave Up,2,2024,Qtr 3,August,8,14.24,Undergraduate,Writing,2,FALSE,2
Engineering,Gave Up,3.5,2024,Qtr 3,August,10,40.07,Undergraduate,Writing,8,TRUE,3
Engineering,Gave Up,3.1,2024,Qtr 3,August,11,12.6,Undergraduate,Coding,3,TRUE,2
Engineering,Gave Up,3.5,2024,Qtr 3,August,12,30.69,Undergraduate,Studying,6,FALSE,4
Engineering,Gave Up,4.4,2024,Qtr 3,August,16,17.36,Undergraduate,Coding,5,TRUE,4
Engineering,Gave Up,4,2024,Qtr 3,August,18,38.15,Undergraduate,Writing,12,FALSE,4
Engineering,Gave Up,3.1,2024,Qtr 3,August,21,4.98,Undergraduate,Studying,1,TRUE,2
Engineering,Gave Up,2.6,2024,Qtr 3,August,28,16.97,High School,Studying,3,FALSE,4
Engineering,Gave Up,1.4,2024,Qtr 3,August,29,7.36,High School,Research,2,TRUE,2
Engineering,Gave Up,4.1,2024,Qtr 3,September,2,31.72,Undergraduate,Homework Help,7,TRUE,3
Engineering,Gave Up,3.4,2024,Qtr 3,September,3,34.47,Undergraduate,Homework Help,17,TRUE,3
Engineering,Gave Up,2.3,2024,Qtr 3,September,12,20.25,Undergraduate,Brainstorming,6,FALSE,4
Engineering,Gave Up,4.5,2024,Qtr 3,September,12,9.38,Undergraduate,Studying,2,FALSE,4
Engineering,Gave Up,3.6,2024,Qtr 3,September,26,72.54,Undergraduate,Coding,19,TRUE,4
Engineering,Gave Up,4.9,2024,Qtr 3,September,28,36.49,High School,Homework Help,8,TRUE,3
Engineering,Gave Up,5,2024,Qtr 4,October,2,48.04,Undergraduate,Research,12,FALSE,5
Engineering,Gave Up,3.9,2024,Qtr 4,October,2,11.92,Undergraduate,Writing,2,TRUE,3
Engineering,Gave Up,2.8,2024,Qtr 4,October,4,1.91,Undergraduate,Coding,1,TRUE,3
Engineering,Gave Up,3.5,2024,Qtr 4,October,5,73.17,Undergraduate,Coding,23,TRUE,4
Engineering,Gave Up,1,2024,Qtr 4,October,6,25.69,Graduate,Research,6,TRUE,2
Engineering,Gave Up,2.3,2024,Qtr 4,October,6,43.7,High School,Homework Help,11,FALSE,2
Engineering,Gave Up,4.3,2024,Qtr 4,October,6,14.95,Undergraduate,Homework Help,3,FALSE,4
Engineering,Gave Up,3.9,2024,Qtr 4,October,31,25.96,Undergraduate,Homework Help,7,TRUE,4
Engineering,Gave Up,3.5,2024,Qtr 4,November,2,20.14,Undergraduate,Homework Help,4,FALSE,4
Engineering,Gave Up,3.5,2024,Qtr 4,November,4,43.81,Undergraduate,Studying,16,FALSE,4
Engineering,Gave Up,3.7,2024,Qtr 4,November,9,16.45,Graduate,Studying,5,FALSE,3
Engineering,Gave Up,5,2024,Qtr 4,November,10,8.39,High School,Studying,2,FALSE,5
Engineering,Gave Up,3.6,2024,Qtr 4,November,11,20.24,Undergraduate,Homework Help,6,FALSE,4
Engineering,Gave Up,4.6,2024,Qtr 4,November,13,43.81,Graduate,Homework Help,15,TRUE,5
Engineering,Gave Up,1,2024,Qtr 4,November,13,5.98,Undergraduate,Homework Help,1,TRUE,2
Engineering,Gave Up,2.2,2024,Qtr 4,November,13,17.92,Undergraduate,Writing,4,TRUE,3
Engineering,Gave Up,2.6,2024,Qtr 4,November,14,20.38,Graduate,Studying,4,TRUE,3
Engineering,Gave Up,5,2024,Qtr 4,November,20,9.78,Graduate,Writing,2,FALSE,4
Engineering,Gave Up,3.1,2024,Qtr 4,November,23,38.47,Graduate,Research,12,FALSE,3
Engineering,Gave Up,4.8,2024,Qtr 4,November,27,22.76,High School,Homework Help,10,FALSE,5
Engineering,Gave Up,4.5,2024,Qtr 4,November,28,23.86,Graduate,Studying,5,TRUE,4
Engineering,Gave Up,4.2,2024,Qtr 4,December,8,17.78,High School,Coding,6,TRUE,4
Engineering,Gave Up,2.1,2024,Qtr 4,December,17,45.67,Undergraduate,Writing,13,FALSE,3
Engineering,Gave Up,2,2024,Qtr 4,December,20,17.56,Undergraduate,Research,4,FALSE,3
Engineering,Gave Up,5,2024,Qtr 4,December,20,20.18,Undergraduate,Studying,5,TRUE,4
Engineering,Gave Up,2,2024,Qtr 4,December,23,23.21,High School,Writing,5,TRUE,3
Engineering,Gave Up,1.6,2024,Qtr 4,December,28,17.22,High School,Homework Help,3,TRUE,2
Engineering,Gave Up,1.6,2024,Qtr 4,December,28,36.93,High School,Studying,11,FALSE,2
Engineering,Gave Up,4.2,2024,Qtr 4,December,31,16.4,Undergraduate,Writing,4,FALSE,3
Engineering,Gave Up,4,2025,Qtr 1,January,5,36.41,Undergraduate,Brainstorming,9,FALSE,4
Engineering,Gave Up,3.3,2025,Qtr 1,January,6,15.68,Graduate,Writing,6,TRUE,4
Engineering,Gave Up,2.7,2025,Qtr 1,January,17,28.75,Undergraduate,Homework Help,7,FALSE,3
Engineering,Gave Up,3.7,2025,Qtr 1,January,20,23.13,High School,Studying,4,FALSE,4
Engineering,Gave Up,2.3,2025,Qtr 1,January,24,66.34,Graduate,Homework Help,14,TRUE,3
Engineering,Gave Up,5,2025,Qtr 1,January,24,35.74,Undergraduate,Homework Help,9,TRUE,5
Engineering,Gave Up,1.3,2025,Qtr 1,January,26,20.29,High School,Brainstorming,4,FALSE,2
Engineering,Gave Up,3.4,2025,Qtr 1,January,26,18.14,Undergraduate,Homework Help,4,FALSE,4
Engineering,Gave Up,3.2,2025,Qtr 1,January,27,7.01,High School,Studying,3,FALSE,3
Engineering,Gave Up,3.1,2025,Qtr 1,January,30,14.78,Undergraduate,Writing,3,TRUE,4
Engineering,Gave Up,1.8,2025,Qtr 1,February,1,19.49,Graduate,Studying,8,TRUE,2
Engineering,Gave Up,1.7,2025,Qtr 1,February,4,30.14,Undergraduate,Writing,6,TRUE,2
Engineering,Gave Up,2.9,2025,Qtr 1,February,10,5.12,High School,Homework Help,2,FALSE,2
Engineering,Gave Up,4.1,2025,Qtr 1,February,10,36.64,High School,Studying,9,FALSE,4
Engineering,Gave Up,2.7,2025,Qtr 1,February,12,35.67,Undergraduate,Homework Help,12,TRUE,3
Engineering,Gave Up,3,2025,Qtr 1,February,13,20.73,Undergraduate,Homework Help,9,FALSE,4
Engineering,Gave Up,2.7,2025,Qtr 1,February,15,16.82,Undergraduate,Brainstorming,4,FALSE,3
Engineering,Gave Up,2.7,2025,Qtr 1,February,16,7.98,Undergraduate,Studying,1,TRUE,4
Engineering,Gave Up,5,2025,Qtr 1,February,22,8.08,Graduate,Studying,2,TRUE,5
Engineering,Gave Up,2.8,2025,Qtr 1,February,26,27.26,Undergraduate,Homework Help,7,TRUE,3
Engineering,Gave Up,3.4,2025,Qtr 1,March,6,15.74,Graduate,Coding,5,FALSE,4
Engineering,Gave Up,5,2025,Qtr 1,March,10,36.33,Graduate,Studying,8,FALSE,4
Engineering,Gave Up,4.8,2025,Qtr 1,March,13,10.6,Graduate,Research,4,FALSE,4
Engineering,Gave Up,2.8,2025,Qtr 1,March,18,22.61,Graduate,Coding,5,TRUE,2
Engineering,Gave Up,3.9,2025,Qtr 1,March,20,40.61,Graduate,Writing,11,TRUE,4
Engineering,Gave Up,3.6,2025,Qtr 1,March,23,11.3,Undergraduate,Writing,2,FALSE,3
Engineering,Gave Up,3.6,2025,Qtr 1,March,26,36.04,High School,Homework Help,13,FALSE,3
Engineering,Gave Up,3.7,2025,Qtr 2,April,3,20.56,Undergraduate,Homework Help,8,TRUE,4
Engineering,Gave Up,3.9,2025,Qtr 2,April,5,35.91,Graduate,Writing,10,FALSE,4
Engineering,Gave Up,3.3,2025,Qtr 2,April,6,35.53,Graduate,Coding,9,FALSE,4
Engineering,Gave Up,3.7,2025,Qtr 2,April,7,6.66,Graduate,Writing,1,FALSE,4
Engineering,Gave Up,2.7,2025,Qtr 2,April,18,8.55,Undergraduate,Writing,2,FALSE,2
Engineering,Gave Up,2,2025,Qtr 2,April,22,8.61,High School,Research,1,TRUE,3
Engineering,Gave Up,2.6,2025,Qtr 2,April,24,13.73,Graduate,Writing,3,FALSE,3
Engineering,Gave Up,3,2025,Qtr 2,April,24,31.87,Undergraduate,Coding,11,FALSE,4
Engineering,Gave Up,2.2,2025,Qtr 2,April,27,42.68,Undergraduate,Brainstorming,13,TRUE,2
Engineering,Gave Up,2.3,2025,Qtr 2,April,30,22.48,Undergraduate,Coding,9,TRUE,3
Engineering,Gave Up,1.3,2025,Qtr 2,May,5,7.23,Graduate,Coding,1,TRUE,3
Engineering,Gave Up,3.9,2025,Qtr 2,May,8,30.16,Undergraduate,Studying,8,FALSE,3
Engineering,Gave Up,3.7,2025,Qtr 2,May,9,53.42,High School,Studying,11,TRUE,3
Engineering,Gave Up,3.7,2025,Qtr 2,May,10,18.8,Graduate,Homework Help,4,FALSE,4
Engineering,Gave Up,4.5,2025,Qtr 2,May,12,30.5,Undergraduate,Homework Help,14,TRUE,4
Engineering,Gave Up,2.5,2025,Qtr 2,May,15,30.43,Undergraduate,Studying,7,FALSE,3
Engineering,Gave Up,2.8,2025,Qtr 2,May,18,31.07,High School,Writing,9,TRUE,4
Engineering,Gave Up,2.7,2025,Qtr 2,May,21,6.02,High School,Coding,1,TRUE,3
Engineering,Gave Up,3.8,2025,Qtr 2,May,22,10.76,Undergraduate,Research,2,TRUE,4
Engineering,Gave Up,1.7,2025,Qtr 2,May,28,6.52,Graduate,Homework Help,1,FALSE,3
Engineering,Gave Up,2.4,2025,Qtr 2,May,29,22.93,Undergraduate,Coding,4,FALSE,4
Engineering,Gave Up,2.2,2025,Qtr 2,June,2,6.91,Undergraduate,Homework Help,3,FALSE,2
Engineering,Gave Up,5,2025,Qtr 2,June,2,9.01,Undergraduate,Studying,4,FALSE,4
Engineering,Gave Up,2.4,2025,Qtr 2,June,4,31.15,Undergraduate,Homework Help,7,TRUE,3
Engineering,Gave Up,3.9,2025,Qtr 2,June,5,39.95,Undergraduate,Homework Help,9,FALSE,4
Engineering,Gave Up,5,2025,Qtr 2,June,7,34.32,Undergraduate,Studying,11,FALSE,4
Engineering,Gave Up,3.3,2025,Qtr 2,June,10,2.24,Undergraduate,Studying,1,FALSE,3
Engineering,Gave Up,2.7,2025,Qtr 2,June,12,18.82,Undergraduate,Research,9,FALSE,2
Engineering,Gave Up,1,2025,Qtr 2,June,16,11.44,Undergraduate,Studying,2,FALSE,2
Engineering,Gave Up,5.2,2025,Qtr 2,June,17,35.32,Undergraduate,Studying,8,FALSE,4
Engineering,Gave Up,2.8,2025,Qtr 2,June,20,8,Graduate,Coding,1,TRUE,3
Engineering,Gave Up,2.6,2025,Qtr 2,June,20,22.59,Undergraduate,Coding,8,FALSE,4
Engineering,Idea Drafted,3.8,2024,Qtr 2,June,24,15.67,High School,Writing,3,TRUE,4
Engineering,Idea Drafted,3.9,2024,Qtr 2,June,25,14.78,High School,Research,3,TRUE,3
Engineering,Idea Drafted,3.7,2024,Qtr 2,June,25,15.39,High School,Writing,3,TRUE,4
Engineering,Idea Drafted,2.7,2024,Qtr 2,June,26,30.68,High School,Brainstorming,10,TRUE,3
Engineering,Idea Drafted,1.7,2024,Qtr 2,June,27,31.04,Graduate,Studying,6,TRUE,1
Engineering,Idea Drafted,7,2024,Qtr 2,June,28,24.9,Undergraduate,Writing,5,TRUE,6
Engineering,Idea Drafted,2.9,2024,Qtr 2,June,29,9.09,Graduate,Writing,4,TRUE,3
Engineering,Idea Drafted,4.7,2024,Qtr 2,June,29,24.72,Undergraduate,Studying,8,TRUE,4
Engineering,Idea Drafted,1,2024,Qtr 2,June,30,21.98,High School,Writing,4,TRUE,1
Engineering,Idea Drafted,4.4,2024,Qtr 3,July,1,5.49,Graduate,Coding,1,TRUE,5
Engineering,Idea Drafted,2.7,2024,Qtr 3,July,1,5.33,High School,Homework Help,1,TRUE,3
Engineering,Idea Drafted,1.4,2024,Qtr 3,July,1,27.22,Undergraduate,Brainstorming,6,TRUE,2
Engineering,Idea Drafted,3.1,2024,Qtr 3,July,1,9.26,Undergraduate,Writing,2,TRUE,2
Engineering,Idea Drafted,4.1,2024,Qtr 3,July,2,36.61,Graduate,Brainstorming,9,TRUE,3
Engineering,Idea Drafted,2.4,2024,Qtr 3,July,2,11.01,Graduate,Homework Help,3,TRUE,2
Engineering,Idea Drafted,4.1,2024,Qtr 3,July,2,19.5,High School,Writing,5,TRUE,5
Engineering,Idea Drafted,4.4,2024,Qtr 3,July,2,11.61,Undergraduate,Writing,2,TRUE,3
Engineering,Idea Drafted,1,2024,Qtr 3,July,3,22.45,Graduate,Coding,7,TRUE,2
Engineering,Idea Drafted,3.4,2024,Qtr 3,July,5,11.02,Undergraduate,Coding,2,TRUE,3
Engineering,Idea Drafted,1.8,2024,Qtr 3,July,5,23.3,Undergraduate,Studying,10,TRUE,3
Engineering,Idea Drafted,4.8,2024,Qtr 3,July,5,16.42,Undergraduate,Writing,3,TRUE,5
Engineering,Idea Drafted,3.2,2024,Qtr 3,July,6,22.03,Undergraduate,Coding,10,TRUE,3
Engineering,Idea Drafted,4.2,2024,Qtr 3,July,8,58.58,High School,Studying,20,FALSE,5
Engineering,Idea Drafted,3.2,2024,Qtr 3,July,11,4.69,Undergraduate,Homework Help,1,TRUE,3
Engineering,Idea Drafted,4.8,2024,Qtr 3,July,11,17.9,Undergraduate,Studying,3,TRUE,3
Engineering,Idea Drafted,1.6,2024,Qtr 3,July,12,34.36,Undergraduate,Homework Help,7,TRUE,2
Engineering,Idea Drafted,1.3,2024,Qtr 3,July,12,9.73,Undergraduate,Writing,1,TRUE,2
Engineering,Idea Drafted,2.3,2024,Qtr 3,July,14,9.12,High School,Studying,2,TRUE,4
Engineering,Idea Drafted,2.9,2024,Qtr 3,July,14,3.44,Undergraduate,Brainstorming,1,TRUE,4
Engineering,Idea Drafted,3.3,2024,Qtr 3,July,14,33.13,Undergraduate,Studying,12,TRUE,3
Engineering,Idea Drafted,3.3,2024,Qtr 3,July,15,20.47,Undergraduate,Studying,4,TRUE,3
Engineering,Idea Drafted,4,2024,Qtr 3,July,16,27.62,High School,Studying,6,TRUE,5
Engineering,Idea Drafted,3.4,2024,Qtr 3,July,18,27.41,Graduate,Coding,7,TRUE,4
Engineering,Idea Drafted,3,2024,Qtr 3,July,19,30.19,Graduate,Writing,8,TRUE,4
Engineering,Idea Drafted,3.7,2024,Qtr 3,July,20,5.53,Graduate,Homework Help,1,TRUE,4
Engineering,Idea Drafted,9.3,2024,Qtr 3,July,21,21.52,Undergraduate,Writing,8,TRUE,10
Engineering,Idea Drafted,5,2024,Qtr 3,July,22,22.93,Graduate,Writing,4,FALSE,5
Engineering,Idea Drafted,3.2,2024,Qtr 3,July,22,6.39,Undergraduate,Coding,3,TRUE,3
Engineering,Idea Drafted,1,2024,Qtr 3,July,23,15.8,Graduate,Writing,3,TRUE,3
Engineering,Idea Drafted,3.4,2024,Qtr 3,July,25,14.81,Graduate,Writing,7,FALSE,4
Engineering,Idea Drafted,3.2,2024,Qtr 3,July,26,11.68,Undergraduate,Writing,4,TRUE,3
Engineering,Idea Drafted,3.3,2024,Qtr 3,July,27,34.14,Graduate,Studying,9,TRUE,4
Engineering,Idea Drafted,4.5,2024,Qtr 3,July,28,10.81,High School,Coding,4,TRUE,5
Engineering,Idea Drafted,3.1,2024,Qtr 3,July,28,13.31,High School,Research,4,FALSE,3
Engineering,Idea Drafted,3.6,2024,Qtr 3,July,29,17.17,High School,Homework Help,5,TRUE,4
Engineering,Idea Drafted,3.7,2024,Qtr 3,July,29,1.63,Undergraduate,Coding,1,TRUE,4
Engineering,Idea Drafted,2.5,2024,Qtr 3,July,31,26.8,Undergraduate,Writing,8,TRUE,3
Engineering,Idea Drafted,3.8,2024,Qtr 3,August,1,36.95,Undergraduate,Studying,12,FALSE,4
Engineering,Idea Drafted,1.8,2024,Qtr 3,August,3,32.14,High School,Research,12,TRUE,2
Engineering,Idea Drafted,3.4,2024,Qtr 3,August,5,16.58,Undergraduate,Studying,3,TRUE,3
Engineering,Idea Drafted,2.3,2024,Qtr 3,August,6,56.55,Undergraduate,Homework Help,13,TRUE,3
Engineering,Idea Drafted,2.9,2024,Qtr 3,August,6,24.89,Undergraduate,Studying,5,TRUE,3
Engineering,Idea Drafted,1.6,2024,Qtr 3,August,7,11.21,Undergraduate,Studying,3,TRUE,3
Engineering,Idea Drafted,2.8,2024,Qtr 3,August,8,38.66,Graduate,Writing,13,TRUE,4
Engineering,Idea Drafted,3.8,2024,Qtr 3,August,9,80.81,Graduate,Writing,18,TRUE,4
Engineering,Idea Drafted,1.6,2024,Qtr 3,August,9,9.98,High School,Studying,2,TRUE,2
Engineering,Idea Drafted,5,2024,Qtr 3,August,11,32.62,Undergraduate,Studying,6,FALSE,5
Engineering,Idea Drafted,2.7,2024,Qtr 3,August,11,42.79,Undergraduate,Writing,13,TRUE,3
Engineering,Idea Drafted,7,2024,Qtr 3,August,15,28.23,Undergraduate,Studying,5,FALSE,6
Engineering,Idea Drafted,4.2,2024,Qtr 3,August,15,20.15,Undergraduate,Studying,7,TRUE,4
Engineering,Idea Drafted,3.2,2024,Qtr 3,August,15,11.36,Undergraduate,Writing,2,TRUE,3
Engineering,Idea Drafted,2.1,2024,Qtr 3,August,16,11.31,Undergraduate,Brainstorming,2,FALSE,3
Engineering,Idea Drafted,3.9,2024,Qtr 3,August,20,48.43,Graduate,Coding,13,TRUE,4
Engineering,Idea Drafted,5,2024,Qtr 3,August,24,40.07,Graduate,Writing,9,TRUE,4
Engineering,Idea Drafted,4.1,2024,Qtr 3,August,28,19.29,Graduate,Homework Help,8,TRUE,4
Engineering,Idea Drafted,2.6,2024,Qtr 3,August,29,6.54,Undergraduate,Coding,2,TRUE,4
Engineering,Idea Drafted,1.9,2024,Qtr 3,August,31,23.79,Graduate,Writing,6,TRUE,3
Engineering,Idea Drafted,5,2024,Qtr 3,August,31,10.63,High School,Writing,3,TRUE,5
Engineering,Idea Drafted,5,2024,Qtr 3,August,31,31.73,Undergraduate,Coding,9,FALSE,5
Engineering,Idea Drafted,3.3,2024,Qtr 3,August,31,2.5,Undergraduate,Writing,1,TRUE,4
Engineering,Idea Drafted,3,2024,Qtr 3,September,1,17.61,Undergraduate,Homework Help,8,TRUE,3
Engineering,Idea Drafted,4,2024,Qtr 3,September,2,17.6,Undergraduate,Studying,6,TRUE,4
Engineering,Idea Drafted,4.2,2024,Qtr 3,September,3,63.06,Graduate,Homework Help,27,TRUE,4
Engineering,Idea Drafted,3.2,2024,Qtr 3,September,3,54.95,Undergraduate,Writing,11,TRUE,3
Engineering,Idea Drafted,1.6,2024,Qtr 3,September,4,27.57,Undergraduate,Studying,10,TRUE,2
Engineering,Idea Drafted,3.9,2024,Qtr 3,September,7,12.84,Undergraduate,Homework Help,3,TRUE,4
Engineering,Idea Drafted,2.7,2024,Qtr 3,September,8,0.53,Undergraduate,Coding,1,FALSE,3
Engineering,Idea Drafted,5,2024,Qtr 3,September,10,23.74,High School,Studying,9,TRUE,5
Engineering,Idea Drafted,1,2024,Qtr 3,September,10,8.1,Undergraduate,Studying,1,TRUE,2
Engineering,Idea Drafted,5,2024,Qtr 3,September,10,17.4,Undergraduate,Writing,5,FALSE,5
Engineering,Idea Drafted,4.1,2024,Qtr 3,September,11,12.34,Undergraduate,Writing,4,TRUE,4
Engineering,Idea Drafted,4.5,2024,Qtr 3,September,12,43.48,Undergraduate,Coding,13,TRUE,4
Engineering,Idea Drafted,4.2,2024,Qtr 3,September,14,20.4,Undergraduate,Writing,5,TRUE,4
Engineering,Idea Drafted,3.9,2024,Qtr 3,September,15,28.92,High School,Homework Help,9,TRUE,4
Engineering,Idea Drafted,1.3,2024,Qtr 3,September,15,6.41,Undergraduate,Research,1,FALSE,2
Engineering,Idea Drafted,12.5,2024,Qtr 3,September,15,27.64,Undergraduate,Writing,5,TRUE,13
Engineering,Idea Drafted,4.1,2024,Qtr 3,September,16,27.75,Undergraduate,Writing,11,TRUE,3
Engineering,Idea Drafted,3.1,2024,Qtr 3,September,18,6.04,Undergraduate,Coding,2,FALSE,3
Engineering,Idea Drafted,4.8,2024,Qtr 3,September,18,31.27,Undergraduate,Writing,8,FALSE,4
Engineering,Idea Drafted,2.9,2024,Qtr 3,September,20,9.24,Undergraduate,Writing,2,FALSE,3
Engineering,Idea Drafted,1.8,2024,Qtr 3,September,20,43.2,Undergraduate,Writing,9,TRUE,3
Engineering,Idea Drafted,2.4,2024,Qtr 3,September,21,6.92,High School,Coding,2,TRUE,3
Engineering,Idea Drafted,4.6,2024,Qtr 3,September,24,17.1,High School,Coding,4,TRUE,4
Engineering,Idea Drafted,2.4,2024,Qtr 3,September,25,36.5,Graduate,Brainstorming,9,TRUE,3
Engineering,Idea Drafted,2,2024,Qtr 3,September,25,50.15,Undergraduate,Studying,12,TRUE,2
Engineering,Idea Drafted,3.2,2024,Qtr 3,September,27,0.43,Undergraduate,Writing,1,TRUE,3
Engineering,Idea Drafted,9.3,2024,Qtr 3,September,28,43.86,Graduate,Writing,8,TRUE,9
Engineering,Idea Drafted,2.2,2024,Qtr 3,September,28,26.63,Undergraduate,Homework Help,5,TRUE,2
Engineering,Idea Drafted,2.4,2024,Qtr 3,September,29,8.47,Graduate,Homework Help,1,FALSE,4
Engineering,Idea Drafted,4.9,2024,Qtr 3,September,29,29.54,High School,Brainstorming,5,TRUE,5
Engineering,Idea Drafted,1.8,2024,Qtr 3,September,30,6.07,Undergraduate,Writing,1,TRUE,2
Engineering,Idea Drafted,3.6,2024,Qtr 4,October,1,9.99,Undergraduate,Coding,2,TRUE,4
Engineering,Idea Drafted,3.6,2024,Qtr 4,October,2,18.5,High School,Research,3,TRUE,2
Engineering,Idea Drafted,2.6,2024,Qtr 4,October,2,9.88,Undergraduate,Homework Help,2,FALSE,4
Engineering,Idea Drafted,2.2,2024,Qtr 4,October,2,21.39,Undergraduate,Studying,5,TRUE,2
Engineering,Idea Drafted,5.8,2024,Qtr 4,October,3,26.96,Undergraduate,Writing,7,TRUE,7
Engineering,Idea Drafted,4.5,2024,Qtr 4,October,4,14.87,High School,Homework Help,4,FALSE,5
Engineering,Idea Drafted,4.5,2024,Qtr 4,October,4,23.66,Undergraduate,Writing,5,FALSE,4
Engineering,Idea Drafted,4.4,2024,Qtr 4,October,6,7.27,Undergraduate,Studying,3,TRUE,5
Engineering,Idea Drafted,4.1,2024,Qtr 4,October,6,21.35,Undergraduate,Writing,10,FALSE,5
Engineering,Idea Drafted,1,2024,Qtr 4,October,7,45.89,High School,Homework Help,10,TRUE,2
Engineering,Idea Drafted,3.7,2024,Qtr 4,October,7,30.77,High School,Research,7,FALSE,3
Engineering,Idea Drafted,5,2024,Qtr 4,October,9,50.95,Undergraduate,Studying,13,TRUE,5
Engineering,Idea Drafted,3.8,2024,Qtr 4,October,10,11.03,Undergraduate,Coding,2,TRUE,3
Engineering,Idea Drafted,3,2024,Qtr 4,October,13,64.94,Graduate,Writing,26,TRUE,4
Engineering,Idea Drafted,1.9,2024,Qtr 4,October,13,26.06,Undergraduate,Brainstorming,6,TRUE,2
Engineering,Idea Drafted,4.2,2024,Qtr 4,October,14,22.42,Undergraduate,Writing,10,TRUE,4
Engineering,Idea Drafted,4.1,2024,Qtr 4,October,16,7.83,High School,Research,2,FALSE,5
Engineering,Idea Drafted,4.3,2024,Qtr 4,October,18,4.37,Undergraduate,Homework Help,1,TRUE,5
Engineering,Idea Drafted,3.5,2024,Qtr 4,October,20,27.76,Graduate,Coding,7,TRUE,4
Engineering,Idea Drafted,4.3,2024,Qtr 4,October,21,11.28,High School,Studying,3,TRUE,4
Engineering,Idea Drafted,5,2024,Qtr 4,October,21,48.75,Undergraduate,Brainstorming,13,TRUE,4
Engineering,Idea Drafted,3.3,2024,Qtr 4,October,22,21.46,Graduate,Coding,4,TRUE,4
Engineering,Idea Drafted,3.4,2024,Qtr 4,October,24,22.1,Graduate,Writing,6,TRUE,3
Engineering,Idea Drafted,4.6,2024,Qtr 4,October,24,27.29,Undergraduate,Coding,13,TRUE,4
Engineering,Idea Drafted,5,2024,Qtr 4,October,24,10.4,Undergraduate,Studying,3,TRUE,4
Engineering,Idea Drafted,3.9,2024,Qtr 4,October,27,3.14,Graduate,Coding,1,TRUE,4
Engineering,Idea Drafted,4.1,2024,Qtr 4,October,28,34.87,High School,Studying,10,TRUE,5
Engineering,Idea Drafted,3.1,2024,Qtr 4,October,29,20.24,High School,Writing,6,TRUE,3
Engineering,Idea Drafted,2.9,2024,Qtr 4,October,29,39.34,Undergraduate,Writing,11,FALSE,3
Engineering,Idea Drafted,2.3,2024,Qtr 4,October,31,40.58,Undergraduate,Studying,10,FALSE,3
Engineering,Idea Drafted,4.2,2024,Qtr 4,November,1,28.25,Undergraduate,Homework Help,7,FALSE,4
Engineering,Idea Drafted,4,2024,Qtr 4,November,1,21.64,Undergraduate,Writing,4,TRUE,3
Engineering,Idea Drafted,3.5,2024,Qtr 4,November,3,2.53,Undergraduate,Research,1,TRUE,3
Engineering,Idea Drafted,1.2,2024,Qtr 4,November,6,9.43,High School,Writing,2,TRUE,2
Engineering,Idea Drafted,3.5,2024,Qtr 4,November,6,27.07,Undergraduate,Studying,8,FALSE,3
Engineering,Idea Drafted,4.6,2024,Qtr 4,November,7,6.11,High School,Homework Help,2,TRUE,5
Engineering,Idea Drafted,4.6,2024,Qtr 4,November,9,20.67,Graduate,Homework Help,5,TRUE,4
Engineering,Idea Drafted,2.5,2024,Qtr 4,November,9,11.61,High School,Studying,4,TRUE,4
Engineering,Idea Drafted,2.5,2024,Qtr 4,November,10,6.13,Undergraduate,Writing,1,TRUE,4
Engineering,Idea Drafted,2.8,2024,Qtr 4,November,11,16.42,Graduate,Coding,4,TRUE,3
Engineering,Idea Drafted,2.7,2024,Qtr 4,November,11,36.62,High School,Studying,8,FALSE,3
Engineering,Idea Drafted,4.2,2024,Qtr 4,November,12,13.81,Undergraduate,Studying,4,FALSE,3
Engineering,Idea Drafted,4.7,2024,Qtr 4,November,14,29.04,Undergraduate,Writing,6,FALSE,4
Engineering,Idea Drafted,2.4,2024,Qtr 4,November,16,4.96,High School,Coding,1,TRUE,3
Engineering,Idea Drafted,3.4,2024,Qtr 4,November,18,9.05,Undergraduate,Homework Help,1,FALSE,4
Engineering,Idea Drafted,1.4,2024,Qtr 4,November,18,8.81,Undergraduate,Writing,2,TRUE,3
Engineering,Idea Drafted,2.3,2024,Qtr 4,November,20,34.99,Undergraduate,Homework Help,10,TRUE,2
Engineering,Idea Drafted,4.4,2024,Qtr 4,November,22,5.76,Graduate,Studying,1,FALSE,3
Engineering,Idea Drafted,1,2024,Qtr 4,November,22,22.59,High School,Coding,5,TRUE,1
Engineering,Idea Drafted,3.1,2024,Qtr 4,November,24,32.5,Graduate,Homework Help,10,TRUE,3
Engineering,Idea Drafted,3.9,2024,Qtr 4,November,24,1.93,Undergraduate,Studying,1,TRUE,4
Engineering,Idea Drafted,2.3,2024,Qtr 4,November,24,6.94,Undergraduate,Writing,2,FALSE,3
Engineering,Idea Drafted,4.2,2024,Qtr 4,November,25,26.41,Undergraduate,Brainstorming,5,FALSE,5
Engineering,Idea Drafted,4.2,2024,Qtr 4,November,26,3.79,Undergraduate,Brainstorming,1,TRUE,5
Engineering,Idea Drafted,5.8,2024,Qtr 4,November,26,39.86,Undergraduate,Writing,12,TRUE,7
Engineering,Idea Drafted,1.3,2024,Qtr 4,November,29,7.34,High School,Brainstorming,1,FALSE,2
Engineering,Idea Drafted,4.3,2024,Qtr 4,November,29,31.58,Undergraduate,Homework Help,8,TRUE,4
Engineering,Idea Drafted,3.2,2024,Qtr 4,November,29,6.35,Undergraduate,Writing,2,FALSE,3
Engineering,Idea Drafted,3.8,2024,Qtr 4,December,2,9.48,Graduate,Writing,2,TRUE,3
Engineering,Idea Drafted,3.1,2024,Qtr 4,December,3,9.37,Undergraduate,Studying,2,FALSE,4
Engineering,Idea Drafted,3.1,2024,Qtr 4,December,4,19.1,High School,Studying,5,FALSE,4
Engineering,Idea Drafted,1.6,2024,Qtr 4,December,4,2.69,Undergraduate,Homework Help,1,TRUE,2
Engineering,Idea Drafted,2.5,2024,Qtr 4,December,6,14.98,High School,Writing,3,FALSE,2
Engineering,Idea Drafted,2.3,2024,Qtr 4,December,6,17.9,Undergraduate,Homework Help,4,FALSE,3
Engineering,Idea Drafted,2.9,2024,Qtr 4,December,8,16.29,Undergraduate,Brainstorming,4,TRUE,3
Engineering,Idea Drafted,5,2024,Qtr 4,December,10,9.38,Graduate,Writing,3,TRUE,5
Engineering,Idea Drafted,1,2024,Qtr 4,December,11,26.64,Undergraduate,Studying,7,TRUE,2
Engineering,Idea Drafted,2.9,2024,Qtr 4,December,12,8.48,Undergraduate,Homework Help,2,TRUE,3
Engineering,Idea Drafted,4,2024,Qtr 4,December,12,2.08,Undergraduate,Writing,1,TRUE,5
Engineering,Idea Drafted,9.1,2024,Qtr 4,December,13,52.69,Undergraduate,Writing,11,TRUE,9
Engineering,Idea Drafted,5,2024,Qtr 4,December,16,38,Undergraduate,Writing,9,TRUE,5
Engineering,Idea Drafted,2.8,2024,Qtr 4,December,17,31.03,Graduate,Writing,9,TRUE,3
Engineering,Idea Drafted,3.1,2024,Qtr 4,December,17,80.73,Undergraduate,Homework Help,16,FALSE,3
Engineering,Idea Drafted,1,2024,Qtr 4,December,17,10.12,Undergraduate,Studying,4,TRUE,1
Engineering,Idea Drafted,5,2024,Qtr 4,December,18,43.6,Undergraduate,Coding,10,TRUE,4
Engineering,Idea Drafted,3.9,2024,Qtr 4,December,20,23.13,Graduate,Brainstorming,8,TRUE,4
Engineering,Idea Drafted,2.4,2024,Qtr 4,December,21,26.24,High School,Brainstorming,10,FALSE,4
Engineering,Idea Drafted,3.8,2024,Qtr 4,December,25,8.24,Undergraduate,Writing,1,FALSE,4
Engineering,Idea Drafted,2.1,2024,Qtr 4,December,28,17.48,Undergraduate,Writing,3,FALSE,2
Engineering,Idea Drafted,2.4,2024,Qtr 4,December,29,6.98,Graduate,Studying,1,TRUE,3
Engineering,Idea Drafted,2.7,2024,Qtr 4,December,30,30.93,Graduate,Writing,8,TRUE,3
Engineering,Idea Drafted,1.3,2024,Qtr 4,December,30,30.49,Undergraduate,Writing,8,TRUE,1
Engineering,Idea Drafted,3.8,2024,Qtr 4,December,31,11.97,Undergraduate,Studying,2,FALSE,4
Engineering,Idea Drafted,4,2025,Qtr 1,January,2,10.62,High School,Homework Help,2,TRUE,4
Engineering,Idea Drafted,1.1,2025,Qtr 1,January,4,27.39,Undergraduate,Coding,6,TRUE,2
Engineering,Idea Drafted,4.5,2025,Qtr 1,January,5,20.25,Graduate,Homework Help,4,TRUE,4
Engineering,Idea Drafted,1.6,2025,Qtr 1,January,5,9.75,Undergraduate,Research,3,TRUE,1
Engineering,Idea Drafted,4.3,2025,Qtr 1,January,5,26.67,Undergraduate,Writing,5,FALSE,5
Engineering,Idea Drafted,3.9,2025,Qtr 1,January,7,32.58,Graduate,Research,9,TRUE,4
Engineering,Idea Drafted,2.9,2025,Qtr 1,January,7,3.61,Graduate,Writing,1,TRUE,3
Engineering,Idea Drafted,2,2025,Qtr 1,January,7,34.15,Undergraduate,Writing,9,TRUE,2
Engineering,Idea Drafted,3.1,2025,Qtr 1,January,8,18.81,Undergraduate,Writing,3,TRUE,3
Engineering,Idea Drafted,1.6,2025,Qtr 1,January,9,35.75,High School,Studying,8,TRUE,2
Engineering,Idea Drafted,2.6,2025,Qtr 1,January,9,3.01,Undergraduate,Research,1,TRUE,4
Engineering,Idea Drafted,2.9,2025,Qtr 1,January,9,14.38,Undergraduate,Writing,4,FALSE,3
Engineering,Idea Drafted,2.1,2025,Qtr 1,January,9,7.69,Undergraduate,Writing,1,TRUE,3
Engineering,Idea Drafted,2.6,2025,Qtr 1,January,10,26.19,Undergraduate,Coding,9,TRUE,3
Engineering,Idea Drafted,5,2025,Qtr 1,January,11,26.48,Undergraduate,Coding,9,FALSE,5
Engineering,Idea Drafted,2.9,2025,Qtr 1,January,12,15.61,Graduate,Homework Help,5,TRUE,3
Engineering,Idea Drafted,2.9,2025,Qtr 1,January,12,3.72,Undergraduate,Studying,1,TRUE,4
Engineering,Idea Drafted,4.2,2025,Qtr 1,January,13,19.71,Undergraduate,Writing,4,TRUE,4
Engineering,Idea Drafted,5,2025,Qtr 1,January,15,23.16,Undergraduate,Brainstorming,5,TRUE,4
Engineering,Idea Drafted,2.5,2025,Qtr 1,January,16,5.34,Graduate,Homework Help,1,TRUE,3
Engineering,Idea Drafted,3.8,2025,Qtr 1,January,17,13.43,Undergraduate,Writing,3,TRUE,3
Engineering,Idea Drafted,2.9,2025,Qtr 1,January,18,9.02,Undergraduate,Writing,3,FALSE,3
Engineering,Idea Drafted,4.3,2025,Qtr 1,January,19,11.98,Graduate,Writing,3,TRUE,4
Engineering,Idea Drafted,4.7,2025,Qtr 1,January,19,6.01,Undergraduate,Writing,1,TRUE,5
Engineering,Idea Drafted,5,2025,Qtr 1,January,20,2.25,Undergraduate,Writing,1,FALSE,5
Engineering,Idea Drafted,3.6,2025,Qtr 1,January,22,8.31,Graduate,Writing,3,TRUE,5
Engineering,Idea Drafted,2.5,2025,Qtr 1,January,22,48.35,High School,Research,18,TRUE,3
Engineering,Idea Drafted,1,2025,Qtr 1,January,23,8.57,High School,Studying,2,TRUE,2
Engineering,Idea Drafted,1.4,2025,Qtr 1,January,23,39.81,Undergraduate,Coding,17,TRUE,1
Engineering,Idea Drafted,4.4,2025,Qtr 1,January,25,13.23,High School,Studying,3,TRUE,3
Engineering,Idea Drafted,5,2025,Qtr 1,January,25,17.68,Undergraduate,Homework Help,4,TRUE,5
Engineering,Idea Drafted,3.3,2025,Qtr 1,January,25,35.96,Undergraduate,Writing,9,FALSE,5
Engineering,Idea Drafted,2.6,2025,Qtr 1,January,26,9.56,High School,Homework Help,2,FALSE,4
Engineering,Idea Drafted,4.9,2025,Qtr 1,January,26,14.66,Undergraduate,Studying,5,TRUE,4
Engineering,Idea Drafted,4.6,2025,Qtr 1,January,30,6.17,Graduate,Coding,1,TRUE,3
Engineering,Idea Drafted,4.1,2025,Qtr 1,January,30,7.53,High School,Studying,3,TRUE,4
Engineering,Idea Drafted,3.8,2025,Qtr 1,January,31,18.91,Graduate,Studying,4,TRUE,4
Engineering,Idea Drafted,4.8,2025,Qtr 1,January,31,17.08,Undergraduate,Brainstorming,3,TRUE,4
Engineering,Idea Drafted,4.8,2025,Qtr 1,January,31,15.39,Undergraduate,Studying,4,TRUE,4
Engineering,Idea Drafted,3,2025,Qtr 1,January,31,8.45,Undergraduate,Writing,2,TRUE,4
Engineering,Idea Drafted,4.5,2025,Qtr 1,February,1,10.91,Undergraduate,Homework Help,3,TRUE,4
Engineering,Idea Drafted,2.9,2025,Qtr 1,February,1,17.86,Undergraduate,Research,5,TRUE,3
Engineering,Idea Drafted,5,2025,Qtr 1,February,2,10.79,Undergraduate,Coding,3,TRUE,5
Engineering,Idea Drafted,4.6,2025,Qtr 1,February,3,16.78,Undergraduate,Brainstorming,6,TRUE,4
Engineering,Idea Drafted,4.3,2025,Qtr 1,February,3,10.01,Undergraduate,Writing,2,TRUE,4
Engineering,Idea Drafted,3.4,2025,Qtr 1,February,4,12.73,High School,Brainstorming,3,FALSE,3
Engineering,Idea Drafted,4.9,2025,Qtr 1,February,4,22.78,Undergraduate,Homework Help,6,TRUE,5
Engineering,Idea Drafted,4,2025,Qtr 1,February,5,3.82,High School,Writing,1,TRUE,4
Engineering,Idea Drafted,2.6,2025,Qtr 1,February,5,24.96,Undergraduate,Studying,8,TRUE,4
Engineering,Idea Drafted,3.7,2025,Qtr 1,February,6,16.07,Undergraduate,Coding,6,TRUE,3
Engineering,Idea Drafted,2.1,2025,Qtr 1,February,8,28.73,Undergraduate,Writing,8,TRUE,2
Engineering,Idea Drafted,1.9,2025,Qtr 1,February,9,6.62,High School,Writing,1,TRUE,1
Engineering,Idea Drafted,2.2,2025,Qtr 1,February,12,1.18,High School,Writing,1,FALSE,2
Engineering,Idea Drafted,4.6,2025,Qtr 1,February,12,11.24,Undergraduate,Brainstorming,4,TRUE,4
Engineering,Idea Drafted,4.3,2025,Qtr 1,February,13,1.62,High School,Coding,1,TRUE,3
Engineering,Idea Drafted,3.6,2025,Qtr 1,February,15,7.74,High School,Writing,1,TRUE,3
Engineering,Idea Drafted,4.3,2025,Qtr 1,February,15,11.94,Undergraduate,Studying,3,TRUE,3
Engineering,Idea Drafted,4.3,2025,Qtr 1,February,16,14.65,Undergraduate,Homework Help,5,TRUE,4
Engineering,Idea Drafted,3.2,2025,Qtr 1,February,16,5.5,Undergraduate,Writing,1,TRUE,3
Engineering,Idea Drafted,4.2,2025,Qtr 1,February,17,8.71,Undergraduate,Writing,2,TRUE,4
Engineering,Idea Drafted,2.6,2025,Qtr 1,February,18,31.73,Graduate,Studying,15,TRUE,3
Engineering,Idea Drafted,2.1,2025,Qtr 1,February,18,15.51,High School,Homework Help,5,TRUE,4
Engineering,Idea Drafted,3.1,2025,Qtr 1,February,19,43.9,Undergraduate,Homework Help,9,TRUE,4
Engineering,Idea Drafted,4.7,2025,Qtr 1,February,20,37.19,Graduate,Writing,11,TRUE,4
Engineering,Idea Drafted,3.7,2025,Qtr 1,February,22,10.77,Undergraduate,Studying,2,TRUE,3
Engineering,Idea Drafted,3.3,2025,Qtr 1,February,22,30.37,Undergraduate,Writing,13,TRUE,3
Engineering,Idea Drafted,4,2025,Qtr 1,February,23,2.79,Undergraduate,Studying,1,TRUE,4
Engineering,Idea Drafted,1.1,2025,Qtr 1,February,24,26.31,High School,Brainstorming,5,TRUE,2
Engineering,Idea Drafted,1.7,2025,Qtr 1,February,25,2.48,Undergraduate,Brainstorming,1,TRUE,2
Engineering,Idea Drafted,5,2025,Qtr 1,February,25,26.37,Undergraduate,Writing,8,TRUE,5
Engineering,Idea Drafted,3.3,2025,Qtr 1,March,1,16.22,Undergraduate,Writing,3,TRUE,4
Engineering,Idea Drafted,5.7,2025,Qtr 1,March,2,19.13,High School,Writing,3,TRUE,6
Engineering,Idea Drafted,3.5,2025,Qtr 1,March,4,37.63,Undergraduate,Brainstorming,15,TRUE,2
Engineering,Idea Drafted,2.3,2025,Qtr 1,March,6,11.61,Undergraduate,Homework Help,4,TRUE,2
Engineering,Idea Drafted,2.8,2025,Qtr 1,March,6,5.9,Undergraduate,Studying,2,TRUE,3
Engineering,Idea Drafted,8.3,2025,Qtr 1,March,7,48.43,High School,Writing,12,TRUE,8
Engineering,Idea Drafted,4.1,2025,Qtr 1,March,7,38.52,Undergraduate,Studying,8,FALSE,4
Engineering,Idea Drafted,3.9,2025,Qtr 1,March,8,9.04,Undergraduate,Brainstorming,1,TRUE,3
Engineering,Idea Drafted,4.3,2025,Qtr 1,March,11,40.93,Graduate,Coding,10,TRUE,3
Engineering,Idea Drafted,2.2,2025,Qtr 1,March,11,7.24,Graduate,Writing,1,FALSE,2
Engineering,Idea Drafted,3.5,2025,Qtr 1,March,11,19.88,High School,Coding,6,TRUE,3
Engineering,Idea Drafted,1.6,2025,Qtr 1,March,12,5.88,Graduate,Writing,1,FALSE,2
Engineering,Idea Drafted,1.6,2025,Qtr 1,March,12,67.36,Undergraduate,Research,21,FALSE,2
Engineering,Idea Drafted,5,2025,Qtr 1,March,12,48.81,Undergraduate,Writing,16,TRUE,4
Engineering,Idea Drafted,1,2025,Qtr 1,March,14,12.24,Undergraduate,Studying,4,TRUE,2
Engineering,Idea Drafted,2.7,2025,Qtr 1,March,16,45.3,Undergraduate,Coding,18,TRUE,4
Engineering,Idea Drafted,5,2025,Qtr 1,March,17,14.78,High School,Studying,5,FALSE,5
Engineering,Idea Drafted,2.9,2025,Qtr 1,March,17,12.38,High School,Writing,2,TRUE,3
Engineering,Idea Drafted,4.1,2025,Qtr 1,March,19,34.01,Undergraduate,Writing,15,TRUE,4
Engineering,Idea Drafted,3,2025,Qtr 1,March,20,30.02,High School,Writing,6,TRUE,3
Engineering,Idea Drafted,1,2025,Qtr 1,March,21,3.12,High School,Studying,1,FALSE,1
Engineering,Idea Drafted,10,2025,Qtr 1,March,21,25.03,Undergraduate,Writing,6,TRUE,9
Engineering,Idea Drafted,3.9,2025,Qtr 1,March,23,8.51,Graduate,Research,2,TRUE,3
Engineering,Idea Drafted,3.5,2025,Qtr 1,March,24,11.07,Undergraduate,Coding,3,TRUE,3
Engineering,Idea Drafted,1.8,2025,Qtr 1,March,26,24.48,Undergraduate,Homework Help,6,TRUE,3
Engineering,Idea Drafted,1,2025,Qtr 1,March,27,38.66,High School,Writing,15,FALSE,2
Engineering,Idea Drafted,4,2025,Qtr 1,March,27,20.31,Undergraduate,Studying,7,TRUE,4
Engineering,Idea Drafted,4.9,2025,Qtr 1,March,28,6.27,High School,Brainstorming,1,TRUE,4
Engineering,Idea Drafted,2.6,2025,Qtr 1,March,29,20.42,Graduate,Writing,6,TRUE,2
Engineering,Idea Drafted,3.9,2025,Qtr 1,March,31,18.87,Graduate,Coding,8,TRUE,3
Engineering,Idea Drafted,3.2,2025,Qtr 1,March,31,9.66,High School,Writing,1,FALSE,3
Engineering,Idea Drafted,4.3,2025,Qtr 2,April,3,23.86,High School,Brainstorming,6,TRUE,3
Engineering,Idea Drafted,5,2025,Qtr 2,April,3,28.1,Undergraduate,Writing,13,TRUE,5
Engineering,Idea Drafted,3.8,2025,Qtr 2,April,6,3.37,Graduate,Brainstorming,1,TRUE,4
Engineering,Idea Drafted,2.5,2025,Qtr 2,April,7,63.95,Graduate,Coding,23,TRUE,2
Engineering,Idea Drafted,5.4,2025,Qtr 2,April,8,30.35,Undergraduate,Writing,8,TRUE,6
Engineering,Idea Drafted,1,2025,Qtr 2,April,10,9.72,High School,Homework Help,4,FALSE,2
Engineering,Idea Drafted,4.7,2025,Qtr 2,April,10,10.49,Undergraduate,Writing,4,FALSE,3
Engineering,Idea Drafted,1,2025,Qtr 2,April,13,51.02,High School,Writing,10,TRUE,2
Engineering,Idea Drafted,2.6,2025,Qtr 2,April,14,17.28,Undergraduate,Studying,4,TRUE,3
Engineering,Idea Drafted,5,2025,Qtr 2,April,15,27.06,Graduate,Writing,12,FALSE,5
Engineering,Idea Drafted,3.7,2025,Qtr 2,April,15,10.52,High School,Writing,2,TRUE,3
Engineering,Idea Drafted,1.8,2025,Qtr 2,April,15,15.95,Undergraduate,Writing,3,FALSE,1
Engineering,Idea Drafted,3.8,2025,Qtr 2,April,16,43.23,High School,Brainstorming,20,TRUE,5
Engineering,Idea Drafted,4,2025,Qtr 2,April,17,20.9,Undergraduate,Coding,5,TRUE,5
Engineering,Idea Drafted,3.4,2025,Qtr 2,April,18,37.07,Undergraduate,Brainstorming,16,TRUE,3
Engineering,Idea Drafted,2.4,2025,Qtr 2,April,18,28.91,Undergraduate,Studying,6,TRUE,3
Engineering,Idea Drafted,2.5,2025,Qtr 2,April,19,24.84,High School,Studying,10,TRUE,2
Engineering,Idea Drafted,1.9,2025,Qtr 2,April,20,4.03,High School,Writing,1,TRUE,3
Engineering,Idea Drafted,1.3,2025,Qtr 2,April,20,12.69,Undergraduate,Writing,6,TRUE,2
Engineering,Idea Drafted,3,2025,Qtr 2,April,21,7.52,Graduate,Homework Help,2,TRUE,4
Engineering,Idea Drafted,1.7,2025,Qtr 2,April,22,4.25,High School,Studying,1,TRUE,3
Engineering,Idea Drafted,3.8,2025,Qtr 2,April,22,18.42,Undergraduate,Writing,8,TRUE,4
Engineering,Idea Drafted,1.6,2025,Qtr 2,April,25,30.64,Graduate,Research,12,TRUE,2
Engineering,Idea Drafted,5,2025,Qtr 2,April,25,11.49,Undergraduate,Coding,5,TRUE,5
Engineering,Idea Drafted,1.7,2025,Qtr 2,April,25,31,Undergraduate,Writing,7,TRUE,3
Engineering,Idea Drafted,2.9,2025,Qtr 2,April,26,9.55,Graduate,Studying,4,TRUE,3
Engineering,Idea Drafted,2.5,2025,Qtr 2,April,26,21.61,Graduate,Writing,5,TRUE,3
Engineering,Idea Drafted,3,2025,Qtr 2,April,26,8.47,High School,Studying,3,TRUE,3
Engineering,Idea Drafted,2.3,2025,Qtr 2,April,27,14.63,Graduate,Writing,6,TRUE,3
Engineering,Idea Drafted,3.2,2025,Qtr 2,April,27,28.83,High School,Coding,14,TRUE,4
Engineering,Idea Drafted,5,2025,Qtr 2,April,27,7.09,Undergraduate,Writing,1,TRUE,4
Engineering,Idea Drafted,4.6,2025,Qtr 2,April,28,16.47,High School,Writing,5,TRUE,5
Engineering,Idea Drafted,5,2025,Qtr 2,April,28,25.86,Undergraduate,Studying,5,TRUE,4
Engineering,Idea Drafted,5,2025,Qtr 2,April,29,21.41,Undergraduate,Homework Help,7,TRUE,5
Engineering,Idea Drafted,5,2025,Qtr 2,April,29,9.62,Undergraduate,Writing,2,TRUE,4
Engineering,Idea Drafted,2.1,2025,Qtr 2,May,1,18.51,Undergraduate,Writing,4,TRUE,2
Engineering,Idea Drafted,4.4,2025,Qtr 2,May,3,26.79,Undergraduate,Brainstorming,11,TRUE,3
Engineering,Idea Drafted,2.3,2025,Qtr 2,May,4,26.5,High School,Studying,8,TRUE,3
Engineering,Idea Drafted,3.1,2025,Qtr 2,May,4,4.3,High School,Writing,1,TRUE,4
Engineering,Idea Drafted,4.9,2025,Qtr 2,May,4,5.89,Undergraduate,Writing,2,TRUE,5
Engineering,Idea Drafted,1.4,2025,Qtr 2,May,5,33.08,Undergraduate,Brainstorming,9,TRUE,2
Engineering,Idea Drafted,3.2,2025,Qtr 2,May,6,50.96,High School,Writing,19,TRUE,4
Engineering,Idea Drafted,4.3,2025,Qtr 2,May,6,28.14,Undergraduate,Homework Help,12,TRUE,4
Engineering,Idea Drafted,5,2025,Qtr 2,May,6,56.69,Undergraduate,Writing,23,TRUE,5
Engineering,Idea Drafted,4.9,2025,Qtr 2,May,8,10.97,High School,Homework Help,4,FALSE,5
Engineering,Idea Drafted,2.5,2025,Qtr 2,May,9,86,High School,Homework Help,33,FALSE,4
Engineering,Idea Drafted,4.5,2025,Qtr 2,May,9,12.52,Undergraduate,Homework Help,5,FALSE,4
Engineering,Idea Drafted,3.1,2025,Qtr 2,May,9,17.14,Undergraduate,Writing,3,FALSE,4
Engineering,Idea Drafted,2.9,2025,Qtr 2,May,10,23.13,Graduate,Coding,5,FALSE,2
Engineering,Idea Drafted,4.6,2025,Qtr 2,May,10,9.95,Graduate,Studying,4,FALSE,4
Engineering,Idea Drafted,1.2,2025,Qtr 2,May,10,12.44,High School,Brainstorming,2,TRUE,3
Engineering,Idea Drafted,2.7,2025,Qtr 2,May,11,32.2,Undergraduate,Writing,6,TRUE,2
Engineering,Idea Drafted,1,2025,Qtr 2,May,12,21.61,Undergraduate,Brainstorming,5,TRUE,3
Engineering,Idea Drafted,2.9,2025,Qtr 2,May,13,17.57,Undergraduate,Homework Help,4,TRUE,2
Engineering,Idea Drafted,1,2025,Qtr 2,May,14,47.34,Undergraduate,Homework Help,14,TRUE,3
Engineering,Idea Drafted,1.6,2025,Qtr 2,May,15,27.07,Undergraduate,Brainstorming,5,TRUE,2
Engineering,Idea Drafted,1.7,2025,Qtr 2,May,15,30.54,Undergraduate,Writing,6,TRUE,3
Engineering,Idea Drafted,1,2025,Qtr 2,May,16,41.69,Graduate,Homework Help,11,TRUE,1
Engineering,Idea Drafted,4.4,2025,Qtr 2,May,16,35.06,Graduate,Writing,7,TRUE,5
Engineering,Idea Drafted,4.2,2025,Qtr 2,May,16,26.85,Undergraduate,Coding,10,FALSE,3
Engineering,Idea Drafted,5.7,2025,Qtr 2,May,16,27.3,Undergraduate,Research,7,TRUE,6
Engineering,Idea Drafted,3.7,2025,Qtr 2,May,17,30.65,High School,Writing,10,TRUE,3
Engineering,Idea Drafted,1,2025,Qtr 2,May,18,22.85,Undergraduate,Studying,8,TRUE,2
Engineering,Idea Drafted,3.1,2025,Qtr 2,May,19,24.6,Undergraduate,Studying,6,TRUE,3
Engineering,Idea Drafted,1.8,2025,Qtr 2,May,20,24.5,High School,Homework Help,5,TRUE,2
Engineering,Idea Drafted,4.3,2025,Qtr 2,May,20,12.5,Undergraduate,Writing,3,TRUE,4
Engineering,Idea Drafted,5,2025,Qtr 2,May,22,0.3,Graduate,Studying,1,TRUE,5
Engineering,Idea Drafted,4.2,2025,Qtr 2,May,23,34.44,High School,Homework Help,13,TRUE,4
Engineering,Idea Drafted,1.2,2025,Qtr 2,May,24,12.35,Graduate,Writing,2,FALSE,1
Engineering,Idea Drafted,2.8,2025,Qtr 2,May,24,28.95,Undergraduate,Research,7,TRUE,3
Engineering,Idea Drafted,1,2025,Qtr 2,May,24,22.23,Undergraduate,Studying,5,TRUE,3
Engineering,Idea Drafted,3.1,2025,Qtr 2,May,25,12.96,Graduate,Writing,2,FALSE,3
Engineering,Idea Drafted,1,2025,Qtr 2,May,26,18.46,Graduate,Homework Help,5,TRUE,1
Engineering,Idea Drafted,4.3,2025,Qtr 2,May,27,8.86,Undergraduate,Coding,3,TRUE,3
Engineering,Idea Drafted,5,2025,Qtr 2,May,28,6.15,Undergraduate,Writing,3,TRUE,5
Engineering,Idea Drafted,3.1,2025,Qtr 2,May,29,14.65,Graduate,Writing,3,TRUE,4
Engineering,Idea Drafted,1.7,2025,Qtr 2,May,30,9.63,High School,Writing,2,TRUE,1
Engineering,Idea Drafted,4.9,2025,Qtr 2,June,3,20.98,Graduate,Writing,5,TRUE,4
Engineering,Idea Drafted,4.7,2025,Qtr 2,June,3,24.43,Undergraduate,Homework Help,5,TRUE,4
Engineering,Idea Drafted,3.7,2025,Qtr 2,June,5,16.53,Graduate,Brainstorming,6,FALSE,5
Engineering,Idea Drafted,2.2,2025,Qtr 2,June,5,4.77,High School,Studying,1,TRUE,2
Engineering,Idea Drafted,1,2025,Qtr 2,June,6,21.16,High School,Brainstorming,4,TRUE,2
Engineering,Idea Drafted,1.1,2025,Qtr 2,June,6,15.6,Undergraduate,Studying,4,TRUE,1
Engineering,Idea Drafted,3.1,2025,Qtr 2,June,6,29.78,Undergraduate,Writing,6,FALSE,3
Engineering,Idea Drafted,3.6,2025,Qtr 2,June,7,8.04,High School,Writing,3,TRUE,3
Engineering,Idea Drafted,4,2025,Qtr 2,June,8,26.72,Graduate,Writing,6,TRUE,4
Engineering,Idea Drafted,2.9,2025,Qtr 2,June,8,49.81,Undergraduate,Research,11,FALSE,3
Engineering,Idea Drafted,4,2025,Qtr 2,June,8,4.54,Undergraduate,Writing,1,TRUE,3
Engineering,Idea Drafted,3.6,2025,Qtr 2,June,11,6.58,Graduate,Studying,2,TRUE,4
Engineering,Idea Drafted,3.8,2025,Qtr 2,June,11,24.17,Undergraduate,Brainstorming,6,FALSE,3
Engineering,Idea Drafted,3.9,2025,Qtr 2,June,11,10.2,Undergraduate,Writing,3,TRUE,3
Engineering,Idea Drafted,3.7,2025,Qtr 2,June,14,49.3,Undergraduate,Homework Help,13,TRUE,3
Engineering,Idea Drafted,2.8,2025,Qtr 2,June,14,34.02,Undergraduate,Research,14,TRUE,3
Engineering,Idea Drafted,1.8,2025,Qtr 2,June,15,53.67,High School,Homework Help,10,FALSE,2
Engineering,Idea Drafted,4.3,2025,Qtr 2,June,16,16.78,High School,Writing,5,TRUE,5
Engineering,Idea Drafted,4.4,2025,Qtr 2,June,16,12.57,Undergraduate,Coding,3,TRUE,4
Engineering,Idea Drafted,2.1,2025,Qtr 2,June,16,37.41,Undergraduate,Studying,11,FALSE,3
Engineering,Idea Drafted,3.2,2025,Qtr 2,June,17,12.53,Graduate,Studying,2,TRUE,4
Engineering,Idea Drafted,3.3,2025,Qtr 2,June,17,32.54,Undergraduate,Writing,7,TRUE,4
Engineering,Idea Drafted,2.6,2025,Qtr 2,June,18,28.27,Graduate,Research,6,TRUE,3
Engineering,Idea Drafted,1.3,2025,Qtr 2,June,18,6.51,Undergraduate,Writing,1,TRUE,3
Engineering,Idea Drafted,4.7,2025,Qtr 2,June,19,76.29,Undergraduate,Homework Help,25,TRUE,5
Engineering,Idea Drafted,4.5,2025,Qtr 2,June,20,5.23,High School,Studying,1,FALSE,5
Engineering,Idea Drafted,6.3,2025,Qtr 2,June,20,68.45,High School,Studying,22,TRUE,5
Engineering,Idea Drafted,7.6,2025,Qtr 2,June,20,16.67,Undergraduate,Writing,6,TRUE,8
Engineering,Idea Drafted,3.5,2025,Qtr 2,June,21,0.88,Undergraduate,Brainstorming,1,TRUE,3
Engineering,Idea Drafted,2.3,2025,Qtr 2,June,22,65.93,Undergraduate,Coding,20,FALSE,3
Engineering,Idea Drafted,3.4,2025,Qtr 2,June,23,22.18,High School,Studying,5,TRUE,3
Engineering,Idea Drafted,5,2025,Qtr 2,June,24,26.02,Undergraduate,Coding,8,FALSE,5
History,Assignment Completed,3.6,2024,Qtr 2,June,24,10.41,Graduate,Studying,2,TRUE,3
History,Assignment Completed,2.3,2024,Qtr 2,June,25,11.35,Graduate,Homework Help,2,TRUE,2
History,Assignment Completed,7.1,2024,Qtr 2,June,27,25.72,Undergraduate,Homework Help,6,FALSE,6
History,Assignment Completed,2,2024,Qtr 2,June,29,18.43,Undergraduate,Studying,7,TRUE,3
History,Assignment Completed,1,2024,Qtr 2,June,29,13.05,Undergraduate,Writing,3,TRUE,3
History,Assignment Completed,2.5,2024,Qtr 2,June,30,27.49,Graduate,Writing,6,TRUE,2
History,Assignment Completed,4,2024,Qtr 2,June,30,13.76,Undergraduate,Coding,4,TRUE,3
History,Assignment Completed,3.5,2024,Qtr 2,June,30,19.71,Undergraduate,Homework Help,3,FALSE,3
History,Assignment Completed,2.1,2024,Qtr 2,June,30,14.31,Undergraduate,Studying,4,TRUE,3
History,Assignment Completed,4.2,2024,Qtr 2,June,30,4.69,Undergraduate,Writing,1,TRUE,3
History,Assignment Completed,4.2,2024,Qtr 3,July,1,76.65,High School,Coding,29,TRUE,6
History,Assignment Completed,1.6,2024,Qtr 3,July,1,34.77,High School,Studying,13,TRUE,3
History,Assignment Completed,3.8,2024,Qtr 3,July,2,26.67,Undergraduate,Studying,6,TRUE,5
History,Assignment Completed,3.4,2024,Qtr 3,July,3,21.96,Graduate,Studying,6,TRUE,3
History,Assignment Completed,4,2024,Qtr 3,July,3,34.34,Undergraduate,Homework Help,10,TRUE,3
History,Assignment Completed,3.7,2024,Qtr 3,July,3,12.9,Undergraduate,Writing,2,TRUE,4
History,Assignment Completed,3.6,2024,Qtr 3,July,4,7.5,High School,Coding,1,TRUE,4
History,Assignment Completed,5,2024,Qtr 3,July,4,5.39,Undergraduate,Homework Help,2,TRUE,5
History,Assignment Completed,2.8,2024,Qtr 3,July,5,5.59,Undergraduate,Brainstorming,2,FALSE,2
History,Assignment Completed,1,2024,Qtr 3,July,5,18.99,Undergraduate,Coding,4,TRUE,2
History,Assignment Completed,4.3,2024,Qtr 3,July,5,7.83,Undergraduate,Studying,2,TRUE,3
History,Assignment Completed,3.6,2024,Qtr 3,July,6,13.55,Undergraduate,Studying,2,TRUE,3
History,Assignment Completed,5,2024,Qtr 3,July,6,2.46,Undergraduate,Writing,1,FALSE,5
History,Assignment Completed,3.4,2024,Qtr 3,July,6,3.23,Undergraduate,Writing,1,TRUE,3
History,Assignment Completed,2.9,2024,Qtr 3,July,7,13.07,Undergraduate,Homework Help,5,TRUE,3
History,Assignment Completed,4,2024,Qtr 3,July,7,14.01,Undergraduate,Writing,3,FALSE,5
History,Assignment Completed,4.3,2024,Qtr 3,July,8,12.83,High School,Writing,3,TRUE,5
History,Assignment Completed,2.1,2024,Qtr 3,July,8,36.91,Undergraduate,Homework Help,14,TRUE,3
History,Assignment Completed,4.8,2024,Qtr 3,July,9,47.09,High School,Studying,15,TRUE,4
History,Assignment Completed,2.1,2024,Qtr 3,July,9,29.64,Undergraduate,Coding,11,TRUE,3
History,Assignment Completed,3.5,2024,Qtr 3,July,10,11.71,Graduate,Writing,5,FALSE,3
History,Assignment Completed,4.4,2024,Qtr 3,July,11,10.28,Undergraduate,Coding,3,TRUE,5
History,Assignment Completed,3.3,2024,Qtr 3,July,12,34.04,High School,Research,9,TRUE,3
History,Assignment Completed,2.9,2024,Qtr 3,July,12,14.13,Undergraduate,Studying,3,TRUE,3
History,Assignment Completed,3.7,2024,Qtr 3,July,12,18.08,Undergraduate,Writing,4,FALSE,4
History,Assignment Completed,7.5,2024,Qtr 3,July,12,77.67,Undergraduate,Writing,23,TRUE,10
History,Assignment Completed,4.1,2024,Qtr 3,July,13,3.83,High School,Homework Help,1,TRUE,4
History,Assignment Completed,5,2024,Qtr 3,July,14,5.92,High School,Coding,2,TRUE,5
History,Assignment Completed,5,2024,Qtr 3,July,14,23.21,Undergraduate,Coding,5,TRUE,5
History,Assignment Completed,3,2024,Qtr 3,July,15,15.37,Undergraduate,Writing,5,TRUE,3
History,Assignment Completed,1.3,2024,Qtr 3,July,16,3.77,Graduate,Writing,1,TRUE,3
History,Assignment Completed,2.6,2024,Qtr 3,July,16,27.02,High School,Coding,8,TRUE,3
History,Assignment Completed,3,2024,Qtr 3,July,17,31.41,Graduate,Writing,6,FALSE,4
History,Assignment Completed,3.8,2024,Qtr 3,July,17,3.44,Undergraduate,Research,1,TRUE,5
History,Assignment Completed,5,2024,Qtr 3,July,17,26.42,Undergraduate,Writing,11,TRUE,4
History,Assignment Completed,5,2024,Qtr 3,July,18,17.65,High School,Writing,6,TRUE,5
History,Assignment Completed,4.7,2024,Qtr 3,July,20,21.33,High School,Writing,7,FALSE,4
History,Assignment Completed,5,2024,Qtr 3,July,22,8.49,Graduate,Coding,3,TRUE,5
History,Assignment Completed,4.7,2024,Qtr 3,July,22,18.06,High School,Homework Help,5,FALSE,4
History,Assignment Completed,5,2024,Qtr 3,July,22,16.64,Undergraduate,Studying,4,TRUE,5
History,Assignment Completed,1.1,2024,Qtr 3,July,25,4.58,Graduate,Studying,2,TRUE,2
History,Assignment Completed,3.5,2024,Qtr 3,July,25,2.96,Undergraduate,Coding,1,TRUE,4
History,Assignment Completed,4.1,2024,Qtr 3,July,25,31.1,Undergraduate,Studying,10,TRUE,4
History,Assignment Completed,2.2,2024,Qtr 3,July,26,9.96,Undergraduate,Homework Help,4,TRUE,2
History,Assignment Completed,2.8,2024,Qtr 3,July,27,76.32,Graduate,Homework Help,25,TRUE,4
History,Assignment Completed,2.4,2024,Qtr 3,July,27,14.44,High School,Writing,4,TRUE,3
History,Assignment Completed,2.2,2024,Qtr 3,July,27,23.75,Undergraduate,Studying,9,TRUE,3
History,Assignment Completed,5,2024,Qtr 3,July,28,15.96,Undergraduate,Writing,4,TRUE,4
History,Assignment Completed,4.6,2024,Qtr 3,July,29,17.84,Undergraduate,Coding,7,TRUE,4
History,Assignment Completed,3.7,2024,Qtr 3,July,31,24.04,Undergraduate,Coding,7,TRUE,4
History,Assignment Completed,1,2024,Qtr 3,July,31,6.76,Undergraduate,Writing,3,TRUE,2
History,Assignment Completed,4.3,2024,Qtr 3,August,1,21.58,Graduate,Writing,9,TRUE,4
History,Assignment Completed,4.2,2024,Qtr 3,August,1,48.35,Undergraduate,Homework Help,17,TRUE,4
History,Assignment Completed,3.1,2024,Qtr 3,August,2,49.38,Graduate,Brainstorming,20,FALSE,3
History,Assignment Completed,3.5,2024,Qtr 3,August,2,19.2,Graduate,Coding,5,TRUE,3
History,Assignment Completed,1.6,2024,Qtr 3,August,2,29.29,Graduate,Studying,6,TRUE,4
History,Assignment Completed,4.4,2024,Qtr 3,August,2,3.83,Undergraduate,Homework Help,1,TRUE,5
History,Assignment Completed,2.7,2024,Qtr 3,August,3,18.76,Graduate,Studying,6,FALSE,3
History,Assignment Completed,3.5,2024,Qtr 3,August,5,33.47,Graduate,Research,6,TRUE,3
History,Assignment Completed,3.9,2024,Qtr 3,August,5,23.29,Graduate,Writing,6,TRUE,5
History,Assignment Completed,2.6,2024,Qtr 3,August,6,45.19,Undergraduate,Studying,9,TRUE,4
History,Assignment Completed,7.6,2024,Qtr 3,August,6,37.27,Undergraduate,Writing,8,TRUE,8
History,Assignment Completed,4.3,2024,Qtr 3,August,9,12.59,Undergraduate,Writing,3,TRUE,4
History,Assignment Completed,3,2024,Qtr 3,August,10,44.21,Graduate,Writing,13,TRUE,5
History,Assignment Completed,3.3,2024,Qtr 3,August,10,16.61,High School,Coding,3,TRUE,4
History,Assignment Completed,2.9,2024,Qtr 3,August,11,34.65,Graduate,Coding,9,TRUE,4
History,Assignment Completed,3.6,2024,Qtr 3,August,11,36.69,Graduate,Research,14,FALSE,4
History,Assignment Completed,2.6,2024,Qtr 3,August,12,42.82,Undergraduate,Coding,12,TRUE,3
History,Assignment Completed,3.4,2024,Qtr 3,August,12,39.82,Undergraduate,Homework Help,8,TRUE,3
History,Assignment Completed,4,2024,Qtr 3,August,13,5.22,Graduate,Homework Help,1,TRUE,3
History,Assignment Completed,1,2024,Qtr 3,August,13,6.5,Graduate,Writing,1,TRUE,1
History,Assignment Completed,2.3,2024,Qtr 3,August,13,14.72,Undergraduate,Homework Help,4,TRUE,2
History,Assignment Completed,4.7,2024,Qtr 3,August,15,1.17,Graduate,Homework Help,1,TRUE,4
History,Assignment Completed,3.9,2024,Qtr 3,August,15,5.43,Graduate,Studying,2,TRUE,4
History,Assignment Completed,3.3,2024,Qtr 3,August,15,19.41,Undergraduate,Studying,6,TRUE,3
History,Assignment Completed,4.3,2024,Qtr 3,August,15,18.1,Undergraduate,Writing,7,TRUE,4
History,Assignment Completed,7.4,2024,Qtr 3,August,16,38.99,Undergraduate,Writing,9,TRUE,7
History,Assignment Completed,4.1,2024,Qtr 3,August,17,4.03,Graduate,Brainstorming,1,TRUE,5
History,Assignment Completed,5,2024,Qtr 3,August,17,15.34,Undergraduate,Coding,3,FALSE,4
History,Assignment Completed,3.6,2024,Qtr 3,August,17,6.09,Undergraduate,Coding,1,TRUE,3
History,Assignment Completed,3.8,2024,Qtr 3,August,18,18.89,High School,Homework Help,9,TRUE,4
History,Assignment Completed,1,2024,Qtr 3,August,18,40.78,Undergraduate,Coding,8,FALSE,2
History,Assignment Completed,2.8,2024,Qtr 3,August,18,20.99,Undergraduate,Coding,4,TRUE,3
History,Assignment Completed,3.1,2024,Qtr 3,August,18,38.53,Undergraduate,Homework Help,16,TRUE,3
History,Assignment Completed,2.2,2024,Qtr 3,August,19,0.63,Graduate,Studying,1,TRUE,3
History,Assignment Completed,1,2024,Qtr 3,August,19,17.35,Undergraduate,Homework Help,4,FALSE,3
History,Assignment Completed,1,2024,Qtr 3,August,20,14.67,High School,Coding,3,TRUE,1
History,Assignment Completed,2.6,2024,Qtr 3,August,21,42.48,Undergraduate,Coding,11,TRUE,3
History,Assignment Completed,3.1,2024,Qtr 3,August,22,43.43,Graduate,Studying,9,TRUE,3
History,Assignment Completed,4.1,2024,Qtr 3,August,22,10.19,Undergraduate,Coding,2,TRUE,4
History,Assignment Completed,3.6,2024,Qtr 3,August,22,13.14,Undergraduate,Studying,2,TRUE,4
History,Assignment Completed,4.2,2024,Qtr 3,August,23,31.93,High School,Homework Help,12,TRUE,5
History,Assignment Completed,3.3,2024,Qtr 3,August,23,7.67,Undergraduate,Homework Help,1,FALSE,4
History,Assignment Completed,4.8,2024,Qtr 3,August,24,7.94,Graduate,Coding,2,TRUE,4
History,Assignment Completed,2.9,2024,Qtr 3,August,24,32.19,High School,Writing,7,TRUE,3
History,Assignment Completed,2.9,2024,Qtr 3,August,24,5.69,Undergraduate,Homework Help,2,TRUE,3
History,Assignment Completed,3.5,2024,Qtr 3,August,25,50.3,Graduate,Writing,18,TRUE,4
History,Assignment Completed,3.9,2024,Qtr 3,August,26,9.07,Undergraduate,Studying,4,TRUE,4
History,Assignment Completed,2.1,2024,Qtr 3,August,27,20.42,Graduate,Writing,9,TRUE,3
History,Assignment Completed,3.5,2024,Qtr 3,August,28,12.75,High School,Writing,6,TRUE,3
History,Assignment Completed,6.9,2024,Qtr 3,August,28,54.54,Undergraduate,Writing,13,TRUE,7
History,Assignment Completed,5,2024,Qtr 3,August,29,1.68,Graduate,Homework Help,1,FALSE,5
History,Assignment Completed,3.1,2024,Qtr 3,August,29,20.1,Undergraduate,Writing,5,TRUE,4
History,Assignment Completed,3.3,2024,Qtr 3,August,30,1.69,Graduate,Homework Help,1,TRUE,3
History,Assignment Completed,3.5,2024,Qtr 3,August,30,19.39,Undergraduate,Writing,7,TRUE,4
History,Assignment Completed,5,2024,Qtr 3,August,31,9.1,Undergraduate,Studying,2,FALSE,5
History,Assignment Completed,4.6,2024,Qtr 3,September,1,1.96,Graduate,Homework Help,1,TRUE,3
History,Assignment Completed,5,2024,Qtr 3,September,1,15.95,Graduate,Studying,3,TRUE,4
History,Assignment Completed,3.8,2024,Qtr 3,September,1,17.1,High School,Homework Help,4,TRUE,4
History,Assignment Completed,2.5,2024,Qtr 3,September,2,29.54,High School,Homework Help,8,TRUE,4
History,Assignment Completed,4.8,2024,Qtr 3,September,3,6.35,Undergraduate,Homework Help,1,TRUE,4
History,Assignment Completed,5,2024,Qtr 3,September,4,8.18,Graduate,Homework Help,2,TRUE,5
History,Assignment Completed,1.1,2024,Qtr 3,September,4,27.86,High School,Coding,7,TRUE,1
History,Assignment Completed,5,2024,Qtr 3,September,4,23.31,Undergraduate,Coding,10,FALSE,5
History,Assignment Completed,4.7,2024,Qtr 3,September,4,16.57,Undergraduate,Homework Help,3,TRUE,4
History,Assignment Completed,5.8,2024,Qtr 3,September,5,17.94,High School,Homework Help,3,TRUE,6
History,Assignment Completed,4.3,2024,Qtr 3,September,5,52.45,Undergraduate,Coding,15,FALSE,5
History,Assignment Completed,4.5,2024,Qtr 3,September,6,7.24,Graduate,Coding,1,TRUE,5
History,Assignment Completed,2.6,2024,Qtr 3,September,6,23.45,Undergraduate,Research,5,TRUE,1
History,Assignment Completed,3.2,2024,Qtr 3,September,6,19.08,Undergraduate,Writing,5,TRUE,4
History,Assignment Completed,1,2024,Qtr 3,September,7,18.84,Graduate,Homework Help,7,TRUE,1
History,Assignment Completed,1,2024,Qtr 3,September,7,12.39,Undergraduate,Studying,3,TRUE,1
History,Assignment Completed,4.5,2024,Qtr 3,September,8,14.32,Undergraduate,Coding,5,TRUE,4
History,Assignment Completed,2,2024,Qtr 3,September,11,9.63,Undergraduate,Coding,2,TRUE,4
History,Assignment Completed,1.1,2024,Qtr 3,September,12,27.03,High School,Coding,5,FALSE,2
History,Assignment Completed,2.7,2024,Qtr 3,September,13,29.86,Graduate,Homework Help,9,FALSE,3
History,Assignment Completed,2.9,2024,Qtr 3,September,13,23.86,Undergraduate,Homework Help,5,TRUE,3
History,Assignment Completed,1.1,2024,Qtr 3,September,15,15.8,Undergraduate,Writing,4,TRUE,2
History,Assignment Completed,3.9,2024,Qtr 3,September,17,14.06,High School,Homework Help,3,TRUE,4
History,Assignment Completed,2.1,2024,Qtr 3,September,19,17.95,Undergraduate,Research,3,TRUE,2
History,Assignment Completed,2.4,2024,Qtr 3,September,19,72.32,Undergraduate,Writing,29,TRUE,3
History,Assignment Completed,4.3,2024,Qtr 3,September,20,13.9,High School,Writing,3,TRUE,3
History,Assignment Completed,10.6,2024,Qtr 3,September,20,39.48,Undergraduate,Writing,7,TRUE,10
History,Assignment Completed,3.2,2024,Qtr 3,September,21,6.14,High School,Homework Help,2,TRUE,3
History,Assignment Completed,2.7,2024,Qtr 3,September,21,5.3,High School,Studying,1,TRUE,2
History,Assignment Completed,5,2024,Qtr 3,September,21,7.72,Undergraduate,Coding,1,TRUE,5
History,Assignment Completed,4.1,2024,Qtr 3,September,21,12.53,Undergraduate,Homework Help,3,FALSE,4
History,Assignment Completed,1.3,2024,Qtr 3,September,21,13.1,Undergraduate,Writing,2,TRUE,3
History,Assignment Completed,3.1,2024,Qtr 3,September,23,10.79,Undergraduate,Homework Help,2,TRUE,3
History,Assignment Completed,3.2,2024,Qtr 3,September,25,6.73,Undergraduate,Homework Help,1,TRUE,5
History,Assignment Completed,8.1,2024,Qtr 3,September,25,29.73,Undergraduate,Writing,10,TRUE,6
History,Assignment Completed,5,2024,Qtr 3,September,26,7.18,High School,Homework Help,2,FALSE,4
History,Assignment Completed,4.5,2024,Qtr 3,September,26,0.94,Undergraduate,Coding,1,TRUE,3
History,Assignment Completed,3,2024,Qtr 3,September,27,11.54,Undergraduate,Coding,2,TRUE,3
History,Assignment Completed,2.3,2024,Qtr 3,September,27,19.37,Undergraduate,Homework Help,7,TRUE,3
History,Assignment Completed,2.3,2024,Qtr 3,September,28,20.23,Graduate,Coding,4,TRUE,3
History,Assignment Completed,3.9,2024,Qtr 3,September,28,34.75,Graduate,Writing,17,TRUE,5
History,Assignment Completed,5,2024,Qtr 3,September,28,23.55,High School,Studying,8,TRUE,5
History,Assignment Completed,2.7,2024,Qtr 3,September,28,15.4,Undergraduate,Coding,5,FALSE,3
History,Assignment Completed,5,2024,Qtr 3,September,28,14.97,Undergraduate,Homework Help,4,TRUE,5
History,Assignment Completed,1,2024,Qtr 3,September,28,23.36,Undergraduate,Writing,9,TRUE,2
History,Assignment Completed,4,2024,Qtr 3,September,29,29.03,Graduate,Coding,14,FALSE,5
History,Assignment Completed,3.4,2024,Qtr 3,September,29,45.47,High School,Research,10,TRUE,4
History,Assignment Completed,2.7,2024,Qtr 3,September,30,33.4,Undergraduate,Writing,14,TRUE,2
History,Assignment Completed,3.4,2024,Qtr 4,October,2,11.69,Undergraduate,Coding,3,TRUE,4
History,Assignment Completed,5,2024,Qtr 4,October,4,53.73,High School,Homework Help,21,TRUE,5
History,Assignment Completed,2.2,2024,Qtr 4,October,4,32.1,Undergraduate,Coding,15,TRUE,2
History,Assignment Completed,7.5,2024,Qtr 4,October,4,37.57,Undergraduate,Homework Help,11,TRUE,7
History,Assignment Completed,5.2,2024,Qtr 4,October,4,67.62,Undergraduate,Writing,22,TRUE,6
History,Assignment Completed,3.4,2024,Qtr 4,October,5,14.49,Graduate,Coding,4,TRUE,3
History,Assignment Completed,3.4,2024,Qtr 4,October,5,6.51,Undergraduate,Coding,2,TRUE,4
History,Assignment Completed,4.9,2024,Qtr 4,October,6,16.85,Graduate,Studying,4,TRUE,4
History,Assignment Completed,2.6,2024,Qtr 4,October,6,20.38,High School,Coding,4,TRUE,2
History,Assignment Completed,8.2,2024,Qtr 4,October,6,38.97,Undergraduate,Coding,15,TRUE,8
History,Assignment Completed,2.4,2024,Qtr 4,October,8,5.47,Undergraduate,Writing,1,TRUE,3
History,Assignment Completed,3.9,2024,Qtr 4,October,9,15.84,High School,Coding,4,FALSE,4
History,Assignment Completed,4.6,2024,Qtr 4,October,9,19.28,Undergraduate,Homework Help,7,TRUE,6
History,Assignment Completed,3,2024,Qtr 4,October,10,30.46,Graduate,Homework Help,11,FALSE,3
History,Assignment Completed,7.8,2024,Qtr 4,October,10,10.91,High School,Homework Help,4,TRUE,7
History,Assignment Completed,3.6,2024,Qtr 4,October,11,5.66,Graduate,Homework Help,1,FALSE,4
History,Assignment Completed,4.8,2024,Qtr 4,October,11,13.14,Undergraduate,Writing,4,FALSE,5
History,Assignment Completed,4.1,2024,Qtr 4,October,12,25.84,Graduate,Homework Help,6,TRUE,4
History,Assignment Completed,4.6,2024,Qtr 4,October,12,10.89,Graduate,Writing,2,TRUE,5
History,Assignment Completed,3.2,2024,Qtr 4,October,12,4.41,High School,Homework Help,1,FALSE,3
History,Assignment Completed,9.3,2024,Qtr 4,October,12,63.02,High School,Writing,17,TRUE,10
History,Assignment Completed,4.8,2024,Qtr 4,October,12,20.92,Undergraduate,Coding,6,TRUE,4
History,Assignment Completed,4.1,2024,Qtr 4,October,13,33.37,Undergraduate,Studying,8,TRUE,4
History,Assignment Completed,4.1,2024,Qtr 4,October,14,2.49,Undergraduate,Writing,1,FALSE,4
History,Assignment Completed,4.4,2024,Qtr 4,October,15,15.43,Undergraduate,Coding,6,TRUE,5
History,Assignment Completed,3.2,2024,Qtr 4,October,16,7.8,Graduate,Coding,3,TRUE,3
History,Assignment Completed,1,2024,Qtr 4,October,16,12.52,High School,Studying,2,FALSE,2
History,Assignment Completed,3.6,2024,Qtr 4,October,17,6.91,Graduate,Coding,2,TRUE,3
History,Assignment Completed,3.8,2024,Qtr 4,October,17,14.12,High School,Research,6,FALSE,4
History,Assignment Completed,3.4,2024,Qtr 4,October,17,13.08,Undergraduate,Coding,3,TRUE,3
History,Assignment Completed,1.2,2024,Qtr 4,October,18,9,High School,Coding,2,TRUE,2
History,Assignment Completed,3.1,2024,Qtr 4,October,18,14.65,Undergraduate,Writing,3,TRUE,3
History,Assignment Completed,3.7,2024,Qtr 4,October,21,53.58,Graduate,Studying,14,TRUE,3
History,Assignment Completed,3,2024,Qtr 4,October,22,9.03,High School,Homework Help,1,TRUE,3
History,Assignment Completed,9.7,2024,Qtr 4,October,24,56.07,Undergraduate,Coding,14,TRUE,8
History,Assignment Completed,4.1,2024,Qtr 4,October,25,36.66,Undergraduate,Coding,7,TRUE,4
History,Assignment Completed,2.1,2024,Qtr 4,October,26,17,High School,Writing,6,TRUE,3
History,Assignment Completed,9.5,2024,Qtr 4,October,26,40.37,Undergraduate,Studying,11,TRUE,9
History,Assignment Completed,4.5,2024,Qtr 4,October,27,11.11,High School,Research,2,FALSE,4
History,Assignment Completed,3.6,2024,Qtr 4,October,27,29.45,Undergraduate,Writing,8,FALSE,4
History,Assignment Completed,5,2024,Qtr 4,October,28,28.19,Undergraduate,Homework Help,10,FALSE,5
History,Assignment Completed,4.4,2024,Qtr 4,October,29,9.24,Undergraduate,Coding,1,FALSE,5
History,Assignment Completed,4.3,2024,Qtr 4,October,29,21.09,Undergraduate,Studying,4,TRUE,5
History,Assignment Completed,5,2024,Qtr 4,October,29,30.5,Undergraduate,Writing,8,TRUE,5
History,Assignment Completed,5,2024,Qtr 4,October,30,57.71,Graduate,Writing,25,TRUE,4
History,Assignment Completed,3.8,2024,Qtr 4,October,31,11.97,Undergraduate,Homework Help,3,FALSE,2
History,Assignment Completed,4.2,2024,Qtr 4,November,1,8.85,Graduate,Coding,1,TRUE,3
History,Assignment Completed,4.5,2024,Qtr 4,November,2,16.28,Undergraduate,Writing,4,TRUE,4
History,Assignment Completed,4.3,2024,Qtr 4,November,3,26.95,Undergraduate,Homework Help,7,TRUE,4
History,Assignment Completed,2.5,2024,Qtr 4,November,4,8.53,High School,Homework Help,2,TRUE,2
History,Assignment Completed,4,2024,Qtr 4,November,5,3.68,Undergraduate,Research,1,TRUE,3
History,Assignment Completed,3.6,2024,Qtr 4,November,6,10.05,Graduate,Coding,2,TRUE,4
History,Assignment Completed,5,2024,Qtr 4,November,6,22.42,High School,Coding,5,FALSE,4
History,Assignment Completed,2.7,2024,Qtr 4,November,6,7.75,Undergraduate,Coding,3,FALSE,3
History,Assignment Completed,3.7,2024,Qtr 4,November,8,26.76,Undergraduate,Coding,12,TRUE,4
History,Assignment Completed,4.4,2024,Qtr 4,November,9,12.84,Graduate,Research,5,TRUE,5
History,Assignment Completed,3.6,2024,Qtr 4,November,9,18.66,Graduate,Writing,6,TRUE,4
History,Assignment Completed,3.3,2024,Qtr 4,November,10,17.46,Graduate,Writing,8,TRUE,4
History,Assignment Completed,1,2024,Qtr 4,November,11,17.66,Graduate,Research,3,TRUE,1
History,Assignment Completed,4.4,2024,Qtr 4,November,11,4.14,Undergraduate,Coding,1,FALSE,4
History,Assignment Completed,4.8,2024,Qtr 4,November,11,23.59,Undergraduate,Homework Help,10,TRUE,5
History,Assignment Completed,4.1,2024,Qtr 4,November,12,45.97,Undergraduate,Writing,10,TRUE,4
History,Assignment Completed,2.4,2024,Qtr 4,November,13,27.38,Undergraduate,Homework Help,7,TRUE,3
History,Assignment Completed,3,2024,Qtr 4,November,14,8.74,High School,Writing,2,TRUE,2
History,Assignment Completed,5,2024,Qtr 4,November,14,7.9,Undergraduate,Studying,1,TRUE,5
History,Assignment Completed,1.7,2024,Qtr 4,November,14,21.58,Undergraduate,Writing,6,FALSE,3
History,Assignment Completed,1,2024,Qtr 4,November,15,13.34,Undergraduate,Homework Help,4,TRUE,2
History,Assignment Completed,2.6,2024,Qtr 4,November,15,13.46,Undergraduate,Writing,4,TRUE,4
History,Assignment Completed,5,2024,Qtr 4,November,16,20.5,High School,Homework Help,9,TRUE,5
History,Assignment Completed,2.7,2024,Qtr 4,November,16,19.19,Undergraduate,Coding,5,TRUE,3
History,Assignment Completed,2.6,2024,Qtr 4,November,16,8.84,Undergraduate,Homework Help,1,TRUE,3
History,Assignment Completed,5,2024,Qtr 4,November,18,20.81,Graduate,Writing,8,TRUE,4
History,Assignment Completed,4.8,2024,Qtr 4,November,18,37,High School,Writing,11,TRUE,4
History,Assignment Completed,3.4,2024,Qtr 4,November,18,8.95,Undergraduate,Writing,4,TRUE,3
History,Assignment Completed,2.7,2024,Qtr 4,November,19,29.41,Undergraduate,Studying,6,FALSE,3
History,Assignment Completed,1,2024,Qtr 4,November,20,56.32,High School,Writing,18,TRUE,3
History,Assignment Completed,4,2024,Qtr 4,November,21,10.07,Undergraduate,Coding,2,FALSE,4
History,Assignment Completed,12.4,2024,Qtr 4,November,21,26.04,Undergraduate,Coding,7,TRUE,11
History,Assignment Completed,5,2024,Qtr 4,November,21,18.11,Undergraduate,Studying,7,FALSE,4
History,Assignment Completed,2.9,2024,Qtr 4,November,21,12.06,Undergraduate,Writing,2,TRUE,3
History,Assignment Completed,3.1,2024,Qtr 4,November,22,29.1,Undergraduate,Coding,8,TRUE,3
History,Assignment Completed,3.6,2024,Qtr 4,November,23,24.37,Undergraduate,Writing,10,TRUE,3
History,Assignment Completed,4.3,2024,Qtr 4,November,24,4.54,Graduate,Writing,1,FALSE,4
History,Assignment Completed,4.9,2024,Qtr 4,November,24,37.2,High School,Brainstorming,9,TRUE,3
History,Assignment Completed,1.6,2024,Qtr 4,November,24,21.77,Undergraduate,Writing,5,TRUE,2
History,Assignment Completed,3.4,2024,Qtr 4,November,25,24.98,Undergraduate,Writing,6,TRUE,3
History,Assignment Completed,3.3,2024,Qtr 4,November,26,29.06,Undergraduate,Coding,12,TRUE,2
History,Assignment Completed,1.5,2024,Qtr 4,November,27,25.41,Undergraduate,Writing,10,TRUE,3
History,Assignment Completed,4.4,2024,Qtr 4,November,28,10.61,Graduate,Studying,3,TRUE,5
History,Assignment Completed,4.1,2024,Qtr 4,November,29,37.88,Undergraduate,Coding,10,TRUE,4
History,Assignment Completed,4,2024,Qtr 4,November,29,13.08,Undergraduate,Homework Help,4,TRUE,3
History,Assignment Completed,2.9,2024,Qtr 4,November,29,37.72,Undergraduate,Writing,7,TRUE,3
History,Assignment Completed,3.6,2024,Qtr 4,November,30,11.31,Undergraduate,Studying,4,TRUE,4
History,Assignment Completed,2.6,2024,Qtr 4,December,1,14.87,Undergraduate,Coding,6,TRUE,3
History,Assignment Completed,4,2024,Qtr 4,December,1,6.24,Undergraduate,Homework Help,2,FALSE,3
History,Assignment Completed,3.8,2024,Qtr 4,December,3,9.63,Graduate,Homework Help,2,TRUE,4
History,Assignment Completed,5,2024,Qtr 4,December,3,9.46,High School,Writing,2,TRUE,5
History,Assignment Completed,3.7,2024,Qtr 4,December,3,64.46,Undergraduate,Writing,29,TRUE,4
History,Assignment Completed,3.7,2024,Qtr 4,December,4,33.19,Graduate,Studying,12,TRUE,4
History,Assignment Completed,3.9,2024,Qtr 4,December,4,13.4,Undergraduate,Writing,3,TRUE,3
History,Assignment Completed,1.5,2024,Qtr 4,December,5,2.84,High School,Writing,1,FALSE,2
History,Assignment Completed,5,2024,Qtr 4,December,6,35.16,Graduate,Coding,7,TRUE,5
History,Assignment Completed,3,2024,Qtr 4,December,6,31,High School,Studying,11,TRUE,3
History,Assignment Completed,3.9,2024,Qtr 4,December,6,20.5,Undergraduate,Coding,5,FALSE,4
History,Assignment Completed,4.7,2024,Qtr 4,December,6,28.9,Undergraduate,Homework Help,8,TRUE,3
History,Assignment Completed,4.8,2024,Qtr 4,December,7,7.22,Graduate,Coding,1,TRUE,4
History,Assignment Completed,4.7,2024,Qtr 4,December,8,6.48,Undergraduate,Coding,1,TRUE,5
History,Assignment Completed,1.8,2024,Qtr 4,December,8,10.1,Undergraduate,Studying,3,TRUE,2
History,Assignment Completed,3.1,2024,Qtr 4,December,9,4.48,Undergraduate,Writing,1,FALSE,4
History,Assignment Completed,3,2024,Qtr 4,December,10,21.11,Undergraduate,Writing,6,FALSE,4
History,Assignment Completed,5,2024,Qtr 4,December,11,12.81,Graduate,Coding,5,TRUE,5
History,Assignment Completed,5,2024,Qtr 4,December,11,9.09,High School,Homework Help,2,TRUE,5
History,Assignment Completed,2.8,2024,Qtr 4,December,11,3.08,Undergraduate,Coding,1,TRUE,3
History,Assignment Completed,3.1,2024,Qtr 4,December,11,44.82,Undergraduate,Studying,9,TRUE,3
History,Assignment Completed,4.2,2024,Qtr 4,December,13,32.06,High School,Homework Help,13,TRUE,5
History,Assignment Completed,3,2024,Qtr 4,December,13,5.52,High School,Writing,2,FALSE,3
History,Assignment Completed,5,2024,Qtr 4,December,13,9.66,High School,Writing,2,TRUE,4
History,Assignment Completed,3.3,2024,Qtr 4,December,14,7.54,Graduate,Studying,1,TRUE,3
History,Assignment Completed,5,2024,Qtr 4,December,14,38,Graduate,Writing,9,TRUE,4
History,Assignment Completed,2.2,2024,Qtr 4,December,14,11.46,Undergraduate,Homework Help,3,TRUE,3
History,Assignment Completed,3.7,2024,Qtr 4,December,15,43.6,Graduate,Studying,12,FALSE,4
History,Assignment Completed,2.2,2024,Qtr 4,December,15,11.09,Undergraduate,Writing,3,FALSE,2
History,Assignment Completed,5,2024,Qtr 4,December,15,30.59,Undergraduate,Writing,9,TRUE,5
History,Assignment Completed,2.9,2024,Qtr 4,December,16,37.63,Graduate,Homework Help,14,TRUE,3
History,Assignment Completed,3.1,2024,Qtr 4,December,17,27.09,Undergraduate,Writing,5,TRUE,4
History,Assignment Completed,3.4,2024,Qtr 4,December,18,41.64,Undergraduate,Writing,9,TRUE,4
History,Assignment Completed,2.8,2024,Qtr 4,December,19,18.51,High School,Homework Help,5,TRUE,4
History,Assignment Completed,9,2024,Qtr 4,December,19,48.18,Undergraduate,Writing,15,TRUE,8
History,Assignment Completed,4.2,2024,Qtr 4,December,20,23.39,Graduate,Coding,6,TRUE,4
History,Assignment Completed,3.1,2024,Qtr 4,December,20,6.68,Graduate,Studying,1,TRUE,1
History,Assignment Completed,3.2,2024,Qtr 4,December,20,8.06,High School,Writing,3,TRUE,4
History,Assignment Completed,2.9,2024,Qtr 4,December,20,43.6,Undergraduate,Homework Help,10,TRUE,3
History,Assignment Completed,2.7,2024,Qtr 4,December,20,11.17,Undergraduate,Studying,2,TRUE,2
History,Assignment Completed,1.3,2024,Qtr 4,December,21,28.69,Undergraduate,Coding,7,TRUE,1
History,Assignment Completed,1.9,2024,Qtr 4,December,21,2.82,Undergraduate,Homework Help,1,FALSE,3
History,Assignment Completed,2.4,2024,Qtr 4,December,22,1.26,High School,Coding,1,TRUE,3
History,Assignment Completed,3.5,2024,Qtr 4,December,24,16.31,Undergraduate,Homework Help,3,TRUE,4
History,Assignment Completed,2.2,2024,Qtr 4,December,24,9.61,Undergraduate,Studying,3,TRUE,3
History,Assignment Completed,1.8,2024,Qtr 4,December,25,23.25,Undergraduate,Coding,7,TRUE,4
History,Assignment Completed,2.8,2024,Qtr 4,December,25,51.98,Undergraduate,Homework Help,15,FALSE,3
History,Assignment Completed,1.8,2024,Qtr 4,December,25,4.84,Undergraduate,Homework Help,1,TRUE,2
History,Assignment Completed,3.2,2024,Qtr 4,December,25,11.88,Undergraduate,Research,4,TRUE,2
History,Assignment Completed,3.7,2024,Qtr 4,December,25,15.24,Undergraduate,Studying,6,TRUE,3
History,Assignment Completed,3.4,2024,Qtr 4,December,26,12.93,High School,Homework Help,5,TRUE,4
History,Assignment Completed,2.1,2024,Qtr 4,December,26,48.78,High School,Writing,11,FALSE,2
History,Assignment Completed,3.5,2024,Qtr 4,December,26,16.31,Undergraduate,Coding,3,TRUE,4
History,Assignment Completed,3.7,2024,Qtr 4,December,27,16.52,Graduate,Coding,4,TRUE,3
History,Assignment Completed,3.8,2024,Qtr 4,December,27,35.4,Graduate,Homework Help,14,TRUE,4
History,Assignment Completed,1.7,2024,Qtr 4,December,27,17.92,Undergraduate,Writing,3,TRUE,3
History,Assignment Completed,7.6,2024,Qtr 4,December,28,35.43,High School,Writing,9,TRUE,9
History,Assignment Completed,4.1,2024,Qtr 4,December,29,30.69,High School,Homework Help,6,TRUE,4
History,Assignment Completed,1.8,2024,Qtr 4,December,30,16.65,Undergraduate,Coding,6,TRUE,2
History,Assignment Completed,5,2024,Qtr 4,December,31,18.05,High School,Research,5,TRUE,5
History,Assignment Completed,3,2024,Qtr 4,December,31,48.18,Undergraduate,Coding,15,TRUE,3
History,Assignment Completed,4.2,2025,Qtr 1,January,1,49.87,Graduate,Brainstorming,14,TRUE,4
History,Assignment Completed,4.9,2025,Qtr 1,January,1,3.97,High School,Studying,1,TRUE,5
History,Assignment Completed,2.9,2025,Qtr 1,January,2,9.22,High School,Coding,4,FALSE,3
History,Assignment Completed,2.3,2025,Qtr 1,January,2,26.32,High School,Homework Help,7,TRUE,3
History,Assignment Completed,5,2025,Qtr 1,January,2,3.53,High School,Studying,1,TRUE,5
History,Assignment Completed,3.3,2025,Qtr 1,January,3,29.66,Undergraduate,Coding,6,TRUE,4
History,Assignment Completed,2.1,2025,Qtr 1,January,3,30.42,Undergraduate,Writing,9,TRUE,2
History,Assignment Completed,2.1,2025,Qtr 1,January,4,3.96,Undergraduate,Writing,1,TRUE,3
History,Assignment Completed,2.8,2025,Qtr 1,January,5,21.39,High School,Studying,4,TRUE,3
History,Assignment Completed,3.3,2025,Qtr 1,January,5,8.33,Undergraduate,Homework Help,3,TRUE,3
History,Assignment Completed,4.5,2025,Qtr 1,January,7,21.92,High School,Coding,9,TRUE,5
History,Assignment Completed,3.1,2025,Qtr 1,January,7,22.81,High School,Homework Help,6,TRUE,4
History,Assignment Completed,2.2,2025,Qtr 1,January,8,62.38,Graduate,Research,30,TRUE,3
History,Assignment Completed,3.5,2025,Qtr 1,January,8,10.28,Undergraduate,Studying,4,TRUE,4
History,Assignment Completed,1.4,2025,Qtr 1,January,11,9.3,Undergraduate,Coding,2,TRUE,2
History,Assignment Completed,3.8,2025,Qtr 1,January,11,2.45,Undergraduate,Research,1,TRUE,5
History,Assignment Completed,5,2025,Qtr 1,January,11,10.88,Undergraduate,Writing,4,TRUE,5
History,Assignment Completed,4.5,2025,Qtr 1,January,13,7.32,Graduate,Homework Help,1,TRUE,3
History,Assignment Completed,3.9,2025,Qtr 1,January,13,12.42,Undergraduate,Writing,3,TRUE,3
History,Assignment Completed,5,2025,Qtr 1,January,14,24.25,Graduate,Writing,5,TRUE,5
History,Assignment Completed,2.4,2025,Qtr 1,January,14,9.23,Undergraduate,Brainstorming,3,TRUE,2
History,Assignment Completed,4.3,2025,Qtr 1,January,15,32.53,Graduate,Writing,13,TRUE,5
History,Assignment Completed,4.3,2025,Qtr 1,January,15,2.35,Undergraduate,Homework Help,1,FALSE,4
History,Assignment Completed,3.1,2025,Qtr 1,January,16,3.2,Undergraduate,Coding,1,TRUE,4
History,Assignment Completed,5,2025,Qtr 1,January,16,10.19,Undergraduate,Writing,2,TRUE,5
History,Assignment Completed,5,2025,Qtr 1,January,18,24.74,High School,Coding,11,TRUE,4
History,Assignment Completed,1.8,2025,Qtr 1,January,18,5.3,Undergraduate,Studying,1,TRUE,1
History,Assignment Completed,4.5,2025,Qtr 1,January,19,33.4,Graduate,Studying,10,TRUE,4
History,Assignment Completed,4,2025,Qtr 1,January,19,35.94,High School,Coding,13,TRUE,3
History,Assignment Completed,3.1,2025,Qtr 1,January,19,4.11,Undergraduate,Writing,1,TRUE,3
History,Assignment Completed,5,2025,Qtr 1,January,20,5.76,High School,Homework Help,1,TRUE,5
History,Assignment Completed,1.4,2025,Qtr 1,January,20,24.85,Undergraduate,Homework Help,6,TRUE,2
History,Assignment Completed,3.8,2025,Qtr 1,January,21,10.81,High School,Research,2,TRUE,4
History,Assignment Completed,4.8,2025,Qtr 1,January,21,25.91,Undergraduate,Coding,6,TRUE,4
History,Assignment Completed,3.6,2025,Qtr 1,January,22,4.77,High School,Homework Help,1,TRUE,3
History,Assignment Completed,5,2025,Qtr 1,January,23,9.26,Graduate,Studying,2,TRUE,5
History,Assignment Completed,3.7,2025,Qtr 1,January,24,35.26,Graduate,Coding,8,TRUE,3
History,Assignment Completed,5,2025,Qtr 1,January,25,29.52,Graduate,Coding,11,TRUE,4
History,Assignment Completed,3,2025,Qtr 1,January,25,5.3,Graduate,Studying,1,TRUE,2
History,Assignment Completed,1,2025,Qtr 1,January,25,30.78,Graduate,Writing,6,TRUE,1
History,Assignment Completed,3.2,2025,Qtr 1,January,25,19.99,High School,Homework Help,5,TRUE,3
History,Assignment Completed,3.2,2025,Qtr 1,January,26,27.11,Undergraduate,Studying,9,TRUE,4
History,Assignment Completed,3,2025,Qtr 1,January,28,4.96,Undergraduate,Writing,1,TRUE,2
History,Assignment Completed,1.3,2025,Qtr 1,January,29,30,Undergraduate,Coding,11,FALSE,2
History,Assignment Completed,5,2025,Qtr 1,January,29,15.68,Undergraduate,Writing,3,TRUE,5
History,Assignment Completed,5,2025,Qtr 1,January,30,8.94,Undergraduate,Homework Help,2,TRUE,5
History,Assignment Completed,4.2,2025,Qtr 1,January,31,17.16,Undergraduate,Coding,3,TRUE,5
History,Assignment Completed,3.2,2025,Qtr 1,January,31,30.18,Undergraduate,Studying,7,TRUE,3
History,Assignment Completed,4.2,2025,Qtr 1,February,1,28.85,Graduate,Studying,9,TRUE,4
History,Assignment Completed,5,2025,Qtr 1,February,1,8.63,High School,Studying,2,TRUE,4
History,Assignment Completed,4.8,2025,Qtr 1,February,1,28.38,Undergraduate,Research,7,TRUE,5
History,Assignment Completed,3.9,2025,Qtr 1,February,2,4.81,High School,Coding,1,FALSE,5
History,Assignment Completed,2.7,2025,Qtr 1,February,3,16.07,High School,Coding,3,TRUE,2
History,Assignment Completed,3.7,2025,Qtr 1,February,4,22.55,High School,Homework Help,6,TRUE,4
History,Assignment Completed,1.2,2025,Qtr 1,February,5,9.61,High School,Coding,3,TRUE,3
History,Assignment Completed,2.8,2025,Qtr 1,February,5,25.04,High School,Writing,8,TRUE,4
History,Assignment Completed,4,2025,Qtr 1,February,5,21.09,Undergraduate,Coding,4,TRUE,4
History,Assignment Completed,3.2,2025,Qtr 1,February,5,15.42,Undergraduate,Writing,4,TRUE,3
History,Assignment Completed,3.8,2025,Qtr 1,February,7,18.31,Graduate,Homework Help,5,TRUE,4
History,Assignment Completed,2.9,2025,Qtr 1,February,7,3.36,Graduate,Writing,1,TRUE,3
History,Assignment Completed,3.6,2025,Qtr 1,February,7,40.37,Undergraduate,Homework Help,15,TRUE,3
History,Assignment Completed,5,2025,Qtr 1,February,9,7.29,Undergraduate,Coding,1,TRUE,5
History,Assignment Completed,3.8,2025,Qtr 1,February,9,48.28,Undergraduate,Homework Help,15,TRUE,4
History,Assignment Completed,1.6,2025,Qtr 1,February,9,18.4,Undergraduate,Studying,3,TRUE,2
History,Assignment Completed,2.7,2025,Qtr 1,February,11,14.86,Undergraduate,Brainstorming,6,TRUE,3
History,Assignment Completed,5.3,2025,Qtr 1,February,11,18.43,Undergraduate,Writing,4,TRUE,5
History,Assignment Completed,1.6,2025,Qtr 1,February,12,10.7,Undergraduate,Coding,2,TRUE,3
History,Assignment Completed,2.9,2025,Qtr 1,February,13,9.9,High School,Studying,4,TRUE,4
History,Assignment Completed,3.2,2025,Qtr 1,February,13,0.78,High School,Writing,1,TRUE,3
History,Assignment Completed,7.1,2025,Qtr 1,February,13,33.46,Undergraduate,Writing,8,TRUE,7
History,Assignment Completed,4.3,2025,Qtr 1,February,14,24.83,Graduate,Coding,5,TRUE,3
History,Assignment Completed,3.3,2025,Qtr 1,February,14,26.2,Undergraduate,Coding,8,TRUE,3
History,Assignment Completed,5,2025,Qtr 1,February,15,41.97,Undergraduate,Writing,10,TRUE,5
History,Assignment Completed,3.3,2025,Qtr 1,February,16,16.8,Graduate,Coding,5,TRUE,3
History,Assignment Completed,4.4,2025,Qtr 1,February,16,31.42,Undergraduate,Writing,8,FALSE,5
History,Assignment Completed,3.6,2025,Qtr 1,February,17,7.24,Graduate,Research,2,TRUE,4
History,Assignment Completed,5,2025,Qtr 1,February,17,25.57,High School,Coding,6,TRUE,5
History,Assignment Completed,4,2025,Qtr 1,February,17,12.86,High School,Writing,2,TRUE,4
History,Assignment Completed,4.2,2025,Qtr 1,February,17,21.79,Undergraduate,Homework Help,6,TRUE,6
History,Assignment Completed,1.6,2025,Qtr 1,February,17,7.83,Undergraduate,Studying,2,FALSE,2
History,Assignment Completed,3.9,2025,Qtr 1,February,18,9.7,Graduate,Homework Help,1,TRUE,4
History,Assignment Completed,4.7,2025,Qtr 1,February,18,6.34,Undergraduate,Coding,1,TRUE,3
History,Assignment Completed,4.7,2025,Qtr 1,February,19,12.38,Undergraduate,Writing,3,TRUE,4
History,Assignment Completed,3.3,2025,Qtr 1,February,20,35.16,Undergraduate,Brainstorming,16,TRUE,4
History,Assignment Completed,2.7,2025,Qtr 1,February,22,8.73,High School,Homework Help,2,TRUE,3
History,Assignment Completed,5,2025,Qtr 1,February,22,16.62,Undergraduate,Coding,3,TRUE,5
History,Assignment Completed,8.7,2025,Qtr 1,February,22,33.78,Undergraduate,Writing,11,TRUE,8
History,Assignment Completed,5,2025,Qtr 1,February,23,8.67,High School,Studying,2,TRUE,5
History,Assignment Completed,6.2,2025,Qtr 1,February,23,34.71,Undergraduate,Coding,10,TRUE,5
History,Assignment Completed,4,2025,Qtr 1,February,25,14.67,Graduate,Homework Help,3,TRUE,4
History,Assignment Completed,1,2025,Qtr 1,February,25,20.18,High School,Coding,7,TRUE,1
History,Assignment Completed,3,2025,Qtr 1,February,26,28.32,Undergraduate,Coding,8,TRUE,3
History,Assignment Completed,4,2025,Qtr 1,February,27,38.59,Undergraduate,Coding,12,TRUE,4
History,Assignment Completed,5,2025,Qtr 1,February,27,25.18,Undergraduate,Homework Help,5,FALSE,4
History,Assignment Completed,5,2025,Qtr 1,February,28,29.11,Graduate,Homework Help,6,FALSE,4
History,Assignment Completed,5,2025,Qtr 1,February,28,28.49,Graduate,Writing,5,TRUE,5
History,Assignment Completed,2.2,2025,Qtr 1,February,28,10.01,High School,Studying,3,TRUE,2
History,Assignment Completed,2.4,2025,Qtr 1,March,1,11.98,Undergraduate,Writing,4,TRUE,4
History,Assignment Completed,3.5,2025,Qtr 1,March,2,10.14,High School,Studying,2,FALSE,4
History,Assignment Completed,4.4,2025,Qtr 1,March,4,15.43,Undergraduate,Studying,3,FALSE,5
History,Assignment Completed,2.8,2025,Qtr 1,March,4,16.49,Undergraduate,Writing,6,TRUE,2
History,Assignment Completed,4.8,2025,Qtr 1,March,6,25.49,High School,Homework Help,7,FALSE,5
History,Assignment Completed,3.3,2025,Qtr 1,March,7,54.53,Undergraduate,Coding,14,TRUE,3
History,Assignment Completed,3.2,2025,Qtr 1,March,7,6.18,Undergraduate,Research,1,FALSE,3
History,Assignment Completed,5.1,2025,Qtr 1,March,7,24.79,Undergraduate,Writing,6,FALSE,5
History,Assignment Completed,3.5,2025,Qtr 1,March,7,9.62,Undergraduate,Writing,4,TRUE,3
History,Assignment Completed,3.2,2025,Qtr 1,March,8,0.94,Graduate,Coding,1,TRUE,3
History,Assignment Completed,4,2025,Qtr 1,March,9,8.42,Undergraduate,Coding,2,TRUE,5
History,Assignment Completed,2.8,2025,Qtr 1,March,10,34.27,Graduate,Writing,14,FALSE,4
History,Assignment Completed,2.5,2025,Qtr 1,March,10,14.24,Undergraduate,Writing,2,TRUE,3
History,Assignment Completed,4.2,2025,Qtr 1,March,11,50.16,High School,Homework Help,10,FALSE,4
History,Assignment Completed,4.1,2025,Qtr 1,March,11,8.61,High School,Writing,2,FALSE,3
History,Assignment Completed,5,2025,Qtr 1,March,11,18.08,High School,Writing,5,TRUE,4
History,Assignment Completed,3.3,2025,Qtr 1,March,11,3.5,Undergraduate,Coding,1,TRUE,4
History,Assignment Completed,4.6,2025,Qtr 1,March,12,12.51,Graduate,Writing,2,TRUE,5
History,Assignment Completed,3.1,2025,Qtr 1,March,12,19.46,Undergraduate,Coding,4,TRUE,4
History,Assignment Completed,3.1,2025,Qtr 1,March,12,16.53,Undergraduate,Studying,3,TRUE,3
History,Assignment Completed,7.5,2025,Qtr 1,March,13,41.79,Undergraduate,Writing,10,TRUE,10
History,Assignment Completed,3.2,2025,Qtr 1,March,15,40.09,Graduate,Studying,10,TRUE,3
History,Assignment Completed,4,2025,Qtr 1,March,16,16.93,Undergraduate,Studying,3,TRUE,5
History,Assignment Completed,4.8,2025,Qtr 1,March,17,35.06,Graduate,Coding,8,TRUE,4
History,Assignment Completed,3.4,2025,Qtr 1,March,17,19.97,High School,Writing,9,TRUE,3
History,Assignment Completed,4.5,2025,Qtr 1,March,18,41.88,High School,Studying,12,TRUE,4
History,Assignment Completed,4.9,2025,Qtr 1,March,18,24.75,Undergraduate,Coding,5,TRUE,4
History,Assignment Completed,4.3,2025,Qtr 1,March,18,16.78,Undergraduate,Writing,3,TRUE,5
History,Assignment Completed,3.6,2025,Qtr 1,March,19,11.77,Undergraduate,Writing,3,TRUE,4
History,Assignment Completed,2.9,2025,Qtr 1,March,21,13.4,High School,Studying,3,TRUE,3
History,Assignment Completed,2.5,2025,Qtr 1,March,21,16.77,Undergraduate,Studying,3,TRUE,3
History,Assignment Completed,4.3,2025,Qtr 1,March,22,6.83,Undergraduate,Homework Help,1,TRUE,5
History,Assignment Completed,2.5,2025,Qtr 1,March,24,7.52,Graduate,Research,1,TRUE,1
History,Assignment Completed,4.2,2025,Qtr 1,March,24,0.96,Undergraduate,Writing,1,TRUE,3
History,Assignment Completed,4.5,2025,Qtr 1,March,25,18.61,Undergraduate,Coding,3,TRUE,4
History,Assignment Completed,4.8,2025,Qtr 1,March,25,30.03,Undergraduate,Research,8,TRUE,5
History,Assignment Completed,5,2025,Qtr 1,March,25,32.12,Undergraduate,Writing,15,TRUE,4
History,Assignment Completed,1.6,2025,Qtr 1,March,26,39.81,High School,Writing,10,TRUE,2
History,Assignment Completed,5,2025,Qtr 1,March,27,9.81,Undergraduate,Homework Help,2,TRUE,5
History,Assignment Completed,1.9,2025,Qtr 1,March,28,14.89,Graduate,Studying,3,TRUE,2
History,Assignment Completed,5,2025,Qtr 1,March,28,18.38,Undergraduate,Coding,7,TRUE,4
History,Assignment Completed,2.5,2025,Qtr 1,March,28,19.43,Undergraduate,Studying,8,FALSE,2
History,Assignment Completed,2.3,2025,Qtr 1,March,29,16.85,Graduate,Coding,8,FALSE,3
History,Assignment Completed,2,2025,Qtr 1,March,29,9.56,High School,Writing,2,TRUE,3
History,Assignment Completed,1,2025,Qtr 1,March,30,13.72,High School,Coding,3,TRUE,2
History,Assignment Completed,2.2,2025,Qtr 1,March,30,42.19,Undergraduate,Writing,8,TRUE,3
History,Assignment Completed,3.3,2025,Qtr 1,March,31,14.41,Undergraduate,Writing,3,TRUE,3
History,Assignment Completed,1.1,2025,Qtr 2,April,1,9.66,High School,Homework Help,3,TRUE,2
History,Assignment Completed,4.3,2025,Qtr 2,April,1,37.1,High School,Studying,15,TRUE,4
History,Assignment Completed,3.3,2025,Qtr 2,April,1,8.52,High School,Writing,2,TRUE,3
History,Assignment Completed,3.2,2025,Qtr 2,April,1,20.25,Undergraduate,Coding,7,TRUE,3
History,Assignment Completed,3.5,2025,Qtr 2,April,1,14.59,Undergraduate,Homework Help,4,TRUE,3
History,Assignment Completed,2.1,2025,Qtr 2,April,2,75.42,Graduate,Writing,30,TRUE,2
History,Assignment Completed,3.9,2025,Qtr 2,April,2,7.29,Undergraduate,Studying,1,TRUE,4
History,Assignment Completed,4.6,2025,Qtr 2,April,3,40.39,Graduate,Studying,9,TRUE,5
History,Assignment Completed,3.7,2025,Qtr 2,April,3,14.62,Undergraduate,Writing,4,TRUE,4
History,Assignment Completed,9.4,2025,Qtr 2,April,5,60.41,Graduate,Studying,17,TRUE,8
History,Assignment Completed,3.9,2025,Qtr 2,April,5,14.57,Graduate,Writing,6,TRUE,3
History,Assignment Completed,4.4,2025,Qtr 2,April,5,9.41,Undergraduate,Coding,2,TRUE,4
History,Assignment Completed,3.1,2025,Qtr 2,April,5,27.47,Undergraduate,Writing,5,FALSE,2
History,Assignment Completed,5,2025,Qtr 2,April,6,17.11,Graduate,Coding,4,TRUE,5
History,Assignment Completed,3.4,2025,Qtr 2,April,6,10.31,High School,Writing,4,TRUE,3
History,Assignment Completed,1.2,2025,Qtr 2,April,6,7.38,Undergraduate,Writing,2,TRUE,3
History,Assignment Completed,3.1,2025,Qtr 2,April,9,33.5,High School,Writing,8,TRUE,4
History,Assignment Completed,4.9,2025,Qtr 2,April,9,44.51,Undergraduate,Writing,11,TRUE,4
History,Assignment Completed,3.2,2025,Qtr 2,April,10,10.27,Graduate,Writing,3,FALSE,2
History,Assignment Completed,5,2025,Qtr 2,April,10,9.58,Undergraduate,Homework Help,2,FALSE,5
History,Assignment Completed,3.7,2025,Qtr 2,April,10,33.54,Undergraduate,Homework Help,13,TRUE,3
History,Assignment Completed,3.3,2025,Qtr 2,April,11,23.14,High School,Coding,7,TRUE,3
History,Assignment Completed,4.7,2025,Qtr 2,April,11,10.3,Undergraduate,Studying,4,TRUE,4
History,Assignment Completed,5,2025,Qtr 2,April,11,19.39,Undergraduate,Writing,7,TRUE,5
History,Assignment Completed,2.5,2025,Qtr 2,April,12,13.85,High School,Coding,6,TRUE,2
History,Assignment Completed,4.4,2025,Qtr 2,April,12,24.21,High School,Studying,5,TRUE,4
History,Assignment Completed,2.1,2025,Qtr 2,April,12,8.1,High School,Writing,3,TRUE,3
History,Assignment Completed,1.3,2025,Qtr 2,April,13,7.26,High School,Coding,1,TRUE,2
History,Assignment Completed,2.5,2025,Qtr 2,April,14,2.94,Undergraduate,Writing,1,FALSE,3
History,Assignment Completed,2.4,2025,Qtr 2,April,14,24.43,Undergraduate,Writing,10,TRUE,3
History,Assignment Completed,4.1,2025,Qtr 2,April,15,40.68,High School,Studying,19,FALSE,5
History,Assignment Completed,1.4,2025,Qtr 2,April,15,28.58,Undergraduate,Coding,6,TRUE,3
History,Assignment Completed,3.8,2025,Qtr 2,April,15,32.8,Undergraduate,Writing,13,TRUE,3
History,Assignment Completed,1.8,2025,Qtr 2,April,16,51.13,High School,Homework Help,23,FALSE,3
History,Assignment Completed,4.2,2025,Qtr 2,April,16,16.43,Undergraduate,Studying,4,TRUE,3
History,Assignment Completed,4.3,2025,Qtr 2,April,17,15.94,Undergraduate,Homework Help,6,FALSE,3
History,Assignment Completed,4.6,2025,Qtr 2,April,18,8.47,Graduate,Writing,1,TRUE,4
History,Assignment Completed,3.2,2025,Qtr 2,April,18,6.95,Undergraduate,Homework Help,3,TRUE,4
History,Assignment Completed,7.8,2025,Qtr 2,April,19,25.3,High School,Coding,6,TRUE,8
History,Assignment Completed,1,2025,Qtr 2,April,21,12.89,Undergraduate,Writing,3,TRUE,1
History,Assignment Completed,1,2025,Qtr 2,April,22,14.83,Graduate,Writing,3,TRUE,1
History,Assignment Completed,3.8,2025,Qtr 2,April,22,19.81,High School,Brainstorming,4,TRUE,3
History,Assignment Completed,5,2025,Qtr 2,April,22,3.24,Undergraduate,Writing,1,TRUE,5
History,Assignment Completed,4.5,2025,Qtr 2,April,23,11.78,Graduate,Writing,3,FALSE,5
History,Assignment Completed,5,2025,Qtr 2,April,23,33.63,High School,Homework Help,7,TRUE,4
History,Assignment Completed,1.3,2025,Qtr 2,April,23,5.98,High School,Studying,2,TRUE,3
History,Assignment Completed,4.7,2025,Qtr 2,April,23,31.33,Undergraduate,Coding,15,TRUE,3
History,Assignment Completed,4.5,2025,Qtr 2,April,24,36.75,Undergraduate,Coding,15,TRUE,5
History,Assignment Completed,3.8,2025,Qtr 2,April,25,29.53,Undergraduate,Coding,7,TRUE,5
History,Assignment Completed,3.6,2025,Qtr 2,April,25,5.65,Undergraduate,Homework Help,2,TRUE,2
History,Assignment Completed,1.7,2025,Qtr 2,April,25,39.61,Undergraduate,Studying,9,TRUE,3
History,Assignment Completed,4.1,2025,Qtr 2,April,25,14.07,Undergraduate,Writing,2,FALSE,3
History,Assignment Completed,4.1,2025,Qtr 2,April,26,22.86,Undergraduate,Brainstorming,5,FALSE,3
History,Assignment Completed,3.9,2025,Qtr 2,April,26,3.55,Undergraduate,Writing,1,TRUE,4
History,Assignment Completed,2.7,2025,Qtr 2,April,27,21.28,High School,Coding,6,TRUE,3
History,Assignment Completed,3.2,2025,Qtr 2,April,27,21.26,High School,Homework Help,6,TRUE,3
History,Assignment Completed,5,2025,Qtr 2,April,27,39.04,Undergraduate,Coding,12,TRUE,5
History,Assignment Completed,3.2,2025,Qtr 2,April,28,12.64,Graduate,Homework Help,3,TRUE,2
History,Assignment Completed,4.4,2025,Qtr 2,April,28,24.37,High School,Writing,6,TRUE,3
History,Assignment Completed,4.7,2025,Qtr 2,April,29,16.5,High School,Homework Help,5,TRUE,5
History,Assignment Completed,3.5,2025,Qtr 2,April,29,9.89,Undergraduate,Coding,3,TRUE,4
History,Assignment Completed,3.7,2025,Qtr 2,April,30,18.57,Graduate,Homework Help,4,FALSE,4
History,Assignment Completed,3.9,2025,Qtr 2,May,1,9.84,Graduate,Homework Help,3,TRUE,4
History,Assignment Completed,1.6,2025,Qtr 2,May,1,22.24,High School,Homework Help,10,TRUE,2
History,Assignment Completed,3.8,2025,Qtr 2,May,2,41.14,High School,Writing,9,FALSE,4
History,Assignment Completed,3.4,2025,Qtr 2,May,2,14.72,High School,Writing,6,TRUE,3
History,Assignment Completed,5,2025,Qtr 2,May,2,61.64,Undergraduate,Coding,18,TRUE,5
History,Assignment Completed,3.7,2025,Qtr 2,May,3,5.49,High School,Writing,2,TRUE,3
History,Assignment Completed,2.9,2025,Qtr 2,May,4,5.03,Graduate,Writing,1,TRUE,3
History,Assignment Completed,2.9,2025,Qtr 2,May,5,11.96,Graduate,Studying,2,TRUE,2
History,Assignment Completed,4,2025,Qtr 2,May,5,29.44,Undergraduate,Brainstorming,8,TRUE,4
History,Assignment Completed,2.1,2025,Qtr 2,May,6,19.47,High School,Writing,7,TRUE,3
History,Assignment Completed,3.6,2025,Qtr 2,May,7,8.03,High School,Homework Help,2,TRUE,4
History,Assignment Completed,3.3,2025,Qtr 2,May,7,12.16,Undergraduate,Research,2,TRUE,4
History,Assignment Completed,4.4,2025,Qtr 2,May,9,3.06,High School,Writing,1,FALSE,3
History,Assignment Completed,3.5,2025,Qtr 2,May,9,6.89,Undergraduate,Coding,1,TRUE,3
History,Assignment Completed,2.6,2025,Qtr 2,May,10,1.57,Graduate,Writing,1,TRUE,3
History,Assignment Completed,4.1,2025,Qtr 2,May,10,9.13,High School,Coding,4,FALSE,5
History,Assignment Completed,3.7,2025,Qtr 2,May,10,63.65,High School,Studying,13,TRUE,3
History,Assignment Completed,2.3,2025,Qtr 2,May,10,11.81,Undergraduate,Homework Help,3,TRUE,2
History,Assignment Completed,4.3,2025,Qtr 2,May,10,21.88,Undergraduate,Studying,9,TRUE,4
History,Assignment Completed,6.5,2025,Qtr 2,May,10,32.56,Undergraduate,Writing,8,TRUE,8
History,Assignment Completed,1.9,2025,Qtr 2,May,11,16.76,Undergraduate,Writing,4,FALSE,2
History,Assignment Completed,3.3,2025,Qtr 2,May,11,16.1,Undergraduate,Writing,3,TRUE,4
History,Assignment Completed,3.9,2025,Qtr 2,May,12,9.16,Graduate,Writing,3,TRUE,4
History,Assignment Completed,4.2,2025,Qtr 2,May,12,7.31,High School,Writing,3,TRUE,4
History,Assignment Completed,3.5,2025,Qtr 2,May,13,23.94,Graduate,Studying,6,TRUE,4
History,Assignment Completed,3,2025,Qtr 2,May,13,16.79,Graduate,Writing,6,FALSE,3
History,Assignment Completed,2.5,2025,Qtr 2,May,13,6.06,High School,Homework Help,2,TRUE,2
History,Assignment Completed,2.5,2025,Qtr 2,May,13,25.76,Undergraduate,Studying,5,TRUE,3
History,Assignment Completed,1.6,2025,Qtr 2,May,14,19.42,Graduate,Coding,4,TRUE,3
History,Assignment Completed,2.3,2025,Qtr 2,May,14,30.82,High School,Homework Help,14,TRUE,4
History,Assignment Completed,3.5,2025,Qtr 2,May,14,11.77,Undergraduate,Homework Help,2,TRUE,3
History,Assignment Completed,3.2,2025,Qtr 2,May,14,12.03,Undergraduate,Writing,2,TRUE,3
History,Assignment Completed,2.2,2025,Qtr 2,May,15,13.39,Undergraduate,Writing,4,FALSE,4
History,Assignment Completed,3.4,2025,Qtr 2,May,16,8.35,Undergraduate,Coding,2,TRUE,5
History,Assignment Completed,4.5,2025,Qtr 2,May,16,9.3,Undergraduate,Homework Help,1,TRUE,4
History,Assignment Completed,1,2025,Qtr 2,May,16,18.24,Undergraduate,Studying,5,TRUE,2
History,Assignment Completed,2.3,2025,Qtr 2,May,16,56.96,Undergraduate,Writing,18,FALSE,3
History,Assignment Completed,2.9,2025,Qtr 2,May,18,17.99,High School,Writing,7,TRUE,4
History,Assignment Completed,3.8,2025,Qtr 2,May,19,16.17,Undergraduate,Studying,3,TRUE,4
History,Assignment Completed,3.1,2025,Qtr 2,May,20,27.46,Graduate,Homework Help,7,TRUE,3
History,Assignment Completed,4.7,2025,Qtr 2,May,20,25.84,Graduate,Writing,6,TRUE,4
History,Assignment Completed,2.7,2025,Qtr 2,May,20,6.99,Undergraduate,Coding,1,TRUE,3
History,Assignment Completed,4.5,2025,Qtr 2,May,20,23.28,Undergraduate,Homework Help,7,TRUE,5
History,Assignment Completed,3,2025,Qtr 2,May,20,14.22,Undergraduate,Writing,2,TRUE,3
History,Assignment Completed,3.6,2025,Qtr 2,May,22,3.62,Graduate,Studying,1,FALSE,4
History,Assignment Completed,5,2025,Qtr 2,May,22,42.25,High School,Writing,14,FALSE,5
History,Assignment Completed,3.6,2025,Qtr 2,May,23,39.91,High School,Writing,9,TRUE,4
History,Assignment Completed,1.8,2025,Qtr 2,May,23,48.52,Undergraduate,Research,10,TRUE,3
History,Assignment Completed,3.1,2025,Qtr 2,May,23,15.86,Undergraduate,Writing,4,FALSE,3
History,Assignment Completed,4,2025,Qtr 2,May,23,17.36,Undergraduate,Writing,3,TRUE,4
History,Assignment Completed,6,2025,Qtr 2,May,24,98.77,High School,Writing,29,TRUE,6
History,Assignment Completed,3.3,2025,Qtr 2,May,25,3.07,High School,Homework Help,1,TRUE,4
History,Assignment Completed,3.9,2025,Qtr 2,May,25,11.46,Undergraduate,Coding,5,TRUE,3
History,Assignment Completed,3.3,2025,Qtr 2,May,26,15.87,High School,Coding,3,TRUE,4
History,Assignment Completed,2.4,2025,Qtr 2,May,26,9.17,Undergraduate,Homework Help,3,TRUE,3
History,Assignment Completed,5,2025,Qtr 2,May,27,31.36,Undergraduate,Coding,12,TRUE,5
History,Assignment Completed,4.7,2025,Qtr 2,May,28,5.66,Graduate,Homework Help,1,TRUE,4
History,Assignment Completed,5,2025,Qtr 2,May,29,20.19,High School,Coding,8,TRUE,5
History,Assignment Completed,1.7,2025,Qtr 2,May,29,11.15,Undergraduate,Studying,4,FALSE,3
History,Assignment Completed,3.4,2025,Qtr 2,May,29,13.49,Undergraduate,Writing,4,TRUE,4
History,Assignment Completed,2.2,2025,Qtr 2,May,30,13.65,Undergraduate,Writing,5,TRUE,3
History,Assignment Completed,1.3,2025,Qtr 2,May,31,10.05,Graduate,Writing,5,TRUE,2
History,Assignment Completed,4,2025,Qtr 2,May,31,21.74,Undergraduate,Coding,5,TRUE,4
History,Assignment Completed,7.6,2025,Qtr 2,June,1,36.29,Graduate,Writing,9,TRUE,7
History,Assignment Completed,1.4,2025,Qtr 2,June,1,37.05,Undergraduate,Studying,7,TRUE,2
History,Assignment Completed,5,2025,Qtr 2,June,3,11.83,Graduate,Homework Help,2,TRUE,5
History,Assignment Completed,4.1,2025,Qtr 2,June,3,0.64,Undergraduate,Writing,1,TRUE,4
History,Assignment Completed,2.8,2025,Qtr 2,June,5,8.56,Undergraduate,Homework Help,3,FALSE,3
History,Assignment Completed,3.4,2025,Qtr 2,June,6,25.18,Undergraduate,Coding,5,TRUE,3
History,Assignment Completed,4.3,2025,Qtr 2,June,7,17.53,High School,Coding,6,TRUE,4
History,Assignment Completed,3.1,2025,Qtr 2,June,7,9.79,High School,Homework Help,2,TRUE,3
History,Assignment Completed,3.4,2025,Qtr 2,June,8,31.02,High School,Studying,6,TRUE,3
History,Assignment Completed,5,2025,Qtr 2,June,8,13.76,Undergraduate,Studying,6,TRUE,5
History,Assignment Completed,1.1,2025,Qtr 2,June,10,10.11,Undergraduate,Coding,2,TRUE,2
History,Assignment Completed,8.6,2025,Qtr 2,June,11,39.77,Graduate,Studying,12,TRUE,9
History,Assignment Completed,1.4,2025,Qtr 2,June,11,51.33,Undergraduate,Studying,25,TRUE,2
History,Assignment Completed,4,2025,Qtr 2,June,13,19.3,High School,Coding,4,TRUE,4
History,Assignment Completed,2.6,2025,Qtr 2,June,13,42.47,Undergraduate,Coding,12,TRUE,3
History,Assignment Completed,5,2025,Qtr 2,June,13,43.22,Undergraduate,Homework Help,14,TRUE,5
History,Assignment Completed,4,2025,Qtr 2,June,14,25.2,High School,Studying,5,TRUE,5
History,Assignment Completed,4.2,2025,Qtr 2,June,14,24.61,Undergraduate,Research,7,TRUE,4
History,Assignment Completed,6.4,2025,Qtr 2,June,16,101.36,Undergraduate,Homework Help,44,TRUE,5
History,Assignment Completed,2.1,2025,Qtr 2,June,17,21.94,Undergraduate,Homework Help,5,FALSE,3
History,Assignment Completed,1.5,2025,Qtr 2,June,20,24.44,Undergraduate,Coding,8,TRUE,2
History,Assignment Completed,2,2025,Qtr 2,June,20,10.33,Undergraduate,Writing,4,TRUE,2
History,Assignment Completed,2.4,2025,Qtr 2,June,21,33.14,Graduate,Writing,12,TRUE,3
History,Assignment Completed,4.9,2025,Qtr 2,June,21,13.76,Undergraduate,Writing,3,FALSE,3
History,Assignment Completed,6.4,2025,Qtr 2,June,21,31.9,Undergraduate,Writing,7,TRUE,7
History,Assignment Completed,2.5,2025,Qtr 2,June,23,15.27,Undergraduate,Coding,4,FALSE,2
History,Assignment Completed,2.1,2025,Qtr 2,June,24,38.32,Undergraduate,Writing,16,TRUE,3
History,Confused,1.8,2024,Qtr 2,June,24,3.86,Undergraduate,Homework Help,1,TRUE,3
History,Confused,3.5,2024,Qtr 2,June,26,25.74,Undergraduate,Studying,6,FALSE,3
History,Confused,3.1,2024,Qtr 3,July,1,1.53,Graduate,Research,1,TRUE,4
History,Confused,2.5,2024,Qtr 3,July,2,19.73,Undergraduate,Homework Help,4,TRUE,3
History,Confused,2.4,2024,Qtr 3,July,4,24.38,Undergraduate,Coding,4,TRUE,3
History,Confused,2.2,2024,Qtr 3,July,5,5.23,Graduate,Homework Help,1,TRUE,4
History,Confused,5,2024,Qtr 3,July,9,27.61,High School,Coding,7,FALSE,5
History,Confused,5,2024,Qtr 3,July,11,10.48,Graduate,Writing,5,TRUE,5
History,Confused,4.6,2024,Qtr 3,July,11,23.32,Undergraduate,Studying,6,FALSE,4
History,Confused,3.5,2024,Qtr 3,July,12,4.63,Undergraduate,Writing,1,FALSE,5
History,Confused,3.1,2024,Qtr 3,July,13,14.58,High School,Research,3,FALSE,2
History,Confused,4.5,2024,Qtr 3,July,13,25.24,Undergraduate,Writing,6,FALSE,4
History,Confused,2.6,2024,Qtr 3,July,14,12.44,Undergraduate,Homework Help,5,TRUE,3
History,Confused,4.1,2024,Qtr 3,July,15,19.45,Graduate,Studying,9,TRUE,4
History,Confused,4.2,2024,Qtr 3,July,17,31.36,Undergraduate,Writing,14,TRUE,4
History,Confused,2.9,2024,Qtr 3,July,22,16.02,High School,Coding,4,FALSE,4
History,Confused,2.1,2024,Qtr 3,July,24,5.1,Undergraduate,Coding,1,FALSE,3
History,Confused,3.2,2024,Qtr 3,July,30,20.85,High School,Studying,5,FALSE,3
History,Confused,3.4,2024,Qtr 3,August,2,8.18,High School,Coding,2,TRUE,3
History,Confused,3.7,2024,Qtr 3,August,3,15.62,Undergraduate,Homework Help,3,FALSE,4
History,Confused,3.9,2024,Qtr 3,August,5,28.27,Undergraduate,Homework Help,11,TRUE,4
History,Confused,4.4,2024,Qtr 3,August,5,31.41,Undergraduate,Research,7,FALSE,3
History,Confused,3.2,2024,Qtr 3,August,6,26.09,Undergraduate,Writing,5,TRUE,4
History,Confused,5,2024,Qtr 3,August,7,5.22,Undergraduate,Studying,1,FALSE,5
History,Confused,5,2024,Qtr 3,August,9,32.02,Undergraduate,Coding,7,FALSE,4
History,Confused,1.5,2024,Qtr 3,August,13,15.48,Undergraduate,Coding,7,FALSE,2
History,Confused,4.2,2024,Qtr 3,August,13,9.25,Undergraduate,Writing,1,TRUE,4
History,Confused,1,2024,Qtr 3,August,16,48.65,Undergraduate,Brainstorming,11,TRUE,2
History,Confused,3.2,2024,Qtr 3,August,18,14.31,Undergraduate,Homework Help,2,FALSE,3
History,Confused,1.6,2024,Qtr 3,August,27,40.66,Undergraduate,Homework Help,19,FALSE,2
History,Confused,5,2024,Qtr 3,August,27,33.67,Undergraduate,Studying,13,FALSE,5
History,Confused,3.7,2024,Qtr 3,August,29,11.71,High School,Studying,5,FALSE,4
History,Confused,2.2,2024,Qtr 3,August,31,13.31,Graduate,Coding,4,FALSE,2
History,Confused,3.7,2024,Qtr 3,September,4,10.38,High School,Homework Help,4,FALSE,3
History,Confused,4.8,2024,Qtr 3,September,4,52.23,High School,Studying,14,FALSE,4
History,Confused,4.5,2024,Qtr 3,September,6,14.1,Graduate,Studying,3,FALSE,4
History,Confused,2.4,2024,Qtr 3,September,7,70.03,Graduate,Studying,22,FALSE,3
History,Confused,2.6,2024,Qtr 3,September,7,16.26,High School,Homework Help,3,FALSE,3
History,Confused,2.9,2024,Qtr 3,September,9,25.52,Undergraduate,Writing,8,FALSE,2
History,Confused,5,2024,Qtr 3,September,11,23.34,Undergraduate,Studying,6,FALSE,4
History,Confused,3.4,2024,Qtr 3,September,12,33.84,Undergraduate,Studying,9,TRUE,3
History,Confused,3.3,2024,Qtr 3,September,13,22.53,Graduate,Homework Help,4,FALSE,4
History,Confused,5,2024,Qtr 3,September,14,9.36,High School,Brainstorming,2,FALSE,5
History,Confused,4.2,2024,Qtr 3,September,16,17.76,High School,Studying,6,FALSE,4
History,Confused,3.3,2024,Qtr 3,September,17,21.49,Graduate,Writing,5,FALSE,3
History,Confused,5,2024,Qtr 3,September,24,15.31,Graduate,Homework Help,5,FALSE,4
History,Confused,2.6,2024,Qtr 3,September,25,46.99,Graduate,Brainstorming,10,FALSE,2
History,Confused,4.1,2024,Qtr 3,September,29,15.82,Undergraduate,Brainstorming,5,FALSE,4
History,Confused,5,2024,Qtr 3,September,29,31.75,Undergraduate,Coding,10,TRUE,5
History,Confused,3.6,2024,Qtr 3,September,29,16.17,Undergraduate,Studying,4,FALSE,3
History,Confused,2.6,2024,Qtr 3,September,30,16.4,Graduate,Coding,3,FALSE,3
History,Confused,3.8,2024,Qtr 3,September,30,10.17,Undergraduate,Studying,3,TRUE,4
History,Confused,2.9,2024,Qtr 4,October,2,8.3,Undergraduate,Writing,3,FALSE,3
History,Confused,4,2024,Qtr 4,October,3,38.81,Undergraduate,Homework Help,11,TRUE,3
History,Confused,4.6,2024,Qtr 4,October,3,21.37,Undergraduate,Writing,7,TRUE,4
History,Confused,5,2024,Qtr 4,October,4,11.91,Undergraduate,Studying,3,TRUE,5
History,Confused,3.4,2024,Qtr 4,October,7,13.89,Graduate,Homework Help,3,FALSE,4
History,Confused,3.5,2024,Qtr 4,October,7,15.56,Undergraduate,Research,6,FALSE,4
History,Confused,1,2024,Qtr 4,October,10,13.64,Undergraduate,Writing,3,TRUE,1
History,Confused,3.9,2024,Qtr 4,October,11,14.53,Graduate,Studying,3,FALSE,4
History,Confused,4.4,2024,Qtr 4,October,12,28.46,Undergraduate,Research,8,FALSE,5
History,Confused,4,2024,Qtr 4,October,14,18,Graduate,Homework Help,4,FALSE,4
History,Confused,3.7,2024,Qtr 4,October,14,49.12,High School,Homework Help,21,FALSE,3
History,Confused,5,2024,Qtr 4,October,16,4.61,Undergraduate,Homework Help,1,FALSE,4
History,Confused,2.2,2024,Qtr 4,October,18,7.42,High School,Brainstorming,1,TRUE,3
History,Confused,1.6,2024,Qtr 4,October,19,43.67,Undergraduate,Coding,18,TRUE,2
History,Confused,2.1,2024,Qtr 4,October,21,8.8,High School,Writing,1,TRUE,2
History,Confused,4.8,2024,Qtr 4,October,21,8.73,Undergraduate,Coding,1,TRUE,5
History,Confused,1,2024,Qtr 4,October,22,58.2,High School,Coding,15,TRUE,1
History,Confused,5,2024,Qtr 4,October,22,25.42,Undergraduate,Studying,7,TRUE,5
History,Confused,5,2024,Qtr 4,October,22,13.95,Undergraduate,Writing,3,FALSE,5
History,Confused,2.6,2024,Qtr 4,October,25,9.57,Undergraduate,Brainstorming,4,FALSE,5
History,Confused,3.2,2024,Qtr 4,October,28,13.95,High School,Homework Help,3,TRUE,4
History,Confused,2.4,2024,Qtr 4,October,30,22.75,High School,Coding,4,TRUE,2
History,Confused,3.8,2024,Qtr 4,October,31,4.09,Graduate,Research,1,FALSE,3
History,Confused,3.8,2024,Qtr 4,October,31,18.58,High School,Research,8,FALSE,5
History,Confused,3.5,2024,Qtr 4,November,1,31.62,High School,Coding,8,FALSE,3
History,Confused,5,2024,Qtr 4,November,4,8.7,High School,Research,1,FALSE,5
History,Confused,4.1,2024,Qtr 4,November,4,13.93,Undergraduate,Coding,6,FALSE,4
History,Confused,4.5,2024,Qtr 4,November,8,15.1,Undergraduate,Brainstorming,4,FALSE,4
History,Confused,2.8,2024,Qtr 4,November,9,15.32,Undergraduate,Homework Help,4,FALSE,3
History,Confused,2.8,2024,Qtr 4,November,12,12.08,High School,Homework Help,3,TRUE,4
History,Confused,4,2024,Qtr 4,November,14,16.42,High School,Studying,4,FALSE,3
History,Confused,2.5,2024,Qtr 4,November,14,2.19,Undergraduate,Homework Help,1,TRUE,2
History,Confused,3.9,2024,Qtr 4,November,15,36.52,High School,Homework Help,9,FALSE,4
History,Confused,5,2024,Qtr 4,November,15,56.36,Undergraduate,Coding,12,FALSE,4
History,Confused,2.5,2024,Qtr 4,November,16,41.48,Undergraduate,Writing,12,TRUE,2
History,Confused,2,2024,Qtr 4,November,20,20.6,Undergraduate,Studying,6,FALSE,2
History,Confused,4.5,2024,Qtr 4,November,22,10.04,Graduate,Studying,3,FALSE,4
History,Confused,2.6,2024,Qtr 4,November,22,5.9,Graduate,Studying,2,TRUE,3
History,Confused,4.1,2024,Qtr 4,November,22,4.93,Undergraduate,Coding,1,TRUE,4
History,Confused,4.1,2024,Qtr 4,November,23,12.5,High School,Coding,4,FALSE,4
History,Confused,2,2024,Qtr 4,November,26,26.58,Undergraduate,Studying,6,TRUE,2
History,Confused,3.4,2024,Qtr 4,November,28,35.56,High School,Writing,11,FALSE,3
History,Confused,3.8,2024,Qtr 4,November,29,21.41,Undergraduate,Coding,4,FALSE,4
History,Confused,1.2,2024,Qtr 4,November,29,7.88,Undergraduate,Writing,1,FALSE,1
History,Confused,3.6,2024,Qtr 4,December,1,22.53,Undergraduate,Homework Help,5,FALSE,3
History,Confused,2.4,2024,Qtr 4,December,6,29.03,Graduate,Writing,7,FALSE,3
History,Confused,4,2024,Qtr 4,December,7,4.33,Undergraduate,Homework Help,1,TRUE,3
History,Confused,2.3,2024,Qtr 4,December,9,22,Graduate,Writing,4,TRUE,2
History,Confused,5,2024,Qtr 4,December,10,3.6,High School,Studying,1,FALSE,5
History,Confused,1.7,2024,Qtr 4,December,10,3.89,Undergraduate,Homework Help,1,TRUE,3
History,Confused,1.6,2024,Qtr 4,December,17,53.12,Undergraduate,Brainstorming,13,TRUE,2
History,Confused,2.7,2024,Qtr 4,December,17,24.91,Undergraduate,Research,6,FALSE,3
History,Confused,3.4,2024,Qtr 4,December,19,2.9,Undergraduate,Writing,1,FALSE,5
History,Confused,2.2,2024,Qtr 4,December,21,20.13,Undergraduate,Homework Help,7,FALSE,2
History,Confused,3.7,2024,Qtr 4,December,23,14.82,High School,Studying,4,FALSE,4
History,Confused,2.8,2024,Qtr 4,December,24,43.6,Graduate,Studying,10,FALSE,4
History,Confused,3.7,2024,Qtr 4,December,24,15.1,Graduate,Writing,3,TRUE,2
History,Confused,4.5,2024,Qtr 4,December,25,24.35,Undergraduate,Coding,8,FALSE,4
History,Confused,3.5,2024,Qtr 4,December,26,17.15,Graduate,Brainstorming,4,FALSE,3
History,Confused,3.9,2024,Qtr 4,December,26,48.04,Undergraduate,Coding,10,FALSE,5
History,Confused,2.6,2024,Qtr 4,December,26,2.21,Undergraduate,Writing,1,FALSE,3
History,Confused,5,2024,Qtr 4,December,28,13.46,Undergraduate,Homework Help,3,FALSE,5
History,Confused,1.7,2024,Qtr 4,December,31,27.59,High School,Brainstorming,6,FALSE,3
History,Confused,4.3,2024,Qtr 4,December,31,11.53,Undergraduate,Homework Help,2,TRUE,5
History,Confused,11,2025,Qtr 1,January,2,66.2,Undergraduate,Writing,14,FALSE,13
History,Confused,4.1,2025,Qtr 1,January,7,47.41,Undergraduate,Brainstorming,15,TRUE,3
History,Confused,2.3,2025,Qtr 1,January,7,9.84,Undergraduate,Coding,3,TRUE,3
History,Confused,5,2025,Qtr 1,January,9,23.57,Undergraduate,Homework Help,10,FALSE,5
History,Confused,2.8,2025,Qtr 1,January,10,49.94,Undergraduate,Brainstorming,10,FALSE,3
History,Confused,4.6,2025,Qtr 1,January,10,10.79,Undergraduate,Homework Help,2,TRUE,4
History,Confused,2.9,2025,Qtr 1,January,12,19.53,Graduate,Writing,4,TRUE,4
History,Confused,3.2,2025,Qtr 1,January,14,16.63,High School,Writing,4,FALSE,4
History,Confused,1.8,2025,Qtr 1,January,22,2.63,Undergraduate,Studying,1,TRUE,2
History,Confused,2.4,2025,Qtr 1,January,26,57.75,Graduate,Coding,15,TRUE,3
History,Confused,4.8,2025,Qtr 1,January,26,4.12,Graduate,Writing,1,FALSE,4
History,Confused,4,2025,Qtr 1,January,30,32.29,Graduate,Coding,12,FALSE,3
History,Confused,5.8,2025,Qtr 1,January,30,67.32,Undergraduate,Studying,22,TRUE,6
History,Confused,4.1,2025,Qtr 1,February,1,5.98,Undergraduate,Research,1,TRUE,4
History,Confused,3.8,2025,Qtr 1,February,2,44.36,High School,Studying,8,FALSE,4
History,Confused,8,2025,Qtr 1,February,2,21.73,Undergraduate,Homework Help,5,TRUE,7
History,Confused,4.3,2025,Qtr 1,February,2,12.22,Undergraduate,Studying,3,TRUE,4
History,Confused,5,2025,Qtr 1,February,3,5.54,Undergraduate,Research,1,TRUE,5
History,Confused,5,2025,Qtr 1,February,4,16.45,Graduate,Homework Help,6,TRUE,5
History,Confused,5,2025,Qtr 1,February,11,12.79,High School,Research,5,TRUE,4
History,Confused,4.9,2025,Qtr 1,February,12,5.98,High School,Research,2,TRUE,4
History,Confused,2.5,2025,Qtr 1,February,13,32.21,Graduate,Coding,15,TRUE,2
History,Confused,5,2025,Qtr 1,February,13,15.46,Graduate,Studying,4,FALSE,5
History,Confused,3,2025,Qtr 1,February,13,14.77,Undergraduate,Writing,6,FALSE,4
History,Confused,3.8,2025,Qtr 1,February,17,19.75,Undergraduate,Studying,8,TRUE,4
History,Confused,5,2025,Qtr 1,February,18,13.05,Graduate,Studying,3,FALSE,4
History,Confused,1,2025,Qtr 1,February,18,16.3,Undergraduate,Research,5,FALSE,2
History,Confused,1.3,2025,Qtr 1,February,19,9.89,Undergraduate,Studying,2,FALSE,2
History,Confused,4.3,2025,Qtr 1,February,20,5.47,Undergraduate,Coding,1,FALSE,4
History,Confused,1.9,2025,Qtr 1,February,22,8.8,Undergraduate,Homework Help,4,FALSE,3
History,Confused,4.9,2025,Qtr 1,February,23,27.55,Undergraduate,Homework Help,11,TRUE,4
History,Confused,3.9,2025,Qtr 1,March,4,19.23,High School,Research,6,FALSE,5
History,Confused,2.6,2025,Qtr 1,March,4,30.38,Undergraduate,Studying,6,FALSE,3
History,Confused,4.9,2025,Qtr 1,March,8,0.71,Graduate,Writing,1,TRUE,4
History,Confused,4.9,2025,Qtr 1,March,9,12.93,Undergraduate,Studying,4,TRUE,4
History,Confused,2.7,2025,Qtr 1,March,14,17.86,Undergraduate,Studying,3,FALSE,4
History,Confused,3.8,2025,Qtr 1,March,15,9.25,Graduate,Coding,3,FALSE,4
History,Confused,1.4,2025,Qtr 1,March,16,12.73,Undergraduate,Coding,2,FALSE,2
History,Confused,3.5,2025,Qtr 1,March,17,15.49,Undergraduate,Research,5,TRUE,4
History,Confused,4.8,2025,Qtr 1,March,18,23.84,Graduate,Coding,5,FALSE,4
History,Confused,9.1,2025,Qtr 1,March,18,37.93,Undergraduate,Studying,8,FALSE,8
History,Confused,2.7,2025,Qtr 1,March,19,4.87,Undergraduate,Writing,1,FALSE,3
History,Confused,2.5,2025,Qtr 1,March,20,22.81,Graduate,Homework Help,6,FALSE,3
History,Confused,2.5,2025,Qtr 1,March,21,8.18,Undergraduate,Coding,1,TRUE,3
History,Confused,3.2,2025,Qtr 1,March,23,9.98,Undergraduate,Homework Help,2,TRUE,3
History,Confused,2.8,2025,Qtr 1,March,24,22.55,Undergraduate,Research,6,TRUE,4
History,Confused,3.7,2025,Qtr 1,March,28,9.77,Undergraduate,Writing,2,FALSE,4
History,Confused,8.9,2025,Qtr 1,March,31,16.73,Graduate,Homework Help,6,FALSE,9
History,Confused,5,2025,Qtr 1,March,31,15.74,Undergraduate,Coding,4,FALSE,5
History,Confused,3.7,2025,Qtr 1,March,31,18.71,Undergraduate,Homework Help,5,FALSE,4
History,Confused,5,2025,Qtr 1,March,31,25.46,Undergraduate,Writing,9,TRUE,4
History,Confused,5,2025,Qtr 2,April,2,9,Graduate,Studying,2,TRUE,5
History,Confused,3.7,2025,Qtr 2,April,3,4.74,Undergraduate,Writing,1,TRUE,3
History,Confused,3.9,2025,Qtr 2,April,5,8.86,Graduate,Homework Help,1,FALSE,3
History,Confused,3.6,2025,Qtr 2,April,5,10.82,Graduate,Writing,2,TRUE,3
History,Confused,5,2025,Qtr 2,April,6,26.25,Undergraduate,Homework Help,9,FALSE,5
History,Confused,3.2,2025,Qtr 2,April,7,17.49,Undergraduate,Homework Help,5,TRUE,3
History,Confused,3.7,2025,Qtr 2,April,10,20.35,Graduate,Homework Help,5,FALSE,3
History,Confused,3.9,2025,Qtr 2,April,10,21.47,Undergraduate,Research,8,FALSE,4
History,Confused,2.9,2025,Qtr 2,April,12,55.6,Graduate,Coding,14,FALSE,3
History,Confused,4.2,2025,Qtr 2,April,13,14.05,Graduate,Writing,4,FALSE,4
History,Confused,1.5,2025,Qtr 2,April,17,5.64,Undergraduate,Writing,1,FALSE,2
History,Confused,2.7,2025,Qtr 2,April,18,10.76,Undergraduate,Homework Help,5,FALSE,3
History,Confused,5,2025,Qtr 2,April,21,4.4,Graduate,Studying,1,FALSE,3
History,Confused,3.8,2025,Qtr 2,April,21,10.11,Undergraduate,Homework Help,2,FALSE,3
History,Confused,3.6,2025,Qtr 2,April,24,14.89,Undergraduate,Writing,7,FALSE,3
History,Confused,4.1,2025,Qtr 2,April,26,19.62,Undergraduate,Writing,5,FALSE,5
History,Confused,4.3,2025,Qtr 2,April,28,16.09,Graduate,Homework Help,5,TRUE,4
History,Confused,7.5,2025,Qtr 2,April,29,20,Undergraduate,Homework Help,4,TRUE,8
History,Confused,3,2025,Qtr 2,April,30,16.29,Undergraduate,Coding,5,FALSE,3
History,Confused,4.6,2025,Qtr 2,April,30,10.18,Undergraduate,Studying,2,FALSE,5
History,Confused,4.4,2025,Qtr 2,May,2,12.31,Undergraduate,Research,5,TRUE,4
History,Confused,2.3,2025,Qtr 2,May,3,22.57,High School,Writing,8,FALSE,2
History,Confused,1,2025,Qtr 2,May,4,12.9,Graduate,Homework Help,3,TRUE,2
History,Confused,4.2,2025,Qtr 2,May,10,21.3,Undergraduate,Coding,4,FALSE,5
History,Confused,3.6,2025,Qtr 2,May,13,14.36,Graduate,Coding,6,FALSE,4
History,Confused,1.7,2025,Qtr 2,May,14,30.45,Undergraduate,Studying,10,FALSE,3
History,Confused,3.5,2025,Qtr 2,May,15,24.68,High School,Writing,6,TRUE,3
History,Confused,3.7,2025,Qtr 2,May,15,41.03,Undergraduate,Homework Help,16,TRUE,3
History,Confused,3.8,2025,Qtr 2,May,16,16.89,High School,Writing,7,FALSE,4
History,Confused,4.8,2025,Qtr 2,May,17,13.59,High School,Coding,2,TRUE,4
History,Confused,3.1,2025,Qtr 2,May,22,19.64,Undergraduate,Studying,6,TRUE,4
History,Confused,5,2025,Qtr 2,May,23,8.65,High School,Homework Help,1,TRUE,5
History,Confused,5,2025,Qtr 2,May,23,23.26,Undergraduate,Homework Help,7,FALSE,5
History,Confused,3.7,2025,Qtr 2,May,25,22.98,High School,Homework Help,5,FALSE,3
History,Confused,5,2025,Qtr 2,May,26,5.49,Undergraduate,Brainstorming,2,FALSE,5
History,Confused,3.6,2025,Qtr 2,May,27,60.98,Undergraduate,Studying,13,FALSE,4
History,Confused,3.4,2025,Qtr 2,June,1,69.85,Graduate,Homework Help,16,TRUE,4
History,Confused,3.3,2025,Qtr 2,June,1,4.2,Undergraduate,Coding,1,TRUE,4
History,Confused,1.7,2025,Qtr 2,June,4,7.8,Undergraduate,Coding,3,TRUE,3
History,Confused,4.2,2025,Qtr 2,June,4,10.34,Undergraduate,Writing,2,TRUE,3
History,Confused,2.3,2025,Qtr 2,June,5,11.15,Undergraduate,Coding,3,FALSE,3
History,Confused,3.6,2025,Qtr 2,June,5,32.48,Undergraduate,Coding,11,TRUE,2
History,Confused,3.5,2025,Qtr 2,June,7,30.52,Undergraduate,Research,8,FALSE,4
History,Confused,1.8,2025,Qtr 2,June,8,39.93,Graduate,Writing,8,FALSE,2
History,Confused,3.1,2025,Qtr 2,June,8,47.81,Undergraduate,Studying,20,FALSE,4
History,Confused,1,2025,Qtr 2,June,9,12.01,Graduate,Brainstorming,4,TRUE,1
History,Confused,2.1,2025,Qtr 2,June,11,8.09,Graduate,Homework Help,1,TRUE,3
History,Confused,4.8,2025,Qtr 2,June,18,18.32,High School,Studying,8,FALSE,5
History,Confused,5,2025,Qtr 2,June,19,15.61,Graduate,Homework Help,5,FALSE,4
History,Confused,3.6,2025,Qtr 2,June,19,8.72,Undergraduate,Coding,2,TRUE,2
History,Confused,2.3,2025,Qtr 2,June,19,3.05,Undergraduate,Studying,1,FALSE,3
History,Confused,2.2,2025,Qtr 2,June,20,42.23,Graduate,Brainstorming,13,TRUE,4
History,Confused,4.1,2025,Qtr 2,June,20,7.83,Undergraduate,Studying,1,TRUE,3
History,Confused,3.6,2025,Qtr 2,June,22,10.97,Undergraduate,Writing,2,FALSE,3
History,Gave Up,3.8,2024,Qtr 2,June,26,19.18,High School,Homework Help,8,TRUE,4
History,Gave Up,1.4,2024,Qtr 3,July,2,51.36,Undergraduate,Homework Help,24,TRUE,2
History,Gave Up,1.8,2024,Qtr 3,July,3,27.05,Undergraduate,Coding,10,TRUE,3
History,Gave Up,5,2024,Qtr 3,July,6,16.15,Undergraduate,Writing,5,FALSE,4
History,Gave Up,4,2024,Qtr 3,July,11,7.92,Undergraduate,Homework Help,2,TRUE,3
History,Gave Up,2,2024,Qtr 3,July,13,10.15,Undergraduate,Brainstorming,2,FALSE,3
History,Gave Up,3.9,2024,Qtr 3,July,14,7.24,Graduate,Studying,2,FALSE,4
History,Gave Up,3.1,2024,Qtr 3,July,16,5.65,Undergraduate,Research,1,FALSE,3
History,Gave Up,2.2,2024,Qtr 3,July,18,21.55,Undergraduate,Research,5,TRUE,3
History,Gave Up,4.8,2024,Qtr 3,July,18,13.45,Undergraduate,Writing,5,FALSE,5
History,Gave Up,3,2024,Qtr 3,July,19,51.62,Undergraduate,Studying,11,FALSE,3
History,Gave Up,2.4,2024,Qtr 3,July,25,54.73,Graduate,Research,11,FALSE,3
History,Gave Up,1.4,2024,Qtr 3,August,5,40.78,High School,Writing,15,FALSE,3
History,Gave Up,5,2024,Qtr 3,August,8,21.94,Graduate,Writing,10,TRUE,5
History,Gave Up,2.2,2024,Qtr 3,August,17,9.74,Graduate,Homework Help,2,TRUE,3
History,Gave Up,3.2,2024,Qtr 3,August,25,34.88,High School,Research,8,FALSE,4
History,Gave Up,1.1,2024,Qtr 3,August,29,5.92,Undergraduate,Writing,1,FALSE,1
History,Gave Up,5,2024,Qtr 3,September,2,38.23,High School,Studying,7,FALSE,5
History,Gave Up,5,2024,Qtr 3,September,2,9.02,Undergraduate,Coding,2,TRUE,4
History,Gave Up,3,2024,Qtr 3,September,4,44.41,Graduate,Research,20,FALSE,3
History,Gave Up,3.1,2024,Qtr 3,September,9,18.83,Undergraduate,Homework Help,6,FALSE,4
History,Gave Up,2.3,2024,Qtr 3,September,12,9.14,High School,Studying,1,TRUE,3
History,Gave Up,3.2,2024,Qtr 3,September,14,6.22,Graduate,Studying,2,FALSE,3
History,Gave Up,4.2,2024,Qtr 3,September,16,1.96,Undergraduate,Studying,1,TRUE,4
History,Gave Up,1.9,2024,Qtr 3,September,17,9.99,Graduate,Homework Help,2,FALSE,2
History,Gave Up,1.1,2024,Qtr 3,September,20,43.34,Graduate,Coding,18,TRUE,2
History,Gave Up,2.7,2024,Qtr 3,September,30,34.86,Undergraduate,Studying,13,FALSE,2
History,Gave Up,3,2024,Qtr 4,October,2,0.83,Graduate,Writing,1,FALSE,3
History,Gave Up,3.7,2024,Qtr 4,October,3,17.71,Undergraduate,Coding,4,FALSE,5
History,Gave Up,5,2024,Qtr 4,October,12,35.56,Undergraduate,Studying,7,FALSE,5
History,Gave Up,5,2024,Qtr 4,October,12,18.61,Undergraduate,Writing,8,FALSE,5
History,Gave Up,2.2,2024,Qtr 4,October,13,12.41,Undergraduate,Brainstorming,3,TRUE,3
History,Gave Up,4.1,2024,Qtr 4,October,15,21.48,Undergraduate,Studying,4,FALSE,4
History,Gave Up,1,2024,Qtr 4,October,18,3.59,Undergraduate,Writing,1,FALSE,1
History,Gave Up,5,2024,Qtr 4,October,19,7.62,Graduate,Coding,2,FALSE,4
History,Gave Up,4.4,2024,Qtr 4,October,21,2.46,Undergraduate,Studying,1,FALSE,4
History,Gave Up,3.1,2024,Qtr 4,October,29,22.52,Undergraduate,Writing,4,FALSE,2
History,Gave Up,1,2024,Qtr 4,November,2,62.58,High School,Coding,14,TRUE,1
History,Gave Up,4.4,2024,Qtr 4,November,4,3.89,High School,Coding,1,FALSE,4
History,Gave Up,4.7,2024,Qtr 4,November,16,39.16,Undergraduate,Studying,8,TRUE,4
History,Gave Up,2.6,2024,Qtr 4,November,17,11.12,Graduate,Coding,2,FALSE,3
History,Gave Up,4.6,2024,Qtr 4,November,17,20.64,Undergraduate,Studying,8,FALSE,5
History,Gave Up,2.6,2024,Qtr 4,November,25,41.39,Undergraduate,Homework Help,10,FALSE,3
History,Gave Up,3.5,2024,Qtr 4,November,27,1.55,Graduate,Homework Help,1,FALSE,4
History,Gave Up,2.8,2024,Qtr 4,November,30,22.94,Undergraduate,Coding,6,FALSE,4
History,Gave Up,2.8,2024,Qtr 4,December,1,27.75,Graduate,Studying,11,FALSE,3
History,Gave Up,3.4,2024,Qtr 4,December,2,23.91,Undergraduate,Homework Help,10,TRUE,2
History,Gave Up,3.3,2024,Qtr 4,December,10,6.95,Undergraduate,Writing,1,FALSE,5
History,Gave Up,5,2024,Qtr 4,December,12,15.08,Undergraduate,Research,4,FALSE,4
History,Gave Up,5,2024,Qtr 4,December,17,23.28,Undergraduate,Coding,10,FALSE,3
History,Gave Up,5,2024,Qtr 4,December,18,12.78,Undergraduate,Coding,3,FALSE,5
History,Gave Up,3.5,2024,Qtr 4,December,18,14.8,Undergraduate,Studying,4,TRUE,4
History,Gave Up,3.6,2024,Qtr 4,December,19,2.28,High School,Writing,1,TRUE,4
History,Gave Up,3.6,2024,Qtr 4,December,20,30.48,High School,Writing,12,FALSE,4
History,Gave Up,5,2025,Qtr 1,January,2,6.4,Undergraduate,Research,2,FALSE,5
History,Gave Up,1,2025,Qtr 1,January,7,20.95,Undergraduate,Research,4,TRUE,2
History,Gave Up,5,2025,Qtr 1,January,9,12.49,Graduate,Homework Help,2,FALSE,4
History,Gave Up,3,2025,Qtr 1,January,24,11.48,Undergraduate,Writing,2,TRUE,2
History,Gave Up,3.6,2025,Qtr 1,January,27,15.14,Graduate,Homework Help,6,FALSE,3
History,Gave Up,4.2,2025,Qtr 1,February,1,41.92,Graduate,Studying,16,TRUE,4
History,Gave Up,5,2025,Qtr 1,February,11,10.54,Undergraduate,Writing,4,TRUE,5
History,Gave Up,3,2025,Qtr 1,February,12,23.23,Undergraduate,Studying,9,FALSE,4
History,Gave Up,4.4,2025,Qtr 1,February,16,11.74,Undergraduate,Research,2,FALSE,5
History,Gave Up,3.7,2025,Qtr 1,February,17,12.5,Undergraduate,Research,6,FALSE,4
History,Gave Up,2.6,2025,Qtr 1,February,20,45.98,Undergraduate,Homework Help,17,FALSE,3
History,Gave Up,4.2,2025,Qtr 1,February,21,48.88,Undergraduate,Studying,12,FALSE,4
History,Gave Up,2.1,2025,Qtr 1,February,22,8.73,Graduate,Coding,2,FALSE,3
History,Gave Up,5,2025,Qtr 1,March,10,21.09,Undergraduate,Coding,7,FALSE,5
History,Gave Up,2.5,2025,Qtr 1,March,12,3.66,Undergraduate,Studying,1,FALSE,3
History,Gave Up,2.4,2025,Qtr 1,March,15,4.24,High School,Research,1,FALSE,3
History,Gave Up,4.2,2025,Qtr 1,March,18,13.44,High School,Studying,5,FALSE,5
History,Gave Up,4.6,2025,Qtr 1,March,20,15.57,Undergraduate,Research,6,FALSE,4
History,Gave Up,4.9,2025,Qtr 1,March,21,30.42,Graduate,Studying,6,FALSE,4
History,Gave Up,4.5,2025,Qtr 1,March,25,22.76,High School,Studying,5,TRUE,4
History,Gave Up,1.5,2025,Qtr 1,March,26,20.31,Undergraduate,Homework Help,5,TRUE,2
History,Gave Up,3.5,2025,Qtr 2,April,4,24.03,High School,Writing,5,FALSE,4
History,Gave Up,3.9,2025,Qtr 2,April,6,2.98,Undergraduate,Studying,1,TRUE,4
History,Gave Up,4.8,2025,Qtr 2,April,10,9.46,High School,Homework Help,2,FALSE,4
History,Gave Up,3.1,2025,Qtr 2,April,11,15.21,Undergraduate,Homework Help,4,TRUE,4
History,Gave Up,1.5,2025,Qtr 2,April,13,7.2,Undergraduate,Research,2,FALSE,2
History,Gave Up,2.5,2025,Qtr 2,April,14,17.44,Undergraduate,Studying,4,TRUE,3
History,Gave Up,3,2025,Qtr 2,April,19,9.52,Graduate,Homework Help,3,FALSE,4
History,Gave Up,3.5,2025,Qtr 2,April,19,8.99,High School,Homework Help,1,FALSE,3
History,Gave Up,3.2,2025,Qtr 2,April,23,16.26,Undergraduate,Coding,3,FALSE,3
History,Gave Up,1.4,2025,Qtr 2,April,25,13.98,Undergraduate,Homework Help,5,TRUE,2
History,Gave Up,2.4,2025,Qtr 2,April,29,25.97,High School,Brainstorming,6,FALSE,3
History,Gave Up,2.4,2025,Qtr 2,April,29,9.91,Undergraduate,Studying,2,FALSE,3
History,Gave Up,4.6,2025,Qtr 2,May,2,8.84,Undergraduate,Studying,3,FALSE,3
History,Gave Up,4.5,2025,Qtr 2,May,5,38.89,Graduate,Studying,11,FALSE,3
History,Gave Up,4.9,2025,Qtr 2,May,5,22.75,Undergraduate,Research,5,FALSE,3
History,Gave Up,5,2025,Qtr 2,May,8,33.95,Undergraduate,Homework Help,9,FALSE,3
History,Gave Up,2.7,2025,Qtr 2,May,13,5.14,Graduate,Writing,1,TRUE,3
History,Gave Up,4.3,2025,Qtr 2,May,14,30.3,Undergraduate,Studying,10,TRUE,5
History,Gave Up,2.3,2025,Qtr 2,May,16,42.91,Graduate,Homework Help,8,TRUE,3
History,Gave Up,3.8,2025,Qtr 2,May,16,22.94,Graduate,Writing,6,TRUE,4
History,Gave Up,5,2025,Qtr 2,May,16,27.97,High School,Studying,7,FALSE,5
History,Gave Up,4,2025,Qtr 2,May,17,3.42,Undergraduate,Homework Help,1,FALSE,4
History,Gave Up,3.4,2025,Qtr 2,June,3,33.42,Undergraduate,Research,7,FALSE,3
History,Gave Up,3.5,2025,Qtr 2,June,11,30.54,Undergraduate,Homework Help,14,FALSE,4
History,Gave Up,4.5,2025,Qtr 2,June,13,18.65,High School,Studying,5,FALSE,4
History,Gave Up,5,2025,Qtr 2,June,15,27.72,Undergraduate,Coding,13,FALSE,5
History,Gave Up,2.4,2025,Qtr 2,June,16,12.3,Undergraduate,Writing,3,TRUE,2
History,Idea Drafted,2.2,2024,Qtr 2,June,24,6.15,Undergraduate,Studying,1,TRUE,2
History,Idea Drafted,2.1,2024,Qtr 2,June,25,32.76,Undergraduate,Writing,9,FALSE,3
History,Idea Drafted,5,2024,Qtr 2,June,26,10.07,Undergraduate,Homework Help,2,TRUE,5
History,Idea Drafted,3.3,2024,Qtr 2,June,27,3.59,Graduate,Homework Help,1,TRUE,4
History,Idea Drafted,2.3,2024,Qtr 2,June,27,17.13,Undergraduate,Writing,3,FALSE,3
History,Idea Drafted,8.8,2024,Qtr 2,June,27,52.58,Undergraduate,Writing,16,TRUE,8
History,Idea Drafted,8.3,2024,Qtr 2,June,28,72.85,Undergraduate,Writing,16,TRUE,8
History,Idea Drafted,3.4,2024,Qtr 2,June,29,30.12,Graduate,Homework Help,10,TRUE,3
History,Idea Drafted,5,2024,Qtr 2,June,29,39.21,Undergraduate,Writing,17,TRUE,5
History,Idea Drafted,5,2024,Qtr 2,June,30,29.01,High School,Coding,6,TRUE,5
History,Idea Drafted,5,2024,Qtr 2,June,30,9.97,Undergraduate,Studying,4,TRUE,4
History,Idea Drafted,3.4,2024,Qtr 3,July,2,25.34,Undergraduate,Brainstorming,6,TRUE,5
History,Idea Drafted,4.9,2024,Qtr 3,July,2,39.8,Undergraduate,Coding,11,FALSE,5
History,Idea Drafted,4.4,2024,Qtr 3,July,2,13.18,Undergraduate,Research,3,TRUE,4
History,Idea Drafted,1,2024,Qtr 3,July,2,17.81,Undergraduate,Studying,4,FALSE,3
History,Idea Drafted,4.4,2024,Qtr 3,July,4,22.71,High School,Writing,10,TRUE,5
History,Idea Drafted,4.1,2024,Qtr 3,July,5,26.17,Graduate,Writing,12,TRUE,3
History,Idea Drafted,4.9,2024,Qtr 3,July,5,15.47,Undergraduate,Studying,6,TRUE,5
History,Idea Drafted,4.7,2024,Qtr 3,July,6,21.62,Graduate,Writing,4,TRUE,5
History,Idea Drafted,4.5,2024,Qtr 3,July,6,12.32,Undergraduate,Studying,5,FALSE,3
History,Idea Drafted,4.4,2024,Qtr 3,July,8,2.74,Graduate,Writing,1,TRUE,4
History,Idea Drafted,2.5,2024,Qtr 3,July,8,25.56,Undergraduate,Studying,9,TRUE,2
History,Idea Drafted,1,2024,Qtr 3,July,9,10.5,Undergraduate,Coding,3,TRUE,3
History,Idea Drafted,3.8,2024,Qtr 3,July,10,55.3,Undergraduate,Writing,15,TRUE,5
History,Idea Drafted,5,2024,Qtr 3,July,11,18.25,Graduate,Homework Help,3,TRUE,4
History,Idea Drafted,1.3,2024,Qtr 3,July,11,3.26,Undergraduate,Homework Help,1,TRUE,2
History,Idea Drafted,2.7,2024,Qtr 3,July,15,19.39,Undergraduate,Writing,5,TRUE,4
History,Idea Drafted,7.5,2024,Qtr 3,July,16,58.69,High School,Writing,15,TRUE,8
History,Idea Drafted,1,2024,Qtr 3,July,16,10.96,Undergraduate,Homework Help,3,TRUE,2
History,Idea Drafted,4.6,2024,Qtr 3,July,17,8.06,Graduate,Studying,3,FALSE,5
History,Idea Drafted,1.4,2024,Qtr 3,July,17,14.81,Graduate,Writing,3,TRUE,2
History,Idea Drafted,1.5,2024,Qtr 3,July,17,18.62,Undergraduate,Writing,6,TRUE,2
History,Idea Drafted,3.5,2024,Qtr 3,July,21,8.12,Undergraduate,Brainstorming,2,TRUE,3
History,Idea Drafted,5,2024,Qtr 3,July,22,16.23,Graduate,Writing,6,TRUE,4
History,Idea Drafted,4.2,2024,Qtr 3,July,22,8.63,High School,Writing,3,TRUE,4
History,Idea Drafted,3.1,2024,Qtr 3,July,23,1.7,Undergraduate,Writing,1,TRUE,4
History,Idea Drafted,2.4,2024,Qtr 3,July,24,5.15,Undergraduate,Writing,2,TRUE,3
History,Idea Drafted,3.8,2024,Qtr 3,July,28,29.62,Graduate,Homework Help,8,TRUE,3
History,Idea Drafted,5,2024,Qtr 3,July,28,55.98,Undergraduate,Brainstorming,20,TRUE,5
History,Idea Drafted,3.4,2024,Qtr 3,July,29,27.19,High School,Writing,7,FALSE,4
History,Idea Drafted,1,2024,Qtr 3,July,29,11.28,Undergraduate,Writing,2,FALSE,2
History,Idea Drafted,5,2024,Qtr 3,July,29,10.35,Undergraduate,Writing,3,TRUE,5
History,Idea Drafted,3.5,2024,Qtr 3,July,30,25.44,Undergraduate,Coding,5,TRUE,4
History,Idea Drafted,4.3,2024,Qtr 3,July,30,12.09,Undergraduate,Homework Help,2,TRUE,4
History,Idea Drafted,3.2,2024,Qtr 3,July,31,16.03,Graduate,Brainstorming,3,TRUE,3
History,Idea Drafted,3.9,2024,Qtr 3,August,1,4.15,Undergraduate,Studying,1,TRUE,3
History,Idea Drafted,1,2024,Qtr 3,August,2,19.53,High School,Homework Help,4,TRUE,1
History,Idea Drafted,2.1,2024,Qtr 3,August,2,16.96,High School,Writing,4,TRUE,2
History,Idea Drafted,5,2024,Qtr 3,August,5,24.54,High School,Research,8,TRUE,5
History,Idea Drafted,3.9,2024,Qtr 3,August,5,5.72,High School,Writing,1,FALSE,4
History,Idea Drafted,4.7,2024,Qtr 3,August,5,12.89,Undergraduate,Studying,3,TRUE,4
History,Idea Drafted,2.5,2024,Qtr 3,August,6,5.95,Graduate,Writing,1,TRUE,3
History,Idea Drafted,2.5,2024,Qtr 3,August,6,16.9,Undergraduate,Homework Help,4,TRUE,4
History,Idea Drafted,3.1,2024,Qtr 3,August,8,21.92,Graduate,Studying,5,TRUE,3
History,Idea Drafted,3.9,2024,Qtr 3,August,8,35.93,Undergraduate,Studying,8,TRUE,4
History,Idea Drafted,5,2024,Qtr 3,August,8,29.96,Undergraduate,Writing,7,FALSE,4
History,Idea Drafted,2.6,2024,Qtr 3,August,8,7.16,Undergraduate,Writing,2,TRUE,2
History,Idea Drafted,5,2024,Qtr 3,August,9,6.08,Graduate,Homework Help,1,TRUE,5
History,Idea Drafted,1.9,2024,Qtr 3,August,10,25.2,Undergraduate,Homework Help,5,FALSE,4
History,Idea Drafted,4.1,2024,Qtr 3,August,10,20.15,Undergraduate,Research,7,TRUE,4
History,Idea Drafted,5,2024,Qtr 3,August,11,13.27,Undergraduate,Writing,4,FALSE,5
History,Idea Drafted,5,2024,Qtr 3,August,12,21.7,Graduate,Writing,5,FALSE,5
History,Idea Drafted,5,2024,Qtr 3,August,12,11.03,Undergraduate,Research,2,TRUE,4
History,Idea Drafted,5,2024,Qtr 3,August,13,30.23,High School,Brainstorming,8,FALSE,5
History,Idea Drafted,3.5,2024,Qtr 3,August,14,35.65,Undergraduate,Studying,14,TRUE,3
History,Idea Drafted,3.3,2024,Qtr 3,August,15,25.92,Undergraduate,Brainstorming,11,TRUE,3
History,Idea Drafted,5,2024,Qtr 3,August,15,9.44,Undergraduate,Coding,4,TRUE,4
History,Idea Drafted,1.9,2024,Qtr 3,August,15,18.34,Undergraduate,Studying,4,TRUE,2
History,Idea Drafted,5,2024,Qtr 3,August,15,39.53,Undergraduate,Writing,15,FALSE,5
History,Idea Drafted,5,2024,Qtr 3,August,15,20.96,Undergraduate,Writing,4,TRUE,5
History,Idea Drafted,3.9,2024,Qtr 3,August,16,23.58,Undergraduate,Coding,6,FALSE,4
History,Idea Drafted,3.6,2024,Qtr 3,August,16,21.04,Undergraduate,Writing,5,FALSE,4
History,Idea Drafted,2.4,2024,Qtr 3,August,17,17.71,High School,Studying,6,TRUE,2
History,Idea Drafted,3.2,2024,Qtr 3,August,17,20.81,Undergraduate,Homework Help,4,TRUE,4
History,Idea Drafted,8.4,2024,Qtr 3,August,19,20.3,Undergraduate,Studying,6,TRUE,8
History,Idea Drafted,1.2,2024,Qtr 3,August,19,11.88,Undergraduate,Writing,4,TRUE,3
History,Idea Drafted,3.8,2024,Qtr 3,August,20,9.69,High School,Studying,2,TRUE,4
History,Idea Drafted,2.3,2024,Qtr 3,August,21,39.51,Undergraduate,Homework Help,17,TRUE,2
History,Idea Drafted,3.9,2024,Qtr 3,August,22,7.71,Undergraduate,Brainstorming,1,TRUE,3
History,Idea Drafted,5.6,2024,Qtr 3,August,23,97.68,Undergraduate,Studying,23,TRUE,6
History,Idea Drafted,2.5,2024,Qtr 3,August,24,16.48,Undergraduate,Writing,6,TRUE,3
History,Idea Drafted,5,2024,Qtr 3,August,25,21.75,Undergraduate,Brainstorming,4,TRUE,4
History,Idea Drafted,4.7,2024,Qtr 3,August,25,29.96,Undergraduate,Writing,8,FALSE,4
History,Idea Drafted,1,2024,Qtr 3,August,25,17.24,Undergraduate,Writing,4,TRUE,2
History,Idea Drafted,1,2024,Qtr 3,August,26,29.58,Undergraduate,Coding,8,FALSE,1
History,Idea Drafted,4,2024,Qtr 3,August,28,6.42,Undergraduate,Homework Help,2,TRUE,4
History,Idea Drafted,1.2,2024,Qtr 3,August,29,4.51,Graduate,Studying,1,TRUE,2
History,Idea Drafted,4.8,2024,Qtr 3,August,29,51.65,Undergraduate,Studying,21,TRUE,5
History,Idea Drafted,3.6,2024,Qtr 3,August,29,3.46,Undergraduate,Writing,1,FALSE,3
History,Idea Drafted,4.3,2024,Qtr 3,August,30,20.97,Undergraduate,Studying,5,FALSE,4
History,Idea Drafted,5,2024,Qtr 3,August,30,26.85,Undergraduate,Writing,6,TRUE,5
History,Idea Drafted,2.8,2024,Qtr 3,August,31,25.86,High School,Writing,10,TRUE,3
History,Idea Drafted,2.8,2024,Qtr 3,August,31,4.07,Undergraduate,Homework Help,1,TRUE,4
History,Idea Drafted,3.5,2024,Qtr 3,September,1,28.93,Graduate,Homework Help,10,TRUE,4
History,Idea Drafted,5,2024,Qtr 3,September,2,9.98,Undergraduate,Studying,3,TRUE,5
History,Idea Drafted,4,2024,Qtr 3,September,2,3.93,Undergraduate,Writing,1,TRUE,5
History,Idea Drafted,4.6,2024,Qtr 3,September,3,13.96,Graduate,Writing,3,TRUE,4
History,Idea Drafted,3,2024,Qtr 3,September,3,27.4,Undergraduate,Brainstorming,7,TRUE,3
History,Idea Drafted,2.7,2024,Qtr 3,September,3,48,Undergraduate,Coding,12,TRUE,3
History,Idea Drafted,7.1,2024,Qtr 3,September,3,88.66,Undergraduate,Homework Help,30,TRUE,9
History,Idea Drafted,4.4,2024,Qtr 3,September,5,9.79,Undergraduate,Homework Help,2,TRUE,4
History,Idea Drafted,3,2024,Qtr 3,September,5,23.96,Undergraduate,Studying,7,TRUE,3
History,Idea Drafted,2.6,2024,Qtr 3,September,5,11.74,Undergraduate,Writing,4,TRUE,3
History,Idea Drafted,2,2024,Qtr 3,September,6,10.57,High School,Writing,5,TRUE,2
History,Idea Drafted,3.3,2024,Qtr 3,September,8,25.59,High School,Coding,10,FALSE,3
History,Idea Drafted,2.9,2024,Qtr 3,September,8,6.5,Undergraduate,Brainstorming,3,TRUE,3
History,Idea Drafted,5.4,2024,Qtr 3,September,8,28.23,Undergraduate,Writing,7,TRUE,6
History,Idea Drafted,3.9,2024,Qtr 3,September,10,7.26,Graduate,Studying,1,TRUE,2
History,Idea Drafted,3.4,2024,Qtr 3,September,10,39.09,High School,Coding,8,TRUE,3
History,Idea Drafted,2.3,2024,Qtr 3,September,10,3.96,Undergraduate,Homework Help,1,TRUE,5
History,Idea Drafted,2.9,2024,Qtr 3,September,11,27.69,Graduate,Writing,8,FALSE,4
History,Idea Drafted,3.9,2024,Qtr 3,September,11,20.09,Undergraduate,Coding,5,TRUE,6
History,Idea Drafted,2.9,2024,Qtr 3,September,14,14.26,Graduate,Writing,3,TRUE,3
History,Idea Drafted,1,2024,Qtr 3,September,16,12.7,Undergraduate,Research,3,TRUE,3
History,Idea Drafted,3.8,2024,Qtr 3,September,17,12.13,Undergraduate,Studying,3,TRUE,4
History,Idea Drafted,3.4,2024,Qtr 3,September,21,14.77,Undergraduate,Brainstorming,3,FALSE,3
History,Idea Drafted,2.2,2024,Qtr 3,September,22,13.93,Graduate,Writing,4,TRUE,2
History,Idea Drafted,2.9,2024,Qtr 3,September,23,24.33,Graduate,Studying,7,TRUE,3
History,Idea Drafted,3.8,2024,Qtr 3,September,23,22.34,Graduate,Writing,4,TRUE,4
History,Idea Drafted,3.7,2024,Qtr 3,September,23,53.28,High School,Writing,14,TRUE,5
History,Idea Drafted,3,2024,Qtr 3,September,23,1.83,Undergraduate,Writing,1,FALSE,3
History,Idea Drafted,1.8,2024,Qtr 3,September,25,10.51,Undergraduate,Writing,2,FALSE,3
History,Idea Drafted,3.2,2024,Qtr 3,September,27,15.93,Undergraduate,Writing,7,TRUE,4
History,Idea Drafted,2.4,2024,Qtr 3,September,28,4.26,Undergraduate,Writing,1,TRUE,4
History,Idea Drafted,5,2024,Qtr 3,September,30,14.67,High School,Coding,3,FALSE,5
History,Idea Drafted,6.7,2024,Qtr 4,October,2,43.77,Graduate,Writing,11,TRUE,7
History,Idea Drafted,2.5,2024,Qtr 4,October,2,19.82,Undergraduate,Writing,7,FALSE,3
History,Idea Drafted,1.7,2024,Qtr 4,October,3,26.31,Undergraduate,Coding,5,TRUE,2
History,Idea Drafted,2.5,2024,Qtr 4,October,3,20.7,Undergraduate,Homework Help,5,TRUE,4
History,Idea Drafted,5,2024,Qtr 4,October,4,13.18,Undergraduate,Writing,3,TRUE,5
History,Idea Drafted,2.8,2024,Qtr 4,October,7,29.33,High School,Research,10,TRUE,4
History,Idea Drafted,4,2024,Qtr 4,October,9,10.89,Undergraduate,Coding,3,FALSE,4
History,Idea Drafted,3.3,2024,Qtr 4,October,10,12.8,Graduate,Coding,2,FALSE,4
History,Idea Drafted,3.7,2024,Qtr 4,October,12,22.81,High School,Writing,5,TRUE,3
History,Idea Drafted,1.6,2024,Qtr 4,October,14,28.8,Undergraduate,Brainstorming,6,TRUE,2
History,Idea Drafted,1,2024,Qtr 4,October,17,13.87,High School,Writing,5,TRUE,2
History,Idea Drafted,2.6,2024,Qtr 4,October,17,6.13,Undergraduate,Writing,2,TRUE,3
History,Idea Drafted,1.2,2024,Qtr 4,October,18,22.92,Graduate,Research,7,TRUE,2
History,Idea Drafted,2.5,2024,Qtr 4,October,18,7.37,Undergraduate,Brainstorming,2,TRUE,3
History,Idea Drafted,3.4,2024,Qtr 4,October,19,15.67,Undergraduate,Writing,3,FALSE,4
History,Idea Drafted,3.4,2024,Qtr 4,October,20,13.06,Graduate,Homework Help,3,TRUE,4
History,Idea Drafted,1,2024,Qtr 4,October,20,33.71,Graduate,Studying,11,TRUE,1
History,Idea Drafted,4.5,2024,Qtr 4,October,22,17.74,Undergraduate,Studying,4,TRUE,4
History,Idea Drafted,4.8,2024,Qtr 4,October,22,14.26,Undergraduate,Writing,4,TRUE,5
History,Idea Drafted,4.9,2024,Qtr 4,October,25,2.71,Graduate,Coding,1,TRUE,4
History,Idea Drafted,4.7,2024,Qtr 4,October,25,10.47,Graduate,Studying,2,TRUE,4
History,Idea Drafted,7.7,2024,Qtr 4,October,25,42.51,Undergraduate,Studying,12,TRUE,8
History,Idea Drafted,3.8,2024,Qtr 4,October,26,11.74,Graduate,Coding,5,TRUE,4
History,Idea Drafted,4.5,2024,Qtr 4,October,26,4.72,Undergraduate,Studying,1,FALSE,5
History,Idea Drafted,1.9,2024,Qtr 4,October,27,7.97,Undergraduate,Homework Help,1,FALSE,2
History,Idea Drafted,3,2024,Qtr 4,October,28,27.22,High School,Studying,12,TRUE,3
History,Idea Drafted,3.8,2024,Qtr 4,October,28,27.28,Undergraduate,Writing,6,TRUE,3
History,Idea Drafted,2.9,2024,Qtr 4,October,29,19.91,Graduate,Studying,4,TRUE,4
History,Idea Drafted,4.3,2024,Qtr 4,October,30,6.57,Undergraduate,Homework Help,1,TRUE,4
History,Idea Drafted,5,2024,Qtr 4,October,31,25.6,High School,Homework Help,11,TRUE,4
History,Idea Drafted,2.1,2024,Qtr 4,October,31,11.98,Undergraduate,Brainstorming,2,FALSE,1
History,Idea Drafted,4.3,2024,Qtr 4,November,2,12.86,Undergraduate,Homework Help,3,TRUE,4
History,Idea Drafted,2.4,2024,Qtr 4,November,6,27.26,Undergraduate,Writing,8,TRUE,3
History,Idea Drafted,3.6,2024,Qtr 4,November,8,4.66,Graduate,Coding,1,TRUE,4
History,Idea Drafted,2.3,2024,Qtr 4,November,8,8.91,Graduate,Writing,2,TRUE,3
History,Idea Drafted,3.3,2024,Qtr 4,November,9,25.54,High School,Homework Help,6,TRUE,4
History,Idea Drafted,4.8,2024,Qtr 4,November,10,13.74,Graduate,Homework Help,3,TRUE,5
History,Idea Drafted,8.4,2024,Qtr 4,November,12,17.42,Undergraduate,Homework Help,5,TRUE,8
History,Idea Drafted,3.3,2024,Qtr 4,November,14,44.28,Graduate,Studying,17,TRUE,3
History,Idea Drafted,4.4,2024,Qtr 4,November,14,9.85,High School,Writing,2,TRUE,5
History,Idea Drafted,2.9,2024,Qtr 4,November,14,26.02,Undergraduate,Studying,10,TRUE,1
History,Idea Drafted,4.1,2024,Qtr 4,November,14,5,Undergraduate,Writing,1,TRUE,4
History,Idea Drafted,1.8,2024,Qtr 4,November,15,29.67,Graduate,Homework Help,7,TRUE,3
History,Idea Drafted,2.1,2024,Qtr 4,November,15,2.75,Graduate,Research,1,TRUE,3
History,Idea Drafted,3.7,2024,Qtr 4,November,16,50.5,Graduate,Coding,11,TRUE,3
History,Idea Drafted,3.6,2024,Qtr 4,November,16,19.91,Undergraduate,Writing,5,FALSE,3
History,Idea Drafted,5.2,2024,Qtr 4,November,16,70,Undergraduate,Writing,18,TRUE,4
History,Idea Drafted,4.9,2024,Qtr 4,November,17,7.97,Graduate,Brainstorming,2,TRUE,4
History,Idea Drafted,3.7,2024,Qtr 4,November,17,28.52,High School,Writing,6,FALSE,3
History,Idea Drafted,2.8,2024,Qtr 4,November,17,7.66,Undergraduate,Studying,3,TRUE,3
History,Idea Drafted,3.3,2024,Qtr 4,November,19,13.54,Undergraduate,Writing,4,TRUE,4
History,Idea Drafted,5,2024,Qtr 4,November,20,1.43,High School,Writing,1,TRUE,4
History,Idea Drafted,2.9,2024,Qtr 4,November,21,29.15,Undergraduate,Writing,11,FALSE,2
History,Idea Drafted,2.9,2024,Qtr 4,November,22,24.73,Undergraduate,Brainstorming,5,TRUE,4
History,Idea Drafted,5,2024,Qtr 4,November,22,11.44,Undergraduate,Studying,2,TRUE,4
History,Idea Drafted,3.8,2024,Qtr 4,November,23,23.75,Undergraduate,Writing,5,TRUE,4
History,Idea Drafted,2.3,2024,Qtr 4,November,24,39.45,High School,Coding,18,TRUE,2
History,Idea Drafted,5,2024,Qtr 4,November,24,45.32,High School,Writing,10,TRUE,5
History,Idea Drafted,4.2,2024,Qtr 4,November,25,11.2,Undergraduate,Homework Help,2,FALSE,3
History,Idea Drafted,5,2024,Qtr 4,November,25,34.91,Undergraduate,Writing,10,TRUE,5
History,Idea Drafted,9.5,2024,Qtr 4,November,26,51.56,Undergraduate,Coding,21,TRUE,8
History,Idea Drafted,1.7,2024,Qtr 4,November,26,7.96,Undergraduate,Writing,2,TRUE,2
History,Idea Drafted,2,2024,Qtr 4,November,27,18.47,Graduate,Writing,6,FALSE,2
History,Idea Drafted,4.4,2024,Qtr 4,November,29,20.89,Undergraduate,Coding,7,TRUE,4
History,Idea Drafted,4.8,2024,Qtr 4,November,29,10.53,Undergraduate,Homework Help,3,TRUE,5
History,Idea Drafted,4.8,2024,Qtr 4,November,29,4.92,Undergraduate,Writing,1,TRUE,4
History,Idea Drafted,1.8,2024,Qtr 4,December,2,8.87,Undergraduate,Studying,4,TRUE,3
History,Idea Drafted,3.9,2024,Qtr 4,December,3,24.59,High School,Coding,12,FALSE,5
History,Idea Drafted,5,2024,Qtr 4,December,4,19.12,Graduate,Writing,4,TRUE,5
History,Idea Drafted,4.3,2024,Qtr 4,December,4,24.36,Undergraduate,Writing,8,TRUE,5
History,Idea Drafted,4.4,2024,Qtr 4,December,5,1.62,Graduate,Studying,1,TRUE,5
History,Idea Drafted,3.5,2024,Qtr 4,December,6,13.81,High School,Writing,5,TRUE,3
History,Idea Drafted,3.1,2024,Qtr 4,December,6,52.49,Undergraduate,Research,11,FALSE,3
History,Idea Drafted,4.1,2024,Qtr 4,December,6,21.7,Undergraduate,Studying,9,FALSE,5
History,Idea Drafted,4.5,2024,Qtr 4,December,6,10.15,Undergraduate,Studying,2,TRUE,3
History,Idea Drafted,4.4,2024,Qtr 4,December,9,18.93,Undergraduate,Writing,4,TRUE,4
History,Idea Drafted,5,2024,Qtr 4,December,10,24.18,Undergraduate,Coding,5,FALSE,5
History,Idea Drafted,5,2024,Qtr 4,December,12,14.99,Undergraduate,Brainstorming,7,TRUE,4
History,Idea Drafted,2.3,2024,Qtr 4,December,12,19.23,Undergraduate,Coding,7,TRUE,3
History,Idea Drafted,4.1,2024,Qtr 4,December,13,13.58,High School,Coding,4,TRUE,4
History,Idea Drafted,2.4,2024,Qtr 4,December,14,18.89,Undergraduate,Coding,6,TRUE,2
History,Idea Drafted,2.9,2024,Qtr 4,December,14,11,Undergraduate,Studying,3,TRUE,4
History,Idea Drafted,4.6,2024,Qtr 4,December,14,22,Undergraduate,Writing,7,TRUE,4
History,Idea Drafted,4.5,2024,Qtr 4,December,15,13.65,Undergraduate,Coding,6,FALSE,5
History,Idea Drafted,2.7,2024,Qtr 4,December,16,3.78,High School,Research,1,TRUE,3
History,Idea Drafted,1.6,2024,Qtr 4,December,16,37.35,High School,Writing,12,TRUE,2
History,Idea Drafted,3.8,2024,Qtr 4,December,16,16.82,Undergraduate,Studying,4,TRUE,3
History,Idea Drafted,2.6,2024,Qtr 4,December,16,3.6,Undergraduate,Writing,1,TRUE,4
History,Idea Drafted,4.2,2024,Qtr 4,December,17,20.59,Graduate,Writing,8,TRUE,4
History,Idea Drafted,5,2024,Qtr 4,December,18,19.54,High School,Studying,6,TRUE,5
History,Idea Drafted,2,2024,Qtr 4,December,19,17.66,Undergraduate,Coding,4,TRUE,2
History,Idea Drafted,2.9,2024,Qtr 4,December,19,12.25,Undergraduate,Writing,3,FALSE,3
History,Idea Drafted,2.8,2024,Qtr 4,December,20,10.61,Undergraduate,Studying,2,TRUE,4
History,Idea Drafted,5,2024,Qtr 4,December,20,39.16,Undergraduate,Writing,12,TRUE,5
History,Idea Drafted,4.9,2024,Qtr 4,December,25,35.35,Graduate,Writing,7,TRUE,4
History,Idea Drafted,3.4,2024,Qtr 4,December,26,4.87,Undergraduate,Studying,1,TRUE,4
History,Idea Drafted,4,2024,Qtr 4,December,29,47.33,Undergraduate,Coding,19,FALSE,5
History,Idea Drafted,1,2024,Qtr 4,December,31,3.88,Undergraduate,Research,1,TRUE,3
History,Idea Drafted,2.3,2024,Qtr 4,December,31,25.09,Undergraduate,Writing,5,TRUE,4
History,Idea Drafted,5,2025,Qtr 1,January,1,17.59,Undergraduate,Coding,4,FALSE,5
History,Idea Drafted,5,2025,Qtr 1,January,1,48.9,Undergraduate,Writing,14,TRUE,5
History,Idea Drafted,2.6,2025,Qtr 1,January,5,2.52,Undergraduate,Brainstorming,1,FALSE,3
History,Idea Drafted,3.8,2025,Qtr 1,January,5,23.5,Undergraduate,Coding,6,TRUE,4
History,Idea Drafted,1,2025,Qtr 1,January,7,23.34,High School,Writing,10,FALSE,1
History,Idea Drafted,1,2025,Qtr 1,January,8,10.66,Graduate,Homework Help,2,TRUE,1
History,Idea Drafted,3.9,2025,Qtr 1,January,8,13.77,Undergraduate,Brainstorming,4,TRUE,4
History,Idea Drafted,4.8,2025,Qtr 1,January,9,28.52,Graduate,Writing,12,TRUE,5
History,Idea Drafted,3.7,2025,Qtr 1,January,10,6.11,Graduate,Coding,1,TRUE,5
History,Idea Drafted,3.9,2025,Qtr 1,January,11,15.12,Undergraduate,Studying,3,FALSE,4
History,Idea Drafted,5,2025,Qtr 1,January,12,19.29,Undergraduate,Brainstorming,8,TRUE,4
History,Idea Drafted,3,2025,Qtr 1,January,12,18.2,Undergraduate,Writing,3,TRUE,3
History,Idea Drafted,5,2025,Qtr 1,January,13,20.13,Undergraduate,Research,5,FALSE,5
History,Idea Drafted,2.8,2025,Qtr 1,January,15,30.44,Undergraduate,Coding,7,TRUE,2
History,Idea Drafted,3.1,2025,Qtr 1,January,15,8.18,Undergraduate,Studying,1,TRUE,4
History,Idea Drafted,3.7,2025,Qtr 1,January,16,47.01,High School,Research,9,TRUE,4
History,Idea Drafted,3.6,2025,Qtr 1,January,16,5.76,High School,Writing,1,TRUE,4
History,Idea Drafted,2.4,2025,Qtr 1,January,17,12.35,High School,Writing,5,TRUE,2
History,Idea Drafted,1.9,2025,Qtr 1,January,18,8.03,High School,Writing,3,TRUE,3
History,Idea Drafted,4.4,2025,Qtr 1,January,19,22.3,Undergraduate,Studying,9,TRUE,5
History,Idea Drafted,3.6,2025,Qtr 1,January,20,23.44,Undergraduate,Writing,7,FALSE,3
History,Idea Drafted,5,2025,Qtr 1,January,23,16.42,Graduate,Writing,3,FALSE,4
History,Idea Drafted,4.1,2025,Qtr 1,January,24,45.94,Graduate,Studying,17,TRUE,3
History,Idea Drafted,3.2,2025,Qtr 1,January,24,46.01,High School,Homework Help,10,TRUE,3
History,Idea Drafted,4.4,2025,Qtr 1,January,24,19.09,Undergraduate,Writing,7,FALSE,4
History,Idea Drafted,2.2,2025,Qtr 1,January,26,29.66,Undergraduate,Studying,12,FALSE,3
History,Idea Drafted,3.8,2025,Qtr 1,January,26,17.72,Undergraduate,Studying,3,TRUE,4
History,Idea Drafted,5,2025,Qtr 1,January,27,56.31,High School,Coding,12,TRUE,5
History,Idea Drafted,2.9,2025,Qtr 1,January,27,5.29,Undergraduate,Writing,1,TRUE,4
History,Idea Drafted,1.8,2025,Qtr 1,January,28,37.05,Undergraduate,Coding,13,TRUE,2
History,Idea Drafted,4.3,2025,Qtr 1,January,29,10.53,High School,Homework Help,2,TRUE,4
History,Idea Drafted,1,2025,Qtr 1,January,30,31.93,Undergraduate,Studying,10,TRUE,1
History,Idea Drafted,4.5,2025,Qtr 1,January,30,15.58,Undergraduate,Writing,6,TRUE,4
History,Idea Drafted,2.7,2025,Qtr 1,January,31,31.15,Graduate,Research,13,TRUE,4
History,Idea Drafted,4.6,2025,Qtr 1,January,31,58.55,Undergraduate,Coding,19,TRUE,5
History,Idea Drafted,2.5,2025,Qtr 1,January,31,25.69,Undergraduate,Research,7,TRUE,3
History,Idea Drafted,2.9,2025,Qtr 1,January,31,31.14,Undergraduate,Studying,7,FALSE,3
History,Idea Drafted,3.7,2025,Qtr 1,January,31,11.77,Undergraduate,Writing,3,TRUE,4
History,Idea Drafted,1.2,2025,Qtr 1,February,1,25.5,High School,Writing,6,TRUE,2
History,Idea Drafted,4.5,2025,Qtr 1,February,1,28.88,Undergraduate,Writing,7,TRUE,5
History,Idea Drafted,1.8,2025,Qtr 1,February,3,49.52,High School,Studying,11,TRUE,2
History,Idea Drafted,3.8,2025,Qtr 1,February,3,45.29,Undergraduate,Studying,22,FALSE,4
History,Idea Drafted,2.8,2025,Qtr 1,February,3,23.45,Undergraduate,Writing,8,FALSE,2
History,Idea Drafted,7,2025,Qtr 1,February,3,23.09,Undergraduate,Writing,6,TRUE,8
History,Idea Drafted,1.8,2025,Qtr 1,February,5,8.86,Graduate,Coding,3,TRUE,2
History,Idea Drafted,3.8,2025,Qtr 1,February,6,20.01,High School,Writing,5,TRUE,4
History,Idea Drafted,5.7,2025,Qtr 1,February,7,38.28,Undergraduate,Coding,9,TRUE,7
History,Idea Drafted,4,2025,Qtr 1,February,8,12.27,High School,Homework Help,3,TRUE,3
History,Idea Drafted,3.8,2025,Qtr 1,February,9,3.27,Undergraduate,Writing,1,TRUE,3
History,Idea Drafted,3.2,2025,Qtr 1,February,10,1.58,High School,Studying,1,FALSE,4
History,Idea Drafted,1.6,2025,Qtr 1,February,11,36.59,Undergraduate,Writing,9,FALSE,3
History,Idea Drafted,3.9,2025,Qtr 1,February,12,27.85,High School,Writing,7,TRUE,4
History,Idea Drafted,4.6,2025,Qtr 1,February,13,14.99,Undergraduate,Brainstorming,4,FALSE,5
History,Idea Drafted,3.7,2025,Qtr 1,February,17,11.94,Graduate,Writing,2,FALSE,3
History,Idea Drafted,3.2,2025,Qtr 1,February,17,39.44,High School,Writing,7,TRUE,3
History,Idea Drafted,3.9,2025,Qtr 1,February,19,22.96,Undergraduate,Studying,11,TRUE,3
History,Idea Drafted,3.9,2025,Qtr 1,February,21,8.12,High School,Research,2,TRUE,3
History,Idea Drafted,4.5,2025,Qtr 1,February,22,51.11,Undergraduate,Writing,21,TRUE,5
History,Idea Drafted,3.7,2025,Qtr 1,February,24,31.08,Undergraduate,Coding,8,TRUE,4
History,Idea Drafted,5,2025,Qtr 1,February,26,18.62,Undergraduate,Research,5,TRUE,5
History,Idea Drafted,5,2025,Qtr 1,February,28,18.09,Graduate,Studying,4,FALSE,5
History,Idea Drafted,5,2025,Qtr 1,February,28,37.09,Undergraduate,Brainstorming,8,TRUE,5
History,Idea Drafted,5,2025,Qtr 1,March,2,55.24,High School,Coding,18,FALSE,5
History,Idea Drafted,2.1,2025,Qtr 1,March,2,15.74,Undergraduate,Brainstorming,5,TRUE,2
History,Idea Drafted,3.8,2025,Qtr 1,March,8,16.38,Undergraduate,Homework Help,8,FALSE,4
History,Idea Drafted,5,2025,Qtr 1,March,8,12.99,Undergraduate,Studying,3,TRUE,5
History,Idea Drafted,3.2,2025,Qtr 1,March,9,21.24,Graduate,Writing,5,TRUE,2
History,Idea Drafted,8.1,2025,Qtr 1,March,11,27.41,Undergraduate,Writing,6,TRUE,9
History,Idea Drafted,5,2025,Qtr 1,March,13,4.13,Undergraduate,Studying,1,FALSE,4
History,Idea Drafted,2.7,2025,Qtr 1,March,15,6.5,High School,Homework Help,1,FALSE,3
History,Idea Drafted,3.7,2025,Qtr 1,March,15,23.77,High School,Writing,6,TRUE,4
History,Idea Drafted,4.2,2025,Qtr 1,March,15,18.57,Undergraduate,Homework Help,5,TRUE,4
History,Idea Drafted,2.6,2025,Qtr 1,March,17,15.74,Undergraduate,Brainstorming,3,TRUE,3
History,Idea Drafted,1.7,2025,Qtr 1,March,17,58.88,Undergraduate,Writing,13,TRUE,2
History,Idea Drafted,2.9,2025,Qtr 1,March,19,21.25,Undergraduate,Brainstorming,5,TRUE,3
History,Idea Drafted,2.5,2025,Qtr 1,March,23,14.02,Graduate,Writing,2,TRUE,3
History,Idea Drafted,4.3,2025,Qtr 1,March,24,38.84,Undergraduate,Studying,10,TRUE,4
History,Idea Drafted,1,2025,Qtr 1,March,27,32.55,Undergraduate,Homework Help,8,TRUE,2
History,Idea Drafted,1.1,2025,Qtr 1,March,29,7.39,Undergraduate,Studying,1,TRUE,3
History,Idea Drafted,2.5,2025,Qtr 1,March,29,26.92,Undergraduate,Writing,5,TRUE,3
History,Idea Drafted,3,2025,Qtr 1,March,30,14.29,High School,Coding,5,FALSE,4
History,Idea Drafted,4,2025,Qtr 1,March,30,20.05,Undergraduate,Brainstorming,9,TRUE,4
History,Idea Drafted,3.1,2025,Qtr 2,April,1,28.19,High School,Brainstorming,6,TRUE,3
History,Idea Drafted,3.1,2025,Qtr 2,April,2,8.06,Graduate,Studying,3,TRUE,3
History,Idea Drafted,4.4,2025,Qtr 2,April,2,6.43,Undergraduate,Studying,1,TRUE,4
History,Idea Drafted,3.7,2025,Qtr 2,April,3,31.94,Undergraduate,Coding,15,TRUE,3
History,Idea Drafted,5.3,2025,Qtr 2,April,3,37.09,Undergraduate,Studying,11,TRUE,7
History,Idea Drafted,3,2025,Qtr 2,April,3,3.6,Undergraduate,Writing,1,TRUE,2
History,Idea Drafted,4.1,2025,Qtr 2,April,4,16.04,High School,Homework Help,6,TRUE,5
History,Idea Drafted,3.6,2025,Qtr 2,April,4,44.25,Undergraduate,Homework Help,20,TRUE,6
History,Idea Drafted,5,2025,Qtr 2,April,5,10.19,Graduate,Brainstorming,2,TRUE,5
History,Idea Drafted,3.1,2025,Qtr 2,April,5,15.91,High School,Homework Help,4,FALSE,3
History,Idea Drafted,4.2,2025,Qtr 2,April,6,38.5,Graduate,Studying,15,TRUE,4
History,Idea Drafted,3.2,2025,Qtr 2,April,8,10.37,Undergraduate,Coding,4,TRUE,4
History,Idea Drafted,5,2025,Qtr 2,April,8,27.59,Undergraduate,Research,6,TRUE,4
History,Idea Drafted,4.8,2025,Qtr 2,April,10,21.85,High School,Coding,8,TRUE,5
History,Idea Drafted,3.2,2025,Qtr 2,April,10,17.76,Undergraduate,Writing,6,TRUE,2
History,Idea Drafted,2.2,2025,Qtr 2,April,11,18.46,Graduate,Homework Help,4,TRUE,3
History,Idea Drafted,5,2025,Qtr 2,April,11,38.08,Graduate,Writing,11,TRUE,3
History,Idea Drafted,1.4,2025,Qtr 2,April,11,10.84,Undergraduate,Studying,2,TRUE,2
History,Idea Drafted,5,2025,Qtr 2,April,12,14.3,High School,Writing,5,FALSE,5
History,Idea Drafted,3.1,2025,Qtr 2,April,12,8.96,Undergraduate,Writing,2,TRUE,3
History,Idea Drafted,2.2,2025,Qtr 2,April,13,30.05,Undergraduate,Studying,9,TRUE,2
History,Idea Drafted,3.6,2025,Qtr 2,April,14,11.38,High School,Research,2,TRUE,3
History,Idea Drafted,2.8,2025,Qtr 2,April,14,20.69,Undergraduate,Coding,5,TRUE,3
History,Idea Drafted,4.8,2025,Qtr 2,April,14,22.63,Undergraduate,Homework Help,5,TRUE,4
History,Idea Drafted,4.2,2025,Qtr 2,April,16,7.21,High School,Writing,1,TRUE,3
History,Idea Drafted,2.5,2025,Qtr 2,April,16,11.89,Undergraduate,Homework Help,2,TRUE,3
History,Idea Drafted,4.8,2025,Qtr 2,April,17,20.18,Graduate,Research,6,TRUE,4
History,Idea Drafted,4.2,2025,Qtr 2,April,17,17.81,Undergraduate,Studying,3,TRUE,4
History,Idea Drafted,3.3,2025,Qtr 2,April,19,22.42,Undergraduate,Homework Help,6,TRUE,3
History,Idea Drafted,4,2025,Qtr 2,April,20,4.39,Undergraduate,Studying,1,TRUE,2
History,Idea Drafted,2.3,2025,Qtr 2,April,24,10.74,High School,Brainstorming,2,TRUE,3
History,Idea Drafted,4.1,2025,Qtr 2,April,24,10.23,Undergraduate,Writing,3,TRUE,4
History,Idea Drafted,4.3,2025,Qtr 2,April,25,24.65,Graduate,Coding,6,TRUE,4
History,Idea Drafted,1.5,2025,Qtr 2,April,25,18.03,High School,Homework Help,6,TRUE,3
History,Idea Drafted,4.1,2025,Qtr 2,April,26,37.32,Undergraduate,Homework Help,8,FALSE,5
History,Idea Drafted,3.4,2025,Qtr 2,April,27,33.54,High School,Writing,10,FALSE,3
History,Idea Drafted,4.2,2025,Qtr 2,April,27,11.52,Undergraduate,Writing,2,FALSE,3
History,Idea Drafted,1,2025,Qtr 2,April,27,18.34,Undergraduate,Writing,4,TRUE,2
History,Idea Drafted,4.8,2025,Qtr 2,April,29,2.99,Undergraduate,Studying,1,TRUE,4
History,Idea Drafted,5,2025,Qtr 2,April,29,13.26,Undergraduate,Writing,3,TRUE,4
History,Idea Drafted,4.7,2025,Qtr 2,May,1,21.08,Undergraduate,Studying,4,TRUE,4
History,Idea Drafted,2.7,2025,Qtr 2,May,2,28.66,Undergraduate,Studying,7,FALSE,3
History,Idea Drafted,3.5,2025,Qtr 2,May,3,9.89,Undergraduate,Writing,3,FALSE,4
History,Idea Drafted,2.5,2025,Qtr 2,May,4,22.51,High School,Writing,8,TRUE,3
History,Idea Drafted,3.5,2025,Qtr 2,May,5,11.36,Undergraduate,Studying,3,TRUE,3
History,Idea Drafted,3.5,2025,Qtr 2,May,6,28.4,Undergraduate,Coding,7,TRUE,3
History,Idea Drafted,2.7,2025,Qtr 2,May,7,15.88,Undergraduate,Coding,6,TRUE,3
History,Idea Drafted,2.9,2025,Qtr 2,May,8,51.14,Graduate,Homework Help,24,TRUE,3
History,Idea Drafted,1.3,2025,Qtr 2,May,8,30.04,Undergraduate,Writing,6,TRUE,2
History,Idea Drafted,3.1,2025,Qtr 2,May,11,14.41,High School,Writing,3,TRUE,4
History,Idea Drafted,4,2025,Qtr 2,May,12,25.56,Graduate,Coding,8,TRUE,4
History,Idea Drafted,3.6,2025,Qtr 2,May,12,32,Graduate,Writing,7,TRUE,2
History,Idea Drafted,2.9,2025,Qtr 2,May,13,7.29,Undergraduate,Coding,2,TRUE,3
History,Idea Drafted,2.2,2025,Qtr 2,May,14,9.35,Undergraduate,Writing,2,TRUE,2
History,Idea Drafted,4.2,2025,Qtr 2,May,15,5.68,High School,Writing,1,TRUE,4
History,Idea Drafted,3.1,2025,Qtr 2,May,15,41.2,Undergraduate,Studying,12,TRUE,3
History,Idea Drafted,4.2,2025,Qtr 2,May,15,14.98,Undergraduate,Writing,3,TRUE,4
History,Idea Drafted,2.5,2025,Qtr 2,May,16,27.09,Graduate,Studying,6,TRUE,3
History,Idea Drafted,2.4,2025,Qtr 2,May,16,2.6,Undergraduate,Homework Help,1,TRUE,2
History,Idea Drafted,3.4,2025,Qtr 2,May,17,34.76,High School,Homework Help,9,TRUE,4
History,Idea Drafted,4.3,2025,Qtr 2,May,17,6.59,Undergraduate,Studying,1,TRUE,4
History,Idea Drafted,5,2025,Qtr 2,May,18,17.08,Graduate,Studying,7,TRUE,5
History,Idea Drafted,5,2025,Qtr 2,May,19,57.41,Undergraduate,Writing,18,TRUE,4
History,Idea Drafted,3.4,2025,Qtr 2,May,20,43.6,Undergraduate,Brainstorming,17,TRUE,3
History,Idea Drafted,7.9,2025,Qtr 2,May,20,54.44,Undergraduate,Writing,11,TRUE,8
History,Idea Drafted,3.2,2025,Qtr 2,May,22,1.53,High School,Writing,1,FALSE,4
History,Idea Drafted,4.2,2025,Qtr 2,May,23,9.33,High School,Research,2,FALSE,4
History,Idea Drafted,4.8,2025,Qtr 2,May,23,3.35,Undergraduate,Studying,1,TRUE,5
History,Idea Drafted,3.4,2025,Qtr 2,May,24,40.31,Undergraduate,Homework Help,19,TRUE,4
History,Idea Drafted,2.4,2025,Qtr 2,May,25,24.05,High School,Studying,10,TRUE,3
History,Idea Drafted,2.6,2025,Qtr 2,May,26,11.31,Graduate,Homework Help,4,TRUE,4
History,Idea Drafted,3.8,2025,Qtr 2,May,26,25.63,Undergraduate,Writing,8,TRUE,4
History,Idea Drafted,2.7,2025,Qtr 2,May,27,17.22,Undergraduate,Writing,4,FALSE,3
History,Idea Drafted,3.3,2025,Qtr 2,May,28,18.55,High School,Writing,4,TRUE,4
History,Idea Drafted,3.2,2025,Qtr 2,May,29,37.75,Undergraduate,Writing,16,FALSE,3
History,Idea Drafted,2.2,2025,Qtr 2,May,29,14.05,Undergraduate,Writing,4,TRUE,2
History,Idea Drafted,2.4,2025,Qtr 2,June,1,11.02,Undergraduate,Homework Help,2,TRUE,4
History,Idea Drafted,4.2,2025,Qtr 2,June,1,12.38,Undergraduate,Studying,3,TRUE,5
History,Idea Drafted,6.3,2025,Qtr 2,June,4,80.1,Undergraduate,Coding,21,TRUE,8
History,Idea Drafted,3.1,2025,Qtr 2,June,5,13.85,Graduate,Coding,5,TRUE,3
History,Idea Drafted,5,2025,Qtr 2,June,7,8.47,High School,Homework Help,2,TRUE,4
History,Idea Drafted,3.8,2025,Qtr 2,June,7,47.95,High School,Writing,16,TRUE,3
History,Idea Drafted,4.5,2025,Qtr 2,June,9,7.6,Undergraduate,Writing,2,TRUE,4
History,Idea Drafted,3.3,2025,Qtr 2,June,10,2.13,Undergraduate,Writing,1,TRUE,3
History,Idea Drafted,5,2025,Qtr 2,June,11,15.88,High School,Writing,7,TRUE,5
History,Idea Drafted,3.2,2025,Qtr 2,June,12,3.36,Undergraduate,Research,1,TRUE,3
History,Idea Drafted,3,2025,Qtr 2,June,13,12.69,Graduate,Coding,3,TRUE,3
History,Idea Drafted,2.3,2025,Qtr 2,June,13,13.4,Undergraduate,Writing,3,TRUE,3
History,Idea Drafted,4.1,2025,Qtr 2,June,14,50.24,Undergraduate,Coding,18,TRUE,4
History,Idea Drafted,3.9,2025,Qtr 2,June,14,16.81,Undergraduate,Writing,3,FALSE,4
History,Idea Drafted,2.7,2025,Qtr 2,June,15,19.26,High School,Writing,4,FALSE,3
History,Idea Drafted,4,2025,Qtr 2,June,16,36.12,High School,Research,13,TRUE,3
History,Idea Drafted,4.5,2025,Qtr 2,June,17,20.17,High School,Studying,6,TRUE,4
History,Idea Drafted,1.2,2025,Qtr 2,June,18,21.86,Undergraduate,Brainstorming,5,TRUE,2
History,Idea Drafted,5,2025,Qtr 2,June,19,15.5,Undergraduate,Writing,3,TRUE,4
History,Idea Drafted,4.5,2025,Qtr 2,June,20,14.07,High School,Brainstorming,4,TRUE,4
History,Idea Drafted,4.8,2025,Qtr 2,June,20,10.43,Undergraduate,Writing,3,FALSE,4
History,Idea Drafted,2.7,2025,Qtr 2,June,21,13.8,High School,Coding,4,TRUE,2
History,Idea Drafted,1.5,2025,Qtr 2,June,21,78.93,Undergraduate,Writing,19,FALSE,2
History,Idea Drafted,3.5,2025,Qtr 2,June,21,13.25,Undergraduate,Writing,4,TRUE,3
History,Idea Drafted,3.5,2025,Qtr 2,June,23,41.23,Undergraduate,Homework Help,16,TRUE,4
History,Idea Drafted,3.1,2025,Qtr 2,June,23,26.44,Undergraduate,Writing,11,TRUE,3
Math,Assignment Completed,2.5,2024,Qtr 2,June,24,15.99,Graduate,Studying,3,TRUE,3
Math,Assignment Completed,2.1,2024,Qtr 2,June,24,15.35,Undergraduate,Studying,5,TRUE,3
Math,Assignment Completed,2.3,2024,Qtr 2,June,25,12.14,Undergraduate,Writing,4,TRUE,3
Math,Assignment Completed,2.4,2024,Qtr 2,June,26,27.75,Graduate,Coding,12,TRUE,3
Math,Assignment Completed,4.1,2024,Qtr 2,June,26,7.4,Graduate,Homework Help,1,TRUE,4
Math,Assignment Completed,1.9,2024,Qtr 2,June,26,18.18,High School,Writing,7,TRUE,2
Math,Assignment Completed,4.5,2024,Qtr 2,June,27,20.63,Graduate,Writing,7,FALSE,3
Math,Assignment Completed,4.4,2024,Qtr 2,June,27,14.56,High School,Coding,3,TRUE,3
Math,Assignment Completed,4.1,2024,Qtr 2,June,27,24.78,Undergraduate,Coding,7,TRUE,5
Math,Assignment Completed,3.9,2024,Qtr 2,June,27,39.68,Undergraduate,Writing,8,TRUE,4
Math,Assignment Completed,5,2024,Qtr 2,June,28,22.68,Undergraduate,Studying,7,TRUE,5
Math,Assignment Completed,3.1,2024,Qtr 2,June,29,4.44,High School,Writing,1,FALSE,3
Math,Assignment Completed,6.9,2024,Qtr 2,June,29,21.66,Undergraduate,Homework Help,5,TRUE,8
Math,Assignment Completed,3.1,2024,Qtr 2,June,29,18.07,Undergraduate,Writing,5,TRUE,4
Math,Assignment Completed,5,2024,Qtr 2,June,30,11.42,High School,Studying,4,TRUE,5
Math,Assignment Completed,2.7,2024,Qtr 3,July,1,8.65,High School,Homework Help,2,FALSE,4
Math,Assignment Completed,2.2,2024,Qtr 3,July,1,22.73,Undergraduate,Writing,5,TRUE,4
Math,Assignment Completed,4.5,2024,Qtr 3,July,2,8.05,Undergraduate,Coding,2,TRUE,5
Math,Assignment Completed,7.7,2024,Qtr 3,July,2,45.24,Undergraduate,Writing,11,TRUE,9
Math,Assignment Completed,4.6,2024,Qtr 3,July,3,8.62,Undergraduate,Studying,1,TRUE,5
Math,Assignment Completed,4.1,2024,Qtr 3,July,3,6.19,Undergraduate,Writing,3,TRUE,4
Math,Assignment Completed,3.1,2024,Qtr 3,July,4,46.68,Undergraduate,Coding,18,TRUE,4
Math,Assignment Completed,3.8,2024,Qtr 3,July,5,9.28,Graduate,Homework Help,2,TRUE,4
Math,Assignment Completed,3.3,2024,Qtr 3,July,5,30.65,Undergraduate,Writing,7,TRUE,2
Math,Assignment Completed,8.1,2024,Qtr 3,July,6,27.11,Graduate,Writing,6,TRUE,9
Math,Assignment Completed,3.7,2024,Qtr 3,July,7,11.01,Undergraduate,Writing,2,TRUE,3
Math,Assignment Completed,3.1,2024,Qtr 3,July,9,28.67,Undergraduate,Brainstorming,12,TRUE,3
Math,Assignment Completed,3.9,2024,Qtr 3,July,10,10.88,Undergraduate,Homework Help,5,FALSE,4
Math,Assignment Completed,3.8,2024,Qtr 3,July,11,27.04,Undergraduate,Studying,6,TRUE,3
Math,Assignment Completed,2.1,2024,Qtr 3,July,12,14.28,Graduate,Studying,7,FALSE,3
Math,Assignment Completed,1.4,2024,Qtr 3,July,12,19.56,Undergraduate,Coding,9,TRUE,2
Math,Assignment Completed,1.7,2024,Qtr 3,July,12,13.9,Undergraduate,Studying,6,TRUE,2
Math,Assignment Completed,7.8,2024,Qtr 3,July,13,58.52,Undergraduate,Studying,17,FALSE,9
Math,Assignment Completed,5,2024,Qtr 3,July,14,19.38,High School,Writing,6,TRUE,5
Math,Assignment Completed,4.1,2024,Qtr 3,July,14,18,Undergraduate,Writing,5,FALSE,4
Math,Assignment Completed,1.9,2024,Qtr 3,July,16,14.61,High School,Writing,3,TRUE,3
Math,Assignment Completed,4.4,2024,Qtr 3,July,17,25.49,Graduate,Writing,11,TRUE,4
Math,Assignment Completed,4.4,2024,Qtr 3,July,17,9.53,High School,Coding,2,TRUE,5
Math,Assignment Completed,2.5,2024,Qtr 3,July,18,17.76,Graduate,Homework Help,4,TRUE,2
Math,Assignment Completed,3.4,2024,Qtr 3,July,18,17,High School,Studying,3,TRUE,2
Math,Assignment Completed,2.1,2024,Qtr 3,July,18,17.06,Undergraduate,Homework Help,6,TRUE,3
Math,Assignment Completed,3.5,2024,Qtr 3,July,18,23.82,Undergraduate,Writing,4,TRUE,3
Math,Assignment Completed,3,2024,Qtr 3,July,19,7.61,Graduate,Writing,2,FALSE,4
Math,Assignment Completed,5,2024,Qtr 3,July,19,31.51,Undergraduate,Coding,6,TRUE,4
Math,Assignment Completed,4.1,2024,Qtr 3,July,19,21.89,Undergraduate,Writing,7,TRUE,5
Math,Assignment Completed,3.3,2024,Qtr 3,July,21,13.14,Graduate,Studying,4,TRUE,3
Math,Assignment Completed,3.3,2024,Qtr 3,July,21,14.18,Undergraduate,Coding,6,TRUE,3
Math,Assignment Completed,5,2024,Qtr 3,July,21,5.74,Undergraduate,Homework Help,1,FALSE,5
Math,Assignment Completed,5,2024,Qtr 3,July,22,34.97,Undergraduate,Homework Help,13,FALSE,5
Math,Assignment Completed,3,2024,Qtr 3,July,23,12.5,Graduate,Coding,5,FALSE,4
Math,Assignment Completed,4.8,2024,Qtr 3,July,23,19.03,High School,Coding,3,TRUE,5
Math,Assignment Completed,2.5,2024,Qtr 3,July,23,19.28,Undergraduate,Writing,5,FALSE,3
Math,Assignment Completed,4.3,2024,Qtr 3,July,24,25.63,Graduate,Coding,5,TRUE,4
Math,Assignment Completed,4.3,2024,Qtr 3,July,24,9.22,High School,Coding,2,TRUE,3
Math,Assignment Completed,2.5,2024,Qtr 3,July,24,4.22,Undergraduate,Coding,1,TRUE,4
Math,Assignment Completed,4.8,2024,Qtr 3,July,25,48.18,Graduate,Coding,21,TRUE,4
Math,Assignment Completed,1,2024,Qtr 3,July,25,28.29,Undergraduate,Homework Help,8,TRUE,1
Math,Assignment Completed,2.7,2024,Qtr 3,July,25,7.25,Undergraduate,Writing,3,TRUE,3
Math,Assignment Completed,2.7,2024,Qtr 3,July,26,23.11,Graduate,Brainstorming,11,FALSE,4
Math,Assignment Completed,3.6,2024,Qtr 3,July,26,18.39,Undergraduate,Coding,4,TRUE,3
Math,Assignment Completed,7.5,2024,Qtr 3,July,26,27.85,Undergraduate,Homework Help,8,TRUE,8
Math,Assignment Completed,10,2024,Qtr 3,July,26,64.13,Undergraduate,Writing,17,TRUE,9
Math,Assignment Completed,3.7,2024,Qtr 3,July,27,12.27,Graduate,Studying,5,FALSE,3
Math,Assignment Completed,4.5,2024,Qtr 3,July,27,43.9,Undergraduate,Coding,17,TRUE,5
Math,Assignment Completed,3.1,2024,Qtr 3,July,27,22.39,Undergraduate,Homework Help,5,TRUE,3
Math,Assignment Completed,3,2024,Qtr 3,July,30,27.28,High School,Homework Help,6,TRUE,4
Math,Assignment Completed,3.5,2024,Qtr 3,July,30,79.08,High School,Writing,19,TRUE,4
Math,Assignment Completed,1,2024,Qtr 3,July,31,24.26,Graduate,Homework Help,8,FALSE,2
Math,Assignment Completed,2.9,2024,Qtr 3,July,31,18.52,High School,Writing,4,TRUE,4
Math,Assignment Completed,2.6,2024,Qtr 3,July,31,10.95,Undergraduate,Writing,4,FALSE,4
Math,Assignment Completed,3.2,2024,Qtr 3,July,31,42.19,Undergraduate,Writing,8,TRUE,4
Math,Assignment Completed,2,2024,Qtr 3,August,1,16.36,Graduate,Writing,4,FALSE,2
Math,Assignment Completed,1.4,2024,Qtr 3,August,1,3.72,Undergraduate,Coding,1,TRUE,2
Math,Assignment Completed,3.5,2024,Qtr 3,August,2,33.99,High School,Homework Help,16,TRUE,4
Math,Assignment Completed,4.8,2024,Qtr 3,August,2,16.76,Undergraduate,Coding,7,TRUE,4
Math,Assignment Completed,5,2024,Qtr 3,August,2,11.39,Undergraduate,Homework Help,2,TRUE,5
Math,Assignment Completed,3.9,2024,Qtr 3,August,3,7.48,Undergraduate,Coding,2,TRUE,5
Math,Assignment Completed,5,2024,Qtr 3,August,5,34.66,Undergraduate,Coding,9,FALSE,5
Math,Assignment Completed,5,2024,Qtr 3,August,5,22.96,Undergraduate,Homework Help,6,TRUE,4
Math,Assignment Completed,3.2,2024,Qtr 3,August,6,5.4,Graduate,Homework Help,1,TRUE,3
Math,Assignment Completed,4.1,2024,Qtr 3,August,6,13.05,High School,Writing,3,TRUE,3
Math,Assignment Completed,2.6,2024,Qtr 3,August,7,11.21,High School,Brainstorming,2,FALSE,3
Math,Assignment Completed,2.7,2024,Qtr 3,August,9,71.83,High School,Brainstorming,18,FALSE,3
Math,Assignment Completed,4.6,2024,Qtr 3,August,10,18.53,Undergraduate,Homework Help,5,TRUE,5
Math,Assignment Completed,4.8,2024,Qtr 3,August,11,18.58,High School,Coding,4,TRUE,3
Math,Assignment Completed,6,2024,Qtr 3,August,12,26.43,Undergraduate,Coding,6,TRUE,6
Math,Assignment Completed,3.3,2024,Qtr 3,August,13,9.19,High School,Coding,1,TRUE,3
Math,Assignment Completed,2.5,2024,Qtr 3,August,13,9.99,Undergraduate,Studying,3,TRUE,3
Math,Assignment Completed,2.6,2024,Qtr 3,August,13,12.59,Undergraduate,Writing,3,FALSE,3
Math,Assignment Completed,2.8,2024,Qtr 3,August,14,32.63,Graduate,Coding,14,FALSE,3
Math,Assignment Completed,4.4,2024,Qtr 3,August,15,23.25,High School,Coding,10,TRUE,4
Math,Assignment Completed,6.4,2024,Qtr 3,August,15,33.67,Undergraduate,Studying,10,TRUE,6
Math,Assignment Completed,4.8,2024,Qtr 3,August,15,3.72,Undergraduate,Writing,1,FALSE,4
Math,Assignment Completed,2.1,2024,Qtr 3,August,16,8.62,Graduate,Coding,2,TRUE,3
Math,Assignment Completed,3.4,2024,Qtr 3,August,16,14.23,Undergraduate,Writing,6,TRUE,4
Math,Assignment Completed,3.4,2024,Qtr 3,August,18,25.87,Graduate,Research,7,TRUE,3
Math,Assignment Completed,4.8,2024,Qtr 3,August,18,25.41,Graduate,Studying,5,TRUE,4
Math,Assignment Completed,3.8,2024,Qtr 3,August,18,34.78,Undergraduate,Writing,11,TRUE,3
Math,Assignment Completed,4.9,2024,Qtr 3,August,19,27.48,Undergraduate,Homework Help,8,TRUE,5
Math,Assignment Completed,8.2,2024,Qtr 3,August,19,54.25,Undergraduate,Writing,11,TRUE,7
Math,Assignment Completed,4.9,2024,Qtr 3,August,20,50.32,Graduate,Research,15,TRUE,5
Math,Assignment Completed,4.4,2024,Qtr 3,August,20,25.95,High School,Homework Help,11,TRUE,4
Math,Assignment Completed,3.2,2024,Qtr 3,August,20,11.71,Undergraduate,Research,2,FALSE,4
Math,Assignment Completed,1,2024,Qtr 3,August,21,14.99,High School,Writing,3,FALSE,3
Math,Assignment Completed,1.6,2024,Qtr 3,August,21,19.02,Undergraduate,Coding,4,TRUE,2
Math,Assignment Completed,2.5,2024,Qtr 3,August,21,29.13,Undergraduate,Research,11,FALSE,3
Math,Assignment Completed,4.4,2024,Qtr 3,August,22,7.11,Graduate,Coding,1,TRUE,5
Math,Assignment Completed,4.1,2024,Qtr 3,August,22,10.33,High School,Studying,3,FALSE,4
Math,Assignment Completed,4.5,2024,Qtr 3,August,23,21.02,Undergraduate,Coding,5,TRUE,4
Math,Assignment Completed,4,2024,Qtr 3,August,23,12.91,Undergraduate,Writing,2,TRUE,4
Math,Assignment Completed,1,2024,Qtr 3,August,25,10.13,Graduate,Studying,4,FALSE,2
Math,Assignment Completed,1.6,2024,Qtr 3,August,25,24.27,Graduate,Studying,7,TRUE,2
Math,Assignment Completed,2.4,2024,Qtr 3,August,25,19.75,Undergraduate,Studying,5,TRUE,2
Math,Assignment Completed,2.2,2024,Qtr 3,August,25,11.3,Undergraduate,Writing,2,FALSE,3
Math,Assignment Completed,3.5,2024,Qtr 3,August,27,14.85,Graduate,Writing,3,TRUE,4
Math,Assignment Completed,4.2,2024,Qtr 3,August,27,8.22,Undergraduate,Writing,2,TRUE,4
Math,Assignment Completed,5,2024,Qtr 3,August,28,3.06,Graduate,Coding,1,TRUE,5
Math,Assignment Completed,5,2024,Qtr 3,August,28,11.51,Graduate,Homework Help,3,TRUE,5
Math,Assignment Completed,2.3,2024,Qtr 3,August,30,33.96,Graduate,Coding,15,TRUE,3
Math,Assignment Completed,2.4,2024,Qtr 3,August,30,8.57,Graduate,Writing,2,TRUE,3
Math,Assignment Completed,4.7,2024,Qtr 3,August,30,20.17,High School,Writing,5,TRUE,4
Math,Assignment Completed,5,2024,Qtr 3,August,30,3.32,Undergraduate,Writing,1,TRUE,5
Math,Assignment Completed,1.8,2024,Qtr 3,August,31,45.86,Graduate,Studying,11,TRUE,2
Math,Assignment Completed,3.2,2024,Qtr 3,August,31,8.36,Undergraduate,Homework Help,4,FALSE,4
Math,Assignment Completed,1.8,2024,Qtr 3,September,1,15.17,Graduate,Coding,3,TRUE,3
Math,Assignment Completed,3.5,2024,Qtr 3,September,1,18.57,Undergraduate,Homework Help,6,TRUE,4
Math,Assignment Completed,7.8,2024,Qtr 3,September,1,60.64,Undergraduate,Studying,18,TRUE,7
Math,Assignment Completed,2.8,2024,Qtr 3,September,2,7.03,Undergraduate,Homework Help,2,TRUE,3
Math,Assignment Completed,3.3,2024,Qtr 3,September,2,18.58,Undergraduate,Writing,3,TRUE,4
Math,Assignment Completed,3.9,2024,Qtr 3,September,3,11.76,Graduate,Coding,5,TRUE,4
Math,Assignment Completed,4.5,2024,Qtr 3,September,4,18.27,Graduate,Writing,4,FALSE,4
Math,Assignment Completed,5,2024,Qtr 3,September,5,9.61,Undergraduate,Homework Help,2,FALSE,4
Math,Assignment Completed,4.6,2024,Qtr 3,September,7,15.45,Undergraduate,Coding,3,TRUE,5
Math,Assignment Completed,2.6,2024,Qtr 3,September,7,21.17,Undergraduate,Writing,5,TRUE,3
Math,Assignment Completed,4.6,2024,Qtr 3,September,8,6.34,High School,Coding,2,FALSE,5
Math,Assignment Completed,3.7,2024,Qtr 3,September,8,53.78,High School,Coding,24,TRUE,4
Math,Assignment Completed,4.4,2024,Qtr 3,September,9,6.19,Graduate,Homework Help,2,TRUE,5
Math,Assignment Completed,2.4,2024,Qtr 3,September,9,18.78,Undergraduate,Homework Help,7,TRUE,2
Math,Assignment Completed,4,2024,Qtr 3,September,10,34.84,Graduate,Writing,13,FALSE,4
Math,Assignment Completed,3.9,2024,Qtr 3,September,10,39.72,High School,Coding,11,FALSE,4
Math,Assignment Completed,4.7,2024,Qtr 3,September,10,26.89,Undergraduate,Writing,6,TRUE,5
Math,Assignment Completed,1.9,2024,Qtr 3,September,11,24.53,High School,Writing,7,TRUE,3
Math,Assignment Completed,4.1,2024,Qtr 3,September,11,3.53,Undergraduate,Coding,1,TRUE,3
Math,Assignment Completed,4.1,2024,Qtr 3,September,11,3.54,Undergraduate,Homework Help,1,TRUE,4
Math,Assignment Completed,3.6,2024,Qtr 3,September,11,17.05,Undergraduate,Writing,7,TRUE,3
Math,Assignment Completed,2.7,2024,Qtr 3,September,13,43.96,Graduate,Coding,21,TRUE,3
Math,Assignment Completed,5,2024,Qtr 3,September,13,7.58,High School,Writing,2,TRUE,5
Math,Assignment Completed,1.7,2024,Qtr 3,September,14,9.69,Graduate,Writing,2,FALSE,2
Math,Assignment Completed,1.6,2024,Qtr 3,September,15,21.71,Undergraduate,Brainstorming,10,TRUE,3
Math,Assignment Completed,4.7,2024,Qtr 3,September,15,4.56,Undergraduate,Coding,1,FALSE,4
Math,Assignment Completed,3.9,2024,Qtr 3,September,15,9.84,Undergraduate,Homework Help,2,FALSE,4
Math,Assignment Completed,4.8,2024,Qtr 3,September,15,11.91,Undergraduate,Homework Help,3,TRUE,4
Math,Assignment Completed,4.4,2024,Qtr 3,September,16,3.08,Graduate,Coding,1,TRUE,5
Math,Assignment Completed,5,2024,Qtr 3,September,16,22.16,Graduate,Writing,6,TRUE,5
Math,Assignment Completed,2.7,2024,Qtr 3,September,16,8.06,Undergraduate,Coding,1,TRUE,4
Math,Assignment Completed,2.8,2024,Qtr 3,September,16,53.43,Undergraduate,Studying,12,TRUE,3
Math,Assignment Completed,4.6,2024,Qtr 3,September,17,16.13,High School,Writing,3,TRUE,4
Math,Assignment Completed,1.3,2024,Qtr 3,September,17,30.05,Undergraduate,Studying,8,TRUE,3
Math,Assignment Completed,2.4,2024,Qtr 3,September,18,13.73,High School,Coding,6,TRUE,3
Math,Assignment Completed,3.7,2024,Qtr 3,September,18,5.17,Undergraduate,Studying,1,TRUE,3
Math,Assignment Completed,2.7,2024,Qtr 3,September,19,10.33,Undergraduate,Homework Help,4,TRUE,4
Math,Assignment Completed,4.7,2024,Qtr 3,September,19,16.03,Undergraduate,Writing,7,FALSE,5
Math,Assignment Completed,3.3,2024,Qtr 3,September,20,4.03,Graduate,Studying,1,FALSE,3
Math,Assignment Completed,4.6,2024,Qtr 3,September,20,17.35,Undergraduate,Homework Help,3,TRUE,5
Math,Assignment Completed,3.9,2024,Qtr 3,September,20,5.73,Undergraduate,Writing,1,TRUE,4
Math,Assignment Completed,1.6,2024,Qtr 3,September,21,33.01,Graduate,Studying,9,FALSE,3
Math,Assignment Completed,3,2024,Qtr 3,September,21,24.74,Undergraduate,Homework Help,9,TRUE,2
Math,Assignment Completed,4.4,2024,Qtr 3,September,22,16.56,High School,Coding,3,TRUE,4
Math,Assignment Completed,4.2,2024,Qtr 3,September,23,17.22,Undergraduate,Research,6,TRUE,5
Math,Assignment Completed,3.8,2024,Qtr 3,September,23,16.97,Undergraduate,Studying,3,TRUE,4
Math,Assignment Completed,2.9,2024,Qtr 3,September,24,86.46,Graduate,Writing,17,TRUE,3
Math,Assignment Completed,4.6,2024,Qtr 3,September,24,16.03,Undergraduate,Writing,5,FALSE,5
Math,Assignment Completed,3.6,2024,Qtr 3,September,26,16.88,Undergraduate,Studying,3,TRUE,3
Math,Assignment Completed,4.1,2024,Qtr 3,September,26,24.33,Undergraduate,Writing,11,TRUE,4
Math,Assignment Completed,5,2024,Qtr 3,September,27,15.95,High School,Coding,6,TRUE,4
Math,Assignment Completed,2.6,2024,Qtr 3,September,28,34.03,High School,Studying,13,TRUE,4
Math,Assignment Completed,3.4,2024,Qtr 3,September,28,21.69,Undergraduate,Homework Help,5,TRUE,3
Math,Assignment Completed,3.6,2024,Qtr 3,September,29,1.38,High School,Studying,1,TRUE,3
Math,Assignment Completed,5,2024,Qtr 3,September,29,9.64,Undergraduate,Coding,4,FALSE,4
Math,Assignment Completed,2.9,2024,Qtr 3,September,29,19.19,Undergraduate,Homework Help,5,TRUE,3
Math,Assignment Completed,5,2024,Qtr 3,September,29,10.23,Undergraduate,Studying,2,TRUE,5
Math,Assignment Completed,5,2024,Qtr 3,September,30,14.14,Graduate,Coding,3,TRUE,5
Math,Assignment Completed,4.6,2024,Qtr 3,September,30,21.27,Undergraduate,Studying,4,FALSE,4
Math,Assignment Completed,4.1,2024,Qtr 3,September,30,38.11,Undergraduate,Studying,13,TRUE,6
Math,Assignment Completed,4.6,2024,Qtr 4,October,1,30.89,Graduate,Brainstorming,9,TRUE,4
Math,Assignment Completed,2.2,2024,Qtr 4,October,1,16.5,High School,Studying,3,FALSE,3
Math,Assignment Completed,2.8,2024,Qtr 4,October,1,13.95,Undergraduate,Studying,2,FALSE,4
Math,Assignment Completed,8.8,2024,Qtr 4,October,1,54.92,Undergraduate,Writing,18,TRUE,10
Math,Assignment Completed,2.9,2024,Qtr 4,October,2,23.19,High School,Homework Help,9,FALSE,4
Math,Assignment Completed,5,2024,Qtr 4,October,3,8.13,Undergraduate,Writing,1,TRUE,4
Math,Assignment Completed,2.9,2024,Qtr 4,October,4,16.35,Undergraduate,Brainstorming,3,TRUE,3
Math,Assignment Completed,3.3,2024,Qtr 4,October,4,31.89,Undergraduate,Homework Help,7,FALSE,4
Math,Assignment Completed,3.6,2024,Qtr 4,October,5,10.86,High School,Research,3,TRUE,3
Math,Assignment Completed,2.1,2024,Qtr 4,October,5,31.23,Undergraduate,Coding,6,TRUE,3
Math,Assignment Completed,8.1,2024,Qtr 4,October,5,31.61,Undergraduate,Homework Help,10,TRUE,9
Math,Assignment Completed,2.8,2024,Qtr 4,October,5,8.01,Undergraduate,Writing,2,TRUE,2
Math,Assignment Completed,1.6,2024,Qtr 4,October,6,24.42,Undergraduate,Studying,8,TRUE,2
Math,Assignment Completed,4.3,2024,Qtr 4,October,7,39.62,Graduate,Coding,11,TRUE,5
Math,Assignment Completed,4.7,2024,Qtr 4,October,7,58.14,High School,Studying,17,TRUE,4
Math,Assignment Completed,3.8,2024,Qtr 4,October,7,3.76,Undergraduate,Homework Help,1,TRUE,4
Math,Assignment Completed,3.5,2024,Qtr 4,October,8,42.07,High School,Studying,9,TRUE,4
Math,Assignment Completed,4.5,2024,Qtr 4,October,8,3.93,Undergraduate,Coding,1,TRUE,4
Math,Assignment Completed,2.1,2024,Qtr 4,October,10,15.28,Undergraduate,Writing,3,TRUE,5
Math,Assignment Completed,3.8,2024,Qtr 4,October,11,6.97,Undergraduate,Studying,1,TRUE,3
Math,Assignment Completed,5,2024,Qtr 4,October,12,28.58,Graduate,Writing,10,TRUE,5
Math,Assignment Completed,5,2024,Qtr 4,October,12,2.01,High School,Writing,1,TRUE,5
Math,Assignment Completed,3.3,2024,Qtr 4,October,12,45.47,Undergraduate,Homework Help,19,FALSE,4
Math,Assignment Completed,5,2024,Qtr 4,October,13,48.99,Graduate,Coding,15,FALSE,4
Math,Assignment Completed,3.5,2024,Qtr 4,October,14,4.27,Graduate,Brainstorming,1,TRUE,3
Math,Assignment Completed,2.7,2024,Qtr 4,October,14,13.37,Undergraduate,Writing,4,TRUE,3
Math,Assignment Completed,2.3,2024,Qtr 4,October,15,21.14,High School,Coding,4,FALSE,3
Math,Assignment Completed,3.3,2024,Qtr 4,October,15,27.13,Undergraduate,Coding,8,FALSE,5
Math,Assignment Completed,3.9,2024,Qtr 4,October,15,10.21,Undergraduate,Writing,4,TRUE,3
Math,Assignment Completed,5,2024,Qtr 4,October,16,27.16,High School,Homework Help,8,FALSE,5
Math,Assignment Completed,5,2024,Qtr 4,October,16,7.32,High School,Studying,1,TRUE,4
Math,Assignment Completed,2.6,2024,Qtr 4,October,17,62.82,Undergraduate,Homework Help,17,FALSE,4
Math,Assignment Completed,4.9,2024,Qtr 4,October,18,2.82,Undergraduate,Brainstorming,1,TRUE,4
Math,Assignment Completed,3.9,2024,Qtr 4,October,20,46.51,Graduate,Writing,9,FALSE,3
Math,Assignment Completed,3.3,2024,Qtr 4,October,20,25.61,High School,Homework Help,5,TRUE,3
Math,Assignment Completed,4.8,2024,Qtr 4,October,21,8.51,Undergraduate,Studying,1,TRUE,4
Math,Assignment Completed,3.4,2024,Qtr 4,October,22,8.92,High School,Coding,2,TRUE,3
Math,Assignment Completed,5,2024,Qtr 4,October,23,7.48,Graduate,Writing,1,TRUE,5
Math,Assignment Completed,2.7,2024,Qtr 4,October,23,10.03,Undergraduate,Homework Help,2,FALSE,3
Math,Assignment Completed,2.1,2024,Qtr 4,October,24,66.63,High School,Homework Help,22,FALSE,3
Math,Assignment Completed,1.3,2024,Qtr 4,October,24,5.27,Undergraduate,Coding,1,TRUE,2
Math,Assignment Completed,9.8,2024,Qtr 4,October,24,23.39,Undergraduate,Writing,7,TRUE,9
Math,Assignment Completed,4.9,2024,Qtr 4,October,25,16.68,Graduate,Coding,7,TRUE,4
Math,Assignment Completed,2.2,2024,Qtr 4,October,25,55.63,Undergraduate,Homework Help,17,TRUE,3
Math,Assignment Completed,3.8,2024,Qtr 4,October,25,8.21,Undergraduate,Studying,3,FALSE,3
Math,Assignment Completed,3.1,2024,Qtr 4,October,26,11.89,Undergraduate,Homework Help,3,TRUE,3
Math,Assignment Completed,5,2024,Qtr 4,October,31,23.75,Graduate,Studying,6,FALSE,4
Math,Assignment Completed,2.3,2024,Qtr 4,October,31,25.62,Undergraduate,Brainstorming,5,FALSE,3
Math,Assignment Completed,1,2024,Qtr 4,November,1,11.79,Graduate,Homework Help,2,TRUE,1
Math,Assignment Completed,1.9,2024,Qtr 4,November,1,37.42,Undergraduate,Homework Help,11,TRUE,2
Math,Assignment Completed,4,2024,Qtr 4,November,1,20.76,Undergraduate,Research,4,TRUE,4
Math,Assignment Completed,7.4,2024,Qtr 4,November,2,25.88,Graduate,Homework Help,8,FALSE,7
Math,Assignment Completed,5,2024,Qtr 4,November,2,44.2,Graduate,Writing,12,FALSE,4
Math,Assignment Completed,3.5,2024,Qtr 4,November,2,49.75,Undergraduate,Studying,16,TRUE,4
Math,Assignment Completed,2.8,2024,Qtr 4,November,3,15.15,Graduate,Homework Help,3,FALSE,2
Math,Assignment Completed,5,2024,Qtr 4,November,3,17.31,Undergraduate,Homework Help,5,TRUE,5
Math,Assignment Completed,5,2024,Qtr 4,November,3,20.93,Undergraduate,Studying,9,TRUE,5
Math,Assignment Completed,5,2024,Qtr 4,November,3,4.78,Undergraduate,Writing,2,TRUE,5
Math,Assignment Completed,2.5,2024,Qtr 4,November,4,10.22,Graduate,Coding,2,TRUE,2
Math,Assignment Completed,5,2024,Qtr 4,November,4,8.85,Undergraduate,Coding,2,TRUE,5
Math,Assignment Completed,3.2,2024,Qtr 4,November,4,11.4,Undergraduate,Homework Help,2,FALSE,3
Math,Assignment Completed,4.3,2024,Qtr 4,November,5,4.45,Graduate,Coding,1,TRUE,4
Math,Assignment Completed,4.7,2024,Qtr 4,November,5,27.54,Graduate,Studying,12,TRUE,5
Math,Assignment Completed,3.8,2024,Qtr 4,November,8,60.03,Graduate,Writing,26,TRUE,5
Math,Assignment Completed,4.4,2024,Qtr 4,November,8,2.49,High School,Writing,1,TRUE,4
Math,Assignment Completed,1.9,2024,Qtr 4,November,8,12.69,Undergraduate,Coding,4,TRUE,2
Math,Assignment Completed,4.6,2024,Qtr 4,November,8,14.84,Undergraduate,Homework Help,3,FALSE,5
Math,Assignment Completed,4.2,2024,Qtr 4,November,9,16.81,Graduate,Studying,3,TRUE,4
Math,Assignment Completed,2.1,2024,Qtr 4,November,9,10.51,Graduate,Writing,3,TRUE,2
Math,Assignment Completed,2.4,2024,Qtr 4,November,11,14.54,Graduate,Writing,3,FALSE,3
Math,Assignment Completed,2.7,2024,Qtr 4,November,12,13.44,Undergraduate,Homework Help,2,TRUE,3
Math,Assignment Completed,3.2,2024,Qtr 4,November,13,21.36,High School,Homework Help,4,FALSE,3
Math,Assignment Completed,5,2024,Qtr 4,November,13,9.32,Undergraduate,Homework Help,1,TRUE,4
Math,Assignment Completed,2.6,2024,Qtr 4,November,13,34.45,Undergraduate,Research,9,TRUE,3
Math,Assignment Completed,9.1,2024,Qtr 4,November,13,56.32,Undergraduate,Studying,14,TRUE,8
Math,Assignment Completed,4.1,2024,Qtr 4,November,13,31.17,Undergraduate,Writing,7,TRUE,5
Math,Assignment Completed,7.3,2024,Qtr 4,November,14,21.03,Undergraduate,Writing,6,TRUE,8
Math,Assignment Completed,3.8,2024,Qtr 4,November,17,43.4,Undergraduate,Homework Help,15,TRUE,4
Math,Assignment Completed,4.6,2024,Qtr 4,November,17,3.51,Undergraduate,Writing,1,TRUE,4
Math,Assignment Completed,2.9,2024,Qtr 4,November,18,23.32,Undergraduate,Studying,9,FALSE,4
Math,Assignment Completed,4.2,2024,Qtr 4,November,18,50.57,Undergraduate,Writing,10,FALSE,4
Math,Assignment Completed,4.9,2024,Qtr 4,November,19,26.47,Graduate,Coding,11,TRUE,4
Math,Assignment Completed,2.6,2024,Qtr 4,November,20,35.57,Graduate,Studying,7,TRUE,4
Math,Assignment Completed,2.9,2024,Qtr 4,November,20,7.37,Graduate,Writing,1,TRUE,4
Math,Assignment Completed,4.9,2024,Qtr 4,November,21,3.48,Graduate,Coding,1,TRUE,5
Math,Assignment Completed,3.6,2024,Qtr 4,November,21,25.63,High School,Studying,7,TRUE,4
Math,Assignment Completed,2.8,2024,Qtr 4,November,22,40.15,Undergraduate,Homework Help,10,FALSE,3
Math,Assignment Completed,3.8,2024,Qtr 4,November,22,22.19,Undergraduate,Studying,7,TRUE,3
Math,Assignment Completed,3.9,2024,Qtr 4,November,23,8.32,Undergraduate,Studying,2,FALSE,4
Math,Assignment Completed,2.7,2024,Qtr 4,November,24,14.95,Graduate,Writing,3,TRUE,2
Math,Assignment Completed,4.3,2024,Qtr 4,November,24,38.39,Undergraduate,Coding,17,TRUE,4
Math,Assignment Completed,2.8,2024,Qtr 4,November,24,37.17,Undergraduate,Homework Help,7,TRUE,2
Math,Assignment Completed,3.5,2024,Qtr 4,November,24,33.29,Undergraduate,Studying,7,TRUE,4
Math,Assignment Completed,3,2024,Qtr 4,November,25,12.93,Undergraduate,Coding,3,TRUE,4
Math,Assignment Completed,3.4,2024,Qtr 4,November,25,9.99,Undergraduate,Homework Help,2,TRUE,4
Math,Assignment Completed,4,2024,Qtr 4,November,25,11.42,Undergraduate,Writing,5,TRUE,4
Math,Assignment Completed,1.2,2024,Qtr 4,November,26,35.75,Graduate,Homework Help,11,TRUE,1
Math,Assignment Completed,1,2024,Qtr 4,November,26,19.49,Undergraduate,Studying,4,TRUE,2
Math,Assignment Completed,4.6,2024,Qtr 4,November,28,20.62,Graduate,Research,8,FALSE,4
Math,Assignment Completed,2.2,2024,Qtr 4,November,28,12.39,High School,Writing,2,TRUE,2
Math,Assignment Completed,3.3,2024,Qtr 4,November,28,12.65,Undergraduate,Coding,2,FALSE,3
Math,Assignment Completed,2.4,2024,Qtr 4,November,28,13.49,Undergraduate,Writing,4,TRUE,2
Math,Assignment Completed,2.3,2024,Qtr 4,November,29,38.79,High School,Research,9,TRUE,3
Math,Assignment Completed,5,2024,Qtr 4,November,29,3.02,Undergraduate,Coding,1,TRUE,5
Math,Assignment Completed,3.3,2024,Qtr 4,November,30,54.14,Undergraduate,Studying,13,TRUE,3
Math,Assignment Completed,12.3,2024,Qtr 4,November,30,45.15,Undergraduate,Writing,12,TRUE,13
Math,Assignment Completed,4,2024,Qtr 4,December,1,15.9,Undergraduate,Coding,5,TRUE,3
Math,Assignment Completed,3.9,2024,Qtr 4,December,1,14.83,Undergraduate,Homework Help,3,TRUE,4
Math,Assignment Completed,14.2,2024,Qtr 4,December,1,110.27,Undergraduate,Writing,28,TRUE,11
Math,Assignment Completed,5,2024,Qtr 4,December,2,17.01,High School,Writing,3,TRUE,4
Math,Assignment Completed,2.9,2024,Qtr 4,December,2,15.5,Undergraduate,Coding,7,TRUE,3
Math,Assignment Completed,4.2,2024,Qtr 4,December,3,54.18,Undergraduate,Writing,18,FALSE,4
Math,Assignment Completed,2.3,2024,Qtr 4,December,4,36.56,Graduate,Studying,11,TRUE,3
Math,Assignment Completed,2.1,2024,Qtr 4,December,4,8.14,Graduate,Writing,3,TRUE,3
Math,Assignment Completed,4.7,2024,Qtr 4,December,4,42.93,High School,Homework Help,20,TRUE,4
Math,Assignment Completed,2.5,2024,Qtr 4,December,5,45.8,Undergraduate,Coding,15,FALSE,4
Math,Assignment Completed,3.1,2024,Qtr 4,December,5,28.64,Undergraduate,Studying,5,TRUE,2
Math,Assignment Completed,3.9,2024,Qtr 4,December,6,16.32,Graduate,Writing,3,TRUE,3
Math,Assignment Completed,4.1,2024,Qtr 4,December,6,4.02,Undergraduate,Coding,2,FALSE,5
Math,Assignment Completed,1.3,2024,Qtr 4,December,6,23.26,Undergraduate,Writing,6,TRUE,2
Math,Assignment Completed,4.5,2024,Qtr 4,December,7,16.04,Undergraduate,Coding,3,TRUE,4
Math,Assignment Completed,3,2024,Qtr 4,December,7,71.98,Undergraduate,Writing,16,TRUE,3
Math,Assignment Completed,4.8,2024,Qtr 4,December,8,14.32,Graduate,Writing,2,TRUE,5
Math,Assignment Completed,4.9,2024,Qtr 4,December,8,18.26,Undergraduate,Studying,4,FALSE,5
Math,Assignment Completed,3.9,2024,Qtr 4,December,8,9.89,Undergraduate,Writing,2,TRUE,4
Math,Assignment Completed,4.5,2024,Qtr 4,December,9,11.6,High School,Writing,4,TRUE,4
Math,Assignment Completed,3.4,2024,Qtr 4,December,14,12.62,High School,Homework Help,3,TRUE,4
Math,Assignment Completed,1.8,2024,Qtr 4,December,14,53.07,Undergraduate,Coding,17,TRUE,3
Math,Assignment Completed,2.5,2024,Qtr 4,December,14,11.01,Undergraduate,Research,4,TRUE,3
Math,Assignment Completed,4.5,2024,Qtr 4,December,15,25.7,High School,Studying,8,TRUE,4
Math,Assignment Completed,3.3,2024,Qtr 4,December,15,19.14,Undergraduate,Coding,5,TRUE,4
Math,Assignment Completed,3.9,2024,Qtr 4,December,16,54.52,Graduate,Homework Help,11,FALSE,4
Math,Assignment Completed,4.4,2024,Qtr 4,December,16,6.29,High School,Brainstorming,2,TRUE,3
Math,Assignment Completed,3.4,2024,Qtr 4,December,16,16.06,Undergraduate,Studying,3,TRUE,4
Math,Assignment Completed,3.9,2024,Qtr 4,December,17,18.05,Undergraduate,Homework Help,4,TRUE,5
Math,Assignment Completed,5,2024,Qtr 4,December,18,15.46,Graduate,Writing,3,TRUE,5
Math,Assignment Completed,5,2024,Qtr 4,December,19,7.54,Graduate,Writing,3,TRUE,5
Math,Assignment Completed,6.5,2024,Qtr 4,December,20,10.37,Undergraduate,Coding,2,TRUE,7
Math,Assignment Completed,5,2024,Qtr 4,December,21,17.85,Undergraduate,Writing,5,TRUE,3
Math,Assignment Completed,1.1,2024,Qtr 4,December,23,11.05,Graduate,Homework Help,2,TRUE,2
Math,Assignment Completed,3,2024,Qtr 4,December,23,39.41,Graduate,Writing,8,TRUE,3
Math,Assignment Completed,2.4,2024,Qtr 4,December,23,20.45,Undergraduate,Writing,6,TRUE,2
Math,Assignment Completed,4,2024,Qtr 4,December,24,19.54,Undergraduate,Brainstorming,4,TRUE,4
Math,Assignment Completed,1,2024,Qtr 4,December,25,21.34,Undergraduate,Studying,6,TRUE,1
Math,Assignment Completed,2.1,2024,Qtr 4,December,26,9.83,Graduate,Coding,3,TRUE,2
Math,Assignment Completed,2.3,2024,Qtr 4,December,26,37.24,High School,Studying,9,TRUE,2
Math,Assignment Completed,4.3,2024,Qtr 4,December,26,10.23,Undergraduate,Brainstorming,4,TRUE,4
Math,Assignment Completed,3.8,2024,Qtr 4,December,26,21.77,Undergraduate,Studying,5,TRUE,4
Math,Assignment Completed,4.8,2024,Qtr 4,December,27,17.5,Undergraduate,Homework Help,8,FALSE,4
Math,Assignment Completed,4.4,2024,Qtr 4,December,27,3.41,Undergraduate,Homework Help,1,TRUE,5
Math,Assignment Completed,5,2024,Qtr 4,December,29,11.3,High School,Writing,2,TRUE,5
Math,Assignment Completed,3.4,2024,Qtr 4,December,30,25.73,Graduate,Homework Help,7,FALSE,3
Math,Assignment Completed,2.3,2024,Qtr 4,December,31,15.08,Undergraduate,Homework Help,6,TRUE,3
Math,Assignment Completed,2.2,2024,Qtr 4,December,31,6.3,Undergraduate,Writing,2,TRUE,2
Math,Assignment Completed,2.2,2025,Qtr 1,January,1,27.14,Graduate,Homework Help,13,TRUE,3
Math,Assignment Completed,5,2025,Qtr 1,January,1,25.31,High School,Writing,8,TRUE,4
Math,Assignment Completed,3.5,2025,Qtr 1,January,2,33.33,Undergraduate,Studying,9,TRUE,4
Math,Assignment Completed,4.8,2025,Qtr 1,January,4,31.5,Graduate,Writing,9,TRUE,5
Math,Assignment Completed,3.4,2025,Qtr 1,January,4,13.7,Undergraduate,Homework Help,3,FALSE,3
Math,Assignment Completed,2.1,2025,Qtr 1,January,5,16.68,Graduate,Studying,7,TRUE,2
Math,Assignment Completed,1.5,2025,Qtr 1,January,6,9.46,Graduate,Studying,1,TRUE,2
Math,Assignment Completed,4.5,2025,Qtr 1,January,6,22.5,Undergraduate,Coding,6,TRUE,5
Math,Assignment Completed,6.3,2025,Qtr 1,January,6,90.39,Undergraduate,Homework Help,29,TRUE,6
Math,Assignment Completed,9.6,2025,Qtr 1,January,8,9.39,Undergraduate,Coding,2,TRUE,10
Math,Assignment Completed,3.4,2025,Qtr 1,January,9,45.82,Undergraduate,Homework Help,9,TRUE,4
Math,Assignment Completed,3.7,2025,Qtr 1,January,11,26.17,Graduate,Writing,10,FALSE,3
Math,Assignment Completed,3.6,2025,Qtr 1,January,11,9.95,High School,Brainstorming,1,TRUE,3
Math,Assignment Completed,5,2025,Qtr 1,January,11,15.18,Undergraduate,Homework Help,3,TRUE,5
Math,Assignment Completed,3.2,2025,Qtr 1,January,12,15.92,Undergraduate,Coding,4,TRUE,3
Math,Assignment Completed,2.6,2025,Qtr 1,January,12,20.13,Undergraduate,Studying,6,TRUE,3
Math,Assignment Completed,3,2025,Qtr 1,January,13,20.14,Undergraduate,Writing,8,TRUE,3
Math,Assignment Completed,2.2,2025,Qtr 1,January,14,23.92,Undergraduate,Writing,6,TRUE,3
Math,Assignment Completed,1.4,2025,Qtr 1,January,15,22.05,Graduate,Homework Help,4,TRUE,2
Math,Assignment Completed,3.6,2025,Qtr 1,January,15,7.36,Undergraduate,Coding,2,TRUE,3
Math,Assignment Completed,1,2025,Qtr 1,January,16,27.29,Undergraduate,Studying,5,TRUE,2
Math,Assignment Completed,7.5,2025,Qtr 1,January,16,27.83,Undergraduate,Writing,9,TRUE,6
Math,Assignment Completed,5,2025,Qtr 1,January,17,29.71,High School,Coding,10,TRUE,5
Math,Assignment Completed,5,2025,Qtr 1,January,17,25.17,Undergraduate,Writing,11,FALSE,4
Math,Assignment Completed,5,2025,Qtr 1,January,17,19,Undergraduate,Writing,6,TRUE,4
Math,Assignment Completed,2.6,2025,Qtr 1,January,18,21.99,Graduate,Coding,7,TRUE,3
Math,Assignment Completed,4.6,2025,Qtr 1,January,19,12.09,Graduate,Coding,3,TRUE,4
Math,Assignment Completed,2.1,2025,Qtr 1,January,19,46.26,High School,Coding,13,TRUE,2
Math,Assignment Completed,1.9,2025,Qtr 1,January,19,19.73,Undergraduate,Coding,4,TRUE,2
Math,Assignment Completed,3.1,2025,Qtr 1,January,19,26.44,Undergraduate,Studying,9,TRUE,4
Math,Assignment Completed,4.1,2025,Qtr 1,January,19,60.91,Undergraduate,Writing,14,TRUE,4
Math,Assignment Completed,3.6,2025,Qtr 1,January,20,17.24,Graduate,Research,4,TRUE,3
Math,Assignment Completed,3.1,2025,Qtr 1,January,20,8.7,High School,Research,3,TRUE,3
Math,Assignment Completed,1.8,2025,Qtr 1,January,20,6.94,High School,Writing,2,TRUE,2
Math,Assignment Completed,4.5,2025,Qtr 1,January,20,11.99,Undergraduate,Homework Help,2,TRUE,4
Math,Assignment Completed,1.7,2025,Qtr 1,January,20,16.13,Undergraduate,Writing,4,TRUE,4
Math,Assignment Completed,4.8,2025,Qtr 1,January,21,32.71,Undergraduate,Studying,9,TRUE,5
Math,Assignment Completed,4.4,2025,Qtr 1,January,22,21.52,High School,Homework Help,8,FALSE,4
Math,Assignment Completed,3.6,2025,Qtr 1,January,22,10.36,Undergraduate,Research,2,TRUE,4
Math,Assignment Completed,2.9,2025,Qtr 1,January,23,32.01,High School,Coding,12,TRUE,2
Math,Assignment Completed,4.1,2025,Qtr 1,January,23,40.08,Undergraduate,Coding,9,TRUE,4
Math,Assignment Completed,2.9,2025,Qtr 1,January,25,48.56,Undergraduate,Coding,15,TRUE,3
Math,Assignment Completed,1,2025,Qtr 1,January,27,10.93,Graduate,Coding,2,TRUE,1
Math,Assignment Completed,2.2,2025,Qtr 1,January,28,32.72,Graduate,Writing,12,TRUE,2
Math,Assignment Completed,1.3,2025,Qtr 1,January,28,1.66,Undergraduate,Writing,1,TRUE,2
Math,Assignment Completed,1.6,2025,Qtr 1,January,29,21.05,High School,Research,7,FALSE,2
Math,Assignment Completed,1.9,2025,Qtr 1,January,29,6.53,Undergraduate,Homework Help,1,FALSE,3
Math,Assignment Completed,3.3,2025,Qtr 1,January,29,4.61,Undergraduate,Studying,1,FALSE,3
Math,Assignment Completed,5.4,2025,Qtr 1,January,29,44.84,Undergraduate,Writing,11,FALSE,5
Math,Assignment Completed,4.4,2025,Qtr 1,January,30,6.64,High School,Homework Help,1,TRUE,3
Math,Assignment Completed,2.4,2025,Qtr 1,January,30,15.17,Undergraduate,Homework Help,7,TRUE,4
Math,Assignment Completed,3.2,2025,Qtr 1,January,31,21.78,Graduate,Writing,10,FALSE,3
Math,Assignment Completed,3.1,2025,Qtr 1,January,31,7.22,High School,Coding,2,TRUE,3
Math,Assignment Completed,4.2,2025,Qtr 1,January,31,21.9,Undergraduate,Studying,10,FALSE,4
Math,Assignment Completed,1,2025,Qtr 1,February,1,26.49,Undergraduate,Studying,8,FALSE,2
Math,Assignment Completed,3.2,2025,Qtr 1,February,2,3.83,Graduate,Writing,1,TRUE,3
Math,Assignment Completed,2.9,2025,Qtr 1,February,3,69.07,Graduate,Studying,14,TRUE,3
Math,Assignment Completed,1.4,2025,Qtr 1,February,3,20.91,Undergraduate,Coding,6,TRUE,1
Math,Assignment Completed,3.2,2025,Qtr 1,February,4,25.03,Undergraduate,Coding,6,TRUE,3
Math,Assignment Completed,3.1,2025,Qtr 1,February,4,51.62,Undergraduate,Writing,20,TRUE,3
Math,Assignment Completed,2.9,2025,Qtr 1,February,5,5.61,High School,Coding,1,TRUE,3
Math,Assignment Completed,5,2025,Qtr 1,February,5,14.45,High School,Writing,6,TRUE,5
Math,Assignment Completed,3,2025,Qtr 1,February,6,6.06,Undergraduate,Homework Help,1,FALSE,3
Math,Assignment Completed,4,2025,Qtr 1,February,6,10.87,Undergraduate,Studying,2,FALSE,3
Math,Assignment Completed,2.9,2025,Qtr 1,February,7,29.64,High School,Homework Help,8,TRUE,3
Math,Assignment Completed,4.1,2025,Qtr 1,February,7,83.25,Undergraduate,Coding,22,FALSE,3
Math,Assignment Completed,4.6,2025,Qtr 1,February,7,6.24,Undergraduate,Studying,2,TRUE,5
Math,Assignment Completed,2,2025,Qtr 1,February,7,24.6,Undergraduate,Writing,5,TRUE,2
Math,Assignment Completed,4.9,2025,Qtr 1,February,8,5.18,Graduate,Studying,1,TRUE,4
Math,Assignment Completed,2.5,2025,Qtr 1,February,8,11.33,Graduate,Writing,4,TRUE,3
Math,Assignment Completed,2.8,2025,Qtr 1,February,8,9.06,Undergraduate,Studying,1,TRUE,3
Math,Assignment Completed,8.4,2025,Qtr 1,February,9,53.04,Undergraduate,Homework Help,14,TRUE,7
Math,Assignment Completed,7.7,2025,Qtr 1,February,9,35.69,Undergraduate,Writing,13,TRUE,8
Math,Assignment Completed,3.3,2025,Qtr 1,February,10,7.29,High School,Writing,2,TRUE,6
Math,Assignment Completed,3.8,2025,Qtr 1,February,10,20.38,Undergraduate,Studying,5,TRUE,4
Math,Assignment Completed,4.1,2025,Qtr 1,February,11,29.53,Undergraduate,Coding,6,TRUE,4
Math,Assignment Completed,1.9,2025,Qtr 1,February,11,21.81,Undergraduate,Homework Help,5,TRUE,2
Math,Assignment Completed,3.2,2025,Qtr 1,February,13,60.7,High School,Research,20,TRUE,4
Math,Assignment Completed,4,2025,Qtr 1,February,13,3.96,Undergraduate,Homework Help,1,TRUE,4
Math,Assignment Completed,1.5,2025,Qtr 1,February,14,31.76,Undergraduate,Coding,8,TRUE,2
Math,Assignment Completed,4.1,2025,Qtr 1,February,14,30.7,Undergraduate,Writing,9,FALSE,4
Math,Assignment Completed,4.1,2025,Qtr 1,February,15,14.73,Graduate,Coding,3,FALSE,4
Math,Assignment Completed,4.5,2025,Qtr 1,February,16,69.17,Undergraduate,Research,16,TRUE,4
Math,Assignment Completed,7.7,2025,Qtr 1,February,16,15,Undergraduate,Writing,4,TRUE,8
Math,Assignment Completed,1.1,2025,Qtr 1,February,18,29.41,Graduate,Brainstorming,9,TRUE,3
Math,Assignment Completed,3.3,2025,Qtr 1,February,18,3.81,High School,Writing,1,TRUE,4
Math,Assignment Completed,3,2025,Qtr 1,February,18,34.53,Undergraduate,Brainstorming,12,FALSE,2
Math,Assignment Completed,4.1,2025,Qtr 1,February,19,9.67,Undergraduate,Coding,2,FALSE,4
Math,Assignment Completed,4.5,2025,Qtr 1,February,19,1.31,Undergraduate,Writing,1,TRUE,5
Math,Assignment Completed,2.1,2025,Qtr 1,February,21,7.36,High School,Studying,2,TRUE,2
Math,Assignment Completed,3.4,2025,Qtr 1,February,21,14.27,Undergraduate,Studying,3,TRUE,4
Math,Assignment Completed,6.7,2025,Qtr 1,February,21,25.89,Undergraduate,Writing,6,TRUE,8
Math,Assignment Completed,3.2,2025,Qtr 1,February,24,19.18,Graduate,Coding,5,TRUE,3
Math,Assignment Completed,1.9,2025,Qtr 1,February,24,24.52,High School,Writing,6,FALSE,2
Math,Assignment Completed,6.3,2025,Qtr 1,February,24,32.77,Undergraduate,Coding,9,TRUE,8
Math,Assignment Completed,4,2025,Qtr 1,February,25,21.37,Graduate,Coding,6,TRUE,4
Math,Assignment Completed,3.7,2025,Qtr 1,February,25,1.06,Undergraduate,Coding,1,TRUE,3
Math,Assignment Completed,3.3,2025,Qtr 1,February,26,40.35,Graduate,Coding,8,TRUE,2
Math,Assignment Completed,1.6,2025,Qtr 1,February,26,42.51,Undergraduate,Homework Help,10,FALSE,2
Math,Assignment Completed,4.2,2025,Qtr 1,February,27,20.48,Undergraduate,Writing,6,TRUE,4
Math,Assignment Completed,5,2025,Qtr 1,February,28,16.67,Graduate,Homework Help,7,FALSE,5
Math,Assignment Completed,4.5,2025,Qtr 1,February,28,26.52,Undergraduate,Writing,9,TRUE,4
Math,Assignment Completed,7.6,2025,Qtr 1,March,1,39.05,Undergraduate,Coding,13,FALSE,8
Math,Assignment Completed,4.9,2025,Qtr 1,March,4,20.52,Graduate,Coding,6,FALSE,4
Math,Assignment Completed,4.3,2025,Qtr 1,March,4,37.25,Undergraduate,Writing,8,TRUE,5
Math,Assignment Completed,5,2025,Qtr 1,March,5,12.43,Undergraduate,Studying,2,FALSE,4
Math,Assignment Completed,5,2025,Qtr 1,March,6,33.49,Graduate,Homework Help,8,TRUE,5
Math,Assignment Completed,2.8,2025,Qtr 1,March,6,20,High School,Research,6,TRUE,3
Math,Assignment Completed,4.7,2025,Qtr 1,March,6,9.78,Undergraduate,Homework Help,4,TRUE,4
Math,Assignment Completed,3.8,2025,Qtr 1,March,7,5.48,Undergraduate,Coding,2,FALSE,4
Math,Assignment Completed,2.5,2025,Qtr 1,March,9,14.78,Undergraduate,Coding,7,FALSE,3
Math,Assignment Completed,1,2025,Qtr 1,March,9,12.84,Undergraduate,Homework Help,2,FALSE,2
Math,Assignment Completed,1.9,2025,Qtr 1,March,9,11.55,Undergraduate,Studying,3,TRUE,3
Math,Assignment Completed,3.7,2025,Qtr 1,March,10,21.69,Undergraduate,Brainstorming,6,FALSE,3
Math,Assignment Completed,5.1,2025,Qtr 1,March,10,37.08,Undergraduate,Coding,15,TRUE,5
Math,Assignment Completed,4.5,2025,Qtr 1,March,10,12.99,Undergraduate,Homework Help,5,TRUE,5
Math,Assignment Completed,2.9,2025,Qtr 1,March,10,11.95,Undergraduate,Writing,4,TRUE,3
Math,Assignment Completed,2.8,2025,Qtr 1,March,11,33.86,Undergraduate,Writing,14,TRUE,3
Math,Assignment Completed,3.5,2025,Qtr 1,March,12,19.46,Undergraduate,Writing,3,TRUE,5
Math,Assignment Completed,3.8,2025,Qtr 1,March,13,25.3,Graduate,Writing,11,TRUE,4
Math,Assignment Completed,2.9,2025,Qtr 1,March,13,11.58,Undergraduate,Studying,3,TRUE,3
Math,Assignment Completed,2.9,2025,Qtr 1,March,15,5.05,High School,Homework Help,2,TRUE,2
Math,Assignment Completed,5,2025,Qtr 1,March,15,38.64,Undergraduate,Coding,13,TRUE,4
Math,Assignment Completed,1.4,2025,Qtr 1,March,15,14.02,Undergraduate,Homework Help,3,TRUE,3
Math,Assignment Completed,2.5,2025,Qtr 1,March,15,24.62,Undergraduate,Studying,10,TRUE,3
Math,Assignment Completed,3.6,2025,Qtr 1,March,16,35.28,Graduate,Studying,14,TRUE,4
Math,Assignment Completed,4.1,2025,Qtr 1,March,16,12.48,Undergraduate,Coding,2,TRUE,3
Math,Assignment Completed,3.6,2025,Qtr 1,March,16,32.54,Undergraduate,Writing,14,FALSE,5
Math,Assignment Completed,3.4,2025,Qtr 1,March,17,26.43,Undergraduate,Writing,7,TRUE,4
Math,Assignment Completed,2.5,2025,Qtr 1,March,19,6.9,High School,Homework Help,1,FALSE,4
Math,Assignment Completed,2.7,2025,Qtr 1,March,19,5.65,Undergraduate,Studying,2,FALSE,2
Math,Assignment Completed,5,2025,Qtr 1,March,21,28.47,High School,Studying,6,TRUE,3
Math,Assignment Completed,2.5,2025,Qtr 1,March,21,15.78,Undergraduate,Writing,3,TRUE,4
Math,Assignment Completed,2.2,2025,Qtr 1,March,23,4.31,Graduate,Writing,1,TRUE,3
Math,Assignment Completed,3.2,2025,Qtr 1,March,23,33.33,High School,Writing,7,FALSE,3
Math,Assignment Completed,1.7,2025,Qtr 1,March,25,8.92,Undergraduate,Writing,4,FALSE,2
Math,Assignment Completed,3.9,2025,Qtr 1,March,27,14.21,Undergraduate,Writing,3,TRUE,3
Math,Assignment Completed,8.8,2025,Qtr 1,March,28,22.38,High School,Writing,5,TRUE,7
Math,Assignment Completed,5,2025,Qtr 1,March,29,26.06,Undergraduate,Writing,6,TRUE,5
Math,Assignment Completed,2.6,2025,Qtr 1,March,30,19.71,Graduate,Homework Help,5,TRUE,3
Math,Assignment Completed,3.2,2025,Qtr 1,March,30,17.37,Undergraduate,Homework Help,7,TRUE,4
Math,Assignment Completed,4.8,2025,Qtr 1,March,30,10.7,Undergraduate,Writing,2,TRUE,4
Math,Assignment Completed,4.6,2025,Qtr 1,March,31,31.69,Graduate,Coding,8,FALSE,4
Math,Assignment Completed,4.6,2025,Qtr 2,April,1,48.45,Graduate,Homework Help,13,TRUE,4
Math,Assignment Completed,3.1,2025,Qtr 2,April,1,19.67,High School,Writing,4,FALSE,4
Math,Assignment Completed,5,2025,Qtr 2,April,1,19.52,High School,Writing,5,TRUE,5
Math,Assignment Completed,8.9,2025,Qtr 2,April,2,41.3,Undergraduate,Homework Help,8,TRUE,7
Math,Assignment Completed,3.3,2025,Qtr 2,April,3,28.99,Undergraduate,Coding,10,TRUE,3
Math,Assignment Completed,2.6,2025,Qtr 2,April,3,16.68,Undergraduate,Studying,6,FALSE,4
Math,Assignment Completed,4.5,2025,Qtr 2,April,4,27.33,Undergraduate,Writing,5,FALSE,5
Math,Assignment Completed,3.9,2025,Qtr 2,April,4,49.94,Undergraduate,Writing,13,TRUE,6
Math,Assignment Completed,1.2,2025,Qtr 2,April,5,15.85,Undergraduate,Coding,5,TRUE,1
Math,Assignment Completed,8.1,2025,Qtr 2,April,6,22.53,Graduate,Coding,5,TRUE,9
Math,Assignment Completed,3.6,2025,Qtr 2,April,6,9.28,High School,Brainstorming,2,TRUE,3
Math,Assignment Completed,2.9,2025,Qtr 2,April,6,13.33,High School,Coding,5,TRUE,3
Math,Assignment Completed,4.7,2025,Qtr 2,April,6,6.39,High School,Homework Help,1,TRUE,4
Math,Assignment Completed,7.6,2025,Qtr 2,April,7,21.23,Undergraduate,Coding,8,TRUE,8
Math,Assignment Completed,4.7,2025,Qtr 2,April,7,4.75,Undergraduate,Studying,1,TRUE,4
Math,Assignment Completed,1.8,2025,Qtr 2,April,8,30.33,High School,Coding,8,FALSE,2
Math,Assignment Completed,7.9,2025,Qtr 2,April,8,35.21,Undergraduate,Coding,10,TRUE,8
Math,Assignment Completed,1.3,2025,Qtr 2,April,8,16.23,Undergraduate,Studying,3,TRUE,3
Math,Assignment Completed,5,2025,Qtr 2,April,9,14.87,High School,Studying,5,TRUE,5
Math,Assignment Completed,1,2025,Qtr 2,April,11,31.48,Undergraduate,Homework Help,12,TRUE,2
Math,Assignment Completed,3.5,2025,Qtr 2,April,12,9.45,High School,Homework Help,3,TRUE,4
Math,Assignment Completed,3.6,2025,Qtr 2,April,12,16,High School,Studying,3,TRUE,4
Math,Assignment Completed,1.6,2025,Qtr 2,April,12,9.81,Undergraduate,Coding,4,TRUE,2
Math,Assignment Completed,1.2,2025,Qtr 2,April,12,10.32,Undergraduate,Writing,3,FALSE,2
Math,Assignment Completed,8.5,2025,Qtr 2,April,12,32.65,Undergraduate,Writing,9,TRUE,8
Math,Assignment Completed,1.8,2025,Qtr 2,April,14,44.1,High School,Homework Help,15,FALSE,2
Math,Assignment Completed,1.4,2025,Qtr 2,April,14,5.57,Undergraduate,Studying,1,FALSE,3
Math,Assignment Completed,4.3,2025,Qtr 2,April,14,1.24,Undergraduate,Studying,1,TRUE,4
Math,Assignment Completed,2.2,2025,Qtr 2,April,14,9.27,Undergraduate,Writing,1,FALSE,3
Math,Assignment Completed,4.5,2025,Qtr 2,April,15,11.79,Undergraduate,Brainstorming,3,FALSE,3
Math,Assignment Completed,3.4,2025,Qtr 2,April,15,41.22,Undergraduate,Studying,11,FALSE,3
Math,Assignment Completed,4.1,2025,Qtr 2,April,15,5.63,Undergraduate,Writing,2,TRUE,4
Math,Assignment Completed,4.9,2025,Qtr 2,April,16,13.4,High School,Homework Help,3,FALSE,4
Math,Assignment Completed,4.9,2025,Qtr 2,April,16,10.85,Undergraduate,Writing,3,TRUE,4
Math,Assignment Completed,3.5,2025,Qtr 2,April,17,4.08,Undergraduate,Writing,1,TRUE,3
Math,Assignment Completed,1.7,2025,Qtr 2,April,18,19.77,High School,Writing,4,FALSE,1
Math,Assignment Completed,1.4,2025,Qtr 2,April,19,27.97,High School,Writing,6,TRUE,3
Math,Assignment Completed,4.6,2025,Qtr 2,April,19,15.75,Undergraduate,Writing,6,TRUE,4
Math,Assignment Completed,1,2025,Qtr 2,April,20,8.11,Undergraduate,Studying,2,TRUE,2
Math,Assignment Completed,3.9,2025,Qtr 2,April,20,33.2,Undergraduate,Writing,13,FALSE,3
Math,Assignment Completed,5,2025,Qtr 2,April,21,25.54,High School,Homework Help,9,FALSE,5
Math,Assignment Completed,2.1,2025,Qtr 2,April,21,17.93,Undergraduate,Coding,5,TRUE,3
Math,Assignment Completed,2.4,2025,Qtr 2,April,21,8.37,Undergraduate,Homework Help,2,TRUE,3
Math,Assignment Completed,4.5,2025,Qtr 2,April,21,32.43,Undergraduate,Studying,10,TRUE,4
Math,Assignment Completed,3.2,2025,Qtr 2,April,21,15.2,Undergraduate,Writing,4,TRUE,4
Math,Assignment Completed,4.3,2025,Qtr 2,April,22,0.75,Undergraduate,Writing,1,FALSE,4
Math,Assignment Completed,3.4,2025,Qtr 2,April,23,12.59,Undergraduate,Homework Help,5,TRUE,3
Math,Assignment Completed,5,2025,Qtr 2,April,24,10.21,High School,Homework Help,3,FALSE,4
Math,Assignment Completed,1.9,2025,Qtr 2,April,24,14.31,Undergraduate,Coding,5,TRUE,2
Math,Assignment Completed,3.1,2025,Qtr 2,April,25,12.44,Undergraduate,Coding,4,FALSE,3
Math,Assignment Completed,4.8,2025,Qtr 2,April,25,19.88,Undergraduate,Homework Help,5,FALSE,5
Math,Assignment Completed,3.4,2025,Qtr 2,April,25,4.63,Undergraduate,Writing,1,TRUE,2
Math,Assignment Completed,2.1,2025,Qtr 2,April,26,2.76,Graduate,Brainstorming,1,TRUE,2
Math,Assignment Completed,3.4,2025,Qtr 2,April,27,3.97,High School,Writing,1,TRUE,3
Math,Assignment Completed,3.3,2025,Qtr 2,April,27,14.05,Undergraduate,Writing,3,TRUE,3
Math,Assignment Completed,3.3,2025,Qtr 2,April,28,7.32,High School,Homework Help,2,FALSE,4
Math,Assignment Completed,2.7,2025,Qtr 2,April,28,7.45,Undergraduate,Homework Help,1,FALSE,3
Math,Assignment Completed,4.2,2025,Qtr 2,April,28,5.7,Undergraduate,Studying,1,TRUE,4
Math,Assignment Completed,2,2025,Qtr 2,April,29,5.22,Undergraduate,Coding,1,TRUE,3
Math,Assignment Completed,4.2,2025,Qtr 2,April,29,18.83,Undergraduate,Writing,8,TRUE,3
Math,Assignment Completed,5,2025,Qtr 2,April,30,6.02,Graduate,Coding,1,TRUE,5
Math,Assignment Completed,6.5,2025,Qtr 2,May,1,64.1,Undergraduate,Homework Help,19,TRUE,6
Math,Assignment Completed,2.3,2025,Qtr 2,May,1,18.34,Undergraduate,Studying,4,TRUE,4
Math,Assignment Completed,8.8,2025,Qtr 2,May,2,41.62,Undergraduate,Writing,10,TRUE,9
Math,Assignment Completed,3.1,2025,Qtr 2,May,3,51.74,Graduate,Writing,22,TRUE,3
Math,Assignment Completed,4,2025,Qtr 2,May,3,28.69,High School,Writing,13,TRUE,3
Math,Assignment Completed,4.9,2025,Qtr 2,May,3,16.02,Undergraduate,Studying,3,FALSE,4
Math,Assignment Completed,3.1,2025,Qtr 2,May,3,1.3,Undergraduate,Writing,1,TRUE,2
Math,Assignment Completed,3.1,2025,Qtr 2,May,4,22.99,High School,Writing,5,TRUE,3
Math,Assignment Completed,3.3,2025,Qtr 2,May,4,36.05,Undergraduate,Writing,8,TRUE,3
Math,Assignment Completed,3.7,2025,Qtr 2,May,6,16.11,Undergraduate,Brainstorming,3,TRUE,3
Math,Assignment Completed,1.1,2025,Qtr 2,May,6,26.08,Undergraduate,Coding,8,TRUE,2
Math,Assignment Completed,5,2025,Qtr 2,May,7,7.01,Undergraduate,Homework Help,1,FALSE,5
Math,Assignment Completed,5,2025,Qtr 2,May,7,15.71,Undergraduate,Homework Help,6,TRUE,5
Math,Assignment Completed,3.6,2025,Qtr 2,May,8,21.46,High School,Coding,7,FALSE,4
Math,Assignment Completed,3,2025,Qtr 2,May,8,14.96,Undergraduate,Writing,4,FALSE,3
Math,Assignment Completed,4.7,2025,Qtr 2,May,9,8.02,Graduate,Homework Help,1,TRUE,4
Math,Assignment Completed,5,2025,Qtr 2,May,9,5.93,Graduate,Studying,2,TRUE,3
Math,Assignment Completed,5,2025,Qtr 2,May,9,19.45,Undergraduate,Brainstorming,6,TRUE,5
Math,Assignment Completed,2.9,2025,Qtr 2,May,9,21.99,Undergraduate,Homework Help,4,TRUE,4
Math,Assignment Completed,2.9,2025,Qtr 2,May,9,18.76,Undergraduate,Writing,3,TRUE,2
Math,Assignment Completed,1,2025,Qtr 2,May,10,25.13,Graduate,Homework Help,5,TRUE,1
Math,Assignment Completed,7.9,2025,Qtr 2,May,11,22.98,High School,Writing,6,TRUE,8
Math,Assignment Completed,4.5,2025,Qtr 2,May,11,8.85,Undergraduate,Writing,2,TRUE,4
Math,Assignment Completed,5,2025,Qtr 2,May,12,45.08,High School,Coding,19,FALSE,5
Math,Assignment Completed,2.7,2025,Qtr 2,May,12,13.18,Undergraduate,Coding,2,TRUE,3
Math,Assignment Completed,5,2025,Qtr 2,May,13,2.44,Graduate,Homework Help,1,TRUE,5
Math,Assignment Completed,4,2025,Qtr 2,May,13,16.35,Undergraduate,Writing,4,FALSE,5
Math,Assignment Completed,4.4,2025,Qtr 2,May,14,13.96,Graduate,Studying,5,TRUE,4
Math,Assignment Completed,4,2025,Qtr 2,May,15,30.79,Undergraduate,Research,7,TRUE,4
Math,Assignment Completed,2.6,2025,Qtr 2,May,17,13.45,High School,Studying,5,FALSE,3
Math,Assignment Completed,2.6,2025,Qtr 2,May,17,33.92,Undergraduate,Studying,16,TRUE,3
Math,Assignment Completed,4.9,2025,Qtr 2,May,18,3.69,Undergraduate,Coding,1,FALSE,5
Math,Assignment Completed,3.5,2025,Qtr 2,May,18,26.92,Undergraduate,Coding,13,TRUE,3
Math,Assignment Completed,5,2025,Qtr 2,May,19,30.75,Undergraduate,Writing,14,FALSE,5
Math,Assignment Completed,8.7,2025,Qtr 2,May,21,33.86,Undergraduate,Studying,8,TRUE,7
Math,Assignment Completed,2.7,2025,Qtr 2,May,22,36.04,Graduate,Coding,7,FALSE,3
Math,Assignment Completed,2.7,2025,Qtr 2,May,22,2.19,Undergraduate,Studying,1,FALSE,2
Math,Assignment Completed,4.1,2025,Qtr 2,May,23,35.95,Graduate,Writing,8,TRUE,4
Math,Assignment Completed,1.8,2025,Qtr 2,May,24,19.55,Undergraduate,Coding,4,TRUE,2
Math,Assignment Completed,1.9,2025,Qtr 2,May,24,15.66,Undergraduate,Writing,3,TRUE,3
Math,Assignment Completed,3.1,2025,Qtr 2,May,25,8.98,Graduate,Writing,2,TRUE,4
Math,Assignment Completed,2.8,2025,Qtr 2,May,26,40.57,Graduate,Homework Help,8,TRUE,3
Math,Assignment Completed,2.9,2025,Qtr 2,May,26,35.85,Undergraduate,Homework Help,11,FALSE,3
Math,Assignment Completed,9.1,2025,Qtr 2,May,26,59.5,Undergraduate,Studying,12,TRUE,10
Math,Assignment Completed,1,2025,Qtr 2,May,26,1.92,Undergraduate,Writing,1,TRUE,2
Math,Assignment Completed,3.8,2025,Qtr 2,May,27,28.67,Undergraduate,Homework Help,7,TRUE,4
Math,Assignment Completed,3.8,2025,Qtr 2,May,30,20.1,Undergraduate,Homework Help,5,TRUE,4
Math,Assignment Completed,3.6,2025,Qtr 2,May,30,18.2,Undergraduate,Writing,4,TRUE,3
Math,Assignment Completed,3.2,2025,Qtr 2,May,31,23.68,High School,Coding,9,TRUE,4
Math,Assignment Completed,5,2025,Qtr 2,May,31,4.98,Undergraduate,Homework Help,2,TRUE,5
Math,Assignment Completed,3.9,2025,Qtr 2,June,1,21.97,High School,Coding,5,TRUE,4
Math,Assignment Completed,4.8,2025,Qtr 2,June,1,16.15,High School,Studying,7,TRUE,5
Math,Assignment Completed,6,2025,Qtr 2,June,1,49.86,High School,Writing,15,TRUE,7
Math,Assignment Completed,2.5,2025,Qtr 2,June,1,17.42,Undergraduate,Homework Help,8,TRUE,3
Math,Assignment Completed,5,2025,Qtr 2,June,2,14.65,High School,Coding,3,TRUE,4
Math,Assignment Completed,3.2,2025,Qtr 2,June,2,15.58,High School,Homework Help,4,TRUE,3
Math,Assignment Completed,2.2,2025,Qtr 2,June,2,12.24,Undergraduate,Homework Help,3,TRUE,3
Math,Assignment Completed,5,2025,Qtr 2,June,3,12.24,Graduate,Coding,3,TRUE,5
Math,Assignment Completed,2.7,2025,Qtr 2,June,3,43.96,Graduate,Studying,9,FALSE,3
Math,Assignment Completed,2.6,2025,Qtr 2,June,3,7.56,High School,Coding,2,TRUE,3
Math,Assignment Completed,3.7,2025,Qtr 2,June,4,17.85,Graduate,Writing,5,TRUE,4
Math,Assignment Completed,1,2025,Qtr 2,June,4,36.27,High School,Writing,9,FALSE,2
Math,Assignment Completed,2.2,2025,Qtr 2,June,4,32.74,Undergraduate,Coding,7,TRUE,3
Math,Assignment Completed,3.9,2025,Qtr 2,June,5,5.09,Undergraduate,Homework Help,1,TRUE,4
Math,Assignment Completed,2.9,2025,Qtr 2,June,5,7.13,Undergraduate,Studying,1,TRUE,4
Math,Assignment Completed,4.5,2025,Qtr 2,June,5,53.51,Undergraduate,Writing,17,TRUE,6
Math,Assignment Completed,2.8,2025,Qtr 2,June,6,20.1,Graduate,Writing,8,TRUE,4
Math,Assignment Completed,3.1,2025,Qtr 2,June,6,7.75,Undergraduate,Coding,2,TRUE,4
Math,Assignment Completed,5,2025,Qtr 2,June,6,38.43,Undergraduate,Homework Help,9,TRUE,4
Math,Assignment Completed,5,2025,Qtr 2,June,7,22.33,Undergraduate,Studying,6,TRUE,4
Math,Assignment Completed,4.2,2025,Qtr 2,June,8,17.64,Undergraduate,Homework Help,5,FALSE,4
Math,Assignment Completed,5,2025,Qtr 2,June,8,18.16,Undergraduate,Writing,3,TRUE,5
Math,Assignment Completed,4.8,2025,Qtr 2,June,9,6.31,Graduate,Writing,1,TRUE,5
Math,Assignment Completed,5,2025,Qtr 2,June,9,9.56,Undergraduate,Research,2,TRUE,4
Math,Assignment Completed,5,2025,Qtr 2,June,10,23.06,Undergraduate,Coding,8,FALSE,5
Math,Assignment Completed,4.6,2025,Qtr 2,June,11,23.02,Graduate,Writing,10,TRUE,4
Math,Assignment Completed,5,2025,Qtr 2,June,11,17.07,Undergraduate,Studying,3,TRUE,5
Math,Assignment Completed,1.9,2025,Qtr 2,June,11,10.4,Undergraduate,Writing,2,TRUE,2
Math,Assignment Completed,1,2025,Qtr 2,June,12,32.71,Undergraduate,Homework Help,7,TRUE,3
Math,Assignment Completed,4.2,2025,Qtr 2,June,12,6.37,Undergraduate,Writing,1,FALSE,4
Math,Assignment Completed,1.5,2025,Qtr 2,June,12,9.42,Undergraduate,Writing,4,TRUE,2
Math,Assignment Completed,2.7,2025,Qtr 2,June,13,37.36,Graduate,Homework Help,14,TRUE,3
Math,Assignment Completed,3.2,2025,Qtr 2,June,14,26.33,Undergraduate,Studying,5,TRUE,2
Math,Assignment Completed,3.2,2025,Qtr 2,June,15,29.4,High School,Writing,6,TRUE,3
Math,Assignment Completed,3.5,2025,Qtr 2,June,15,22.63,Undergraduate,Coding,4,TRUE,4
Math,Assignment Completed,4.6,2025,Qtr 2,June,15,10.69,Undergraduate,Homework Help,2,TRUE,4
Math,Assignment Completed,3.5,2025,Qtr 2,June,16,7.29,Undergraduate,Studying,1,TRUE,4
Math,Assignment Completed,9.3,2025,Qtr 2,June,17,24.32,Undergraduate,Homework Help,8,TRUE,8
Math,Assignment Completed,5,2025,Qtr 2,June,17,18.53,Undergraduate,Studying,6,TRUE,4
Math,Assignment Completed,4.3,2025,Qtr 2,June,18,16.52,High School,Writing,3,FALSE,5
Math,Assignment Completed,5,2025,Qtr 2,June,18,24.39,High School,Writing,9,TRUE,5
Math,Assignment Completed,4.1,2025,Qtr 2,June,19,17.18,Undergraduate,Coding,7,FALSE,4
Math,Assignment Completed,2.8,2025,Qtr 2,June,19,5.87,Undergraduate,Coding,1,TRUE,3
Math,Assignment Completed,5,2025,Qtr 2,June,20,30.82,Undergraduate,Coding,12,TRUE,4
Math,Assignment Completed,2.8,2025,Qtr 2,June,21,9.98,Undergraduate,Writing,2,TRUE,3
Math,Assignment Completed,4.6,2025,Qtr 2,June,22,29.52,High School,Writing,13,TRUE,3
Math,Assignment Completed,10.5,2025,Qtr 2,June,24,45.36,Undergraduate,Coding,9,TRUE,10
Math,Confused,2.7,2024,Qtr 2,June,25,3.66,High School,Homework Help,1,FALSE,2
Math,Confused,1.9,2024,Qtr 2,June,28,17.89,High School,Coding,7,FALSE,3
Math,Confused,3.3,2024,Qtr 2,June,28,15.41,Undergraduate,Coding,4,TRUE,4
Math,Confused,2.5,2024,Qtr 2,June,29,9.55,High School,Writing,4,TRUE,2
Math,Confused,4.6,2024,Qtr 3,July,1,20.67,Graduate,Homework Help,4,TRUE,4
Math,Confused,3.7,2024,Qtr 3,July,1,13.58,Graduate,Writing,2,FALSE,3
Math,Confused,4.6,2024,Qtr 3,July,3,8.97,Undergraduate,Writing,2,FALSE,5
Math,Confused,3.8,2024,Qtr 3,July,5,36.3,High School,Studying,11,FALSE,4
Math,Confused,3.8,2024,Qtr 3,July,9,12.93,Graduate,Brainstorming,3,TRUE,4
Math,Confused,4.1,2024,Qtr 3,July,9,4.39,Undergraduate,Homework Help,1,FALSE,4
Math,Confused,1.5,2024,Qtr 3,July,12,29.29,Graduate,Studying,8,FALSE,2
Math,Confused,1.4,2024,Qtr 3,July,12,4.96,Undergraduate,Coding,2,FALSE,2
Math,Confused,6.4,2024,Qtr 3,July,12,18.47,Undergraduate,Homework Help,3,FALSE,7
Math,Confused,3.9,2024,Qtr 3,July,15,18.14,Undergraduate,Writing,6,FALSE,3
Math,Confused,3.5,2024,Qtr 3,July,17,18.08,Graduate,Brainstorming,8,FALSE,3
Math,Confused,1.5,2024,Qtr 3,July,18,11.47,Graduate,Writing,3,TRUE,2
Math,Confused,1,2024,Qtr 3,July,19,46.69,Undergraduate,Studying,11,TRUE,2
Math,Confused,2.4,2024,Qtr 3,July,20,22.06,Graduate,Coding,4,FALSE,3
Math,Confused,2.9,2024,Qtr 3,July,20,28.72,Graduate,Studying,7,FALSE,2
Math,Confused,4.4,2024,Qtr 3,July,24,44.16,Undergraduate,Homework Help,9,FALSE,4
Math,Confused,2.4,2024,Qtr 3,July,24,31.23,Undergraduate,Studying,13,TRUE,3
Math,Confused,3.3,2024,Qtr 3,July,27,9.01,Graduate,Homework Help,2,TRUE,3
Math,Confused,3.4,2024,Qtr 3,July,30,2.6,Graduate,Coding,1,FALSE,3
Math,Confused,4.9,2024,Qtr 3,July,30,25.03,Graduate,Studying,7,FALSE,5
Math,Confused,3.2,2024,Qtr 3,July,30,25.53,Undergraduate,Studying,11,FALSE,2
Math,Confused,2.2,2024,Qtr 3,August,3,6.45,Graduate,Homework Help,1,FALSE,2
Math,Confused,4.5,2024,Qtr 3,August,3,30.2,High School,Writing,9,FALSE,4
Math,Confused,2.4,2024,Qtr 3,August,3,4.29,Undergraduate,Studying,1,TRUE,3
Math,Confused,5,2024,Qtr 3,August,9,16.92,High School,Studying,7,FALSE,5
Math,Confused,2.5,2024,Qtr 3,August,12,4.9,High School,Studying,1,FALSE,3
Math,Confused,3.5,2024,Qtr 3,August,12,11.76,Undergraduate,Research,3,TRUE,3
Math,Confused,2.2,2024,Qtr 3,August,14,13.59,Undergraduate,Writing,2,FALSE,3
Math,Confused,1,2024,Qtr 3,August,16,13.14,Graduate,Brainstorming,3,TRUE,3
Math,Confused,1,2024,Qtr 3,August,16,35.36,Undergraduate,Studying,13,TRUE,1
Math,Confused,3,2024,Qtr 3,August,17,19.38,Graduate,Brainstorming,6,FALSE,3
Math,Confused,1.3,2024,Qtr 3,August,17,28.93,Undergraduate,Writing,13,TRUE,3
Math,Confused,3.4,2024,Qtr 3,August,18,24.05,Graduate,Brainstorming,5,TRUE,4
Math,Confused,4.2,2024,Qtr 3,August,20,5.43,Undergraduate,Coding,2,FALSE,4
Math,Confused,1,2024,Qtr 3,August,21,21.2,Undergraduate,Coding,4,FALSE,1
Math,Confused,3.5,2024,Qtr 3,August,21,37.29,Undergraduate,Homework Help,16,TRUE,4
Math,Confused,3.4,2024,Qtr 3,August,21,20.44,Undergraduate,Studying,9,TRUE,3
Math,Confused,3.1,2024,Qtr 3,August,22,6.66,High School,Coding,1,FALSE,3
Math,Confused,2.2,2024,Qtr 3,August,25,6.67,Undergraduate,Coding,2,FALSE,2
Math,Confused,6.2,2024,Qtr 3,August,27,30.52,Undergraduate,Homework Help,9,FALSE,7
Math,Confused,4.7,2024,Qtr 3,September,2,10.02,Undergraduate,Writing,4,FALSE,4
Math,Confused,4.2,2024,Qtr 3,September,5,10.31,High School,Homework Help,2,FALSE,4
Math,Confused,3.5,2024,Qtr 3,September,5,27.55,High School,Writing,7,TRUE,3
Math,Confused,4.5,2024,Qtr 3,September,6,15.42,Undergraduate,Writing,3,FALSE,4
Math,Confused,2.2,2024,Qtr 3,September,7,30.44,High School,Coding,12,TRUE,3
Math,Confused,5,2024,Qtr 3,September,9,8.51,Undergraduate,Studying,3,TRUE,5
Math,Confused,2.4,2024,Qtr 3,September,10,3.8,Graduate,Studying,1,FALSE,2
Math,Confused,4.6,2024,Qtr 3,September,10,10.1,Undergraduate,Coding,4,FALSE,4
Math,Confused,3.1,2024,Qtr 3,September,11,16.82,Undergraduate,Coding,3,FALSE,4
Math,Confused,3.2,2024,Qtr 3,September,12,81.61,Undergraduate,Homework Help,23,FALSE,4
Math,Confused,5,2024,Qtr 3,September,15,8.77,Undergraduate,Studying,3,TRUE,5
Math,Confused,2.7,2024,Qtr 3,September,16,11.74,Graduate,Research,2,TRUE,2
Math,Confused,1.8,2024,Qtr 3,September,16,19.56,Undergraduate,Studying,6,TRUE,2
Math,Confused,4.7,2024,Qtr 3,September,17,6.39,Undergraduate,Coding,1,FALSE,4
Math,Confused,1.4,2024,Qtr 4,October,1,4.57,Graduate,Research,1,TRUE,2
Math,Confused,1.1,2024,Qtr 4,October,2,14.33,Graduate,Writing,4,TRUE,2
Math,Confused,4.1,2024,Qtr 4,October,3,51.12,Undergraduate,Studying,10,TRUE,5
Math,Confused,3.7,2024,Qtr 4,October,4,26.97,Undergraduate,Homework Help,6,FALSE,4
Math,Confused,6.7,2024,Qtr 4,October,4,28.42,Undergraduate,Studying,9,FALSE,8
Math,Confused,2.9,2024,Qtr 4,October,6,30.46,High School,Homework Help,6,FALSE,4
Math,Confused,2.8,2024,Qtr 4,October,7,8.62,Undergraduate,Coding,2,TRUE,3
Math,Confused,2.5,2024,Qtr 4,October,8,4.93,Graduate,Coding,1,FALSE,2
Math,Confused,4.3,2024,Qtr 4,October,10,11.38,Undergraduate,Homework Help,3,TRUE,4
Math,Confused,2.2,2024,Qtr 4,October,13,30.02,Graduate,Homework Help,7,FALSE,3
Math,Confused,2.5,2024,Qtr 4,October,14,12.91,High School,Studying,2,FALSE,3
Math,Confused,2.4,2024,Qtr 4,October,14,23.18,Undergraduate,Coding,6,TRUE,4
Math,Confused,2.5,2024,Qtr 4,October,16,3.57,Graduate,Homework Help,1,TRUE,3
Math,Confused,2.7,2024,Qtr 4,October,16,8.97,High School,Writing,2,TRUE,4
Math,Confused,3.4,2024,Qtr 4,October,17,5.44,Undergraduate,Homework Help,1,TRUE,4
Math,Confused,1,2024,Qtr 4,October,18,20.66,Graduate,Writing,4,FALSE,2
Math,Confused,4,2024,Qtr 4,October,18,14.33,High School,Coding,4,FALSE,4
Math,Confused,4.5,2024,Qtr 4,October,19,19.35,High School,Writing,4,TRUE,3
Math,Confused,3.6,2024,Qtr 4,October,22,24.27,Graduate,Homework Help,8,FALSE,3
Math,Confused,2.9,2024,Qtr 4,October,24,39.93,Graduate,Brainstorming,11,FALSE,3
Math,Confused,4.6,2024,Qtr 4,October,26,13.72,Undergraduate,Writing,2,TRUE,3
Math,Confused,3.9,2024,Qtr 4,October,28,22.77,High School,Research,8,TRUE,3
Math,Confused,2.4,2024,Qtr 4,October,28,55.63,High School,Studying,11,TRUE,3
Math,Confused,3.8,2024,Qtr 4,October,29,21.48,Undergraduate,Homework Help,5,FALSE,4
Math,Confused,3.3,2024,Qtr 4,October,29,27.24,Undergraduate,Studying,10,FALSE,4
Math,Confused,5,2024,Qtr 4,October,30,31.56,Undergraduate,Writing,15,FALSE,5
Math,Confused,3.7,2024,Qtr 4,November,2,9.06,Graduate,Coding,1,FALSE,4
Math,Confused,1,2024,Qtr 4,November,3,14.7,Undergraduate,Studying,3,TRUE,2
Math,Confused,2.4,2024,Qtr 4,November,5,19.11,Undergraduate,Research,7,FALSE,3
Math,Confused,3.6,2024,Qtr 4,November,6,15.85,High School,Writing,5,TRUE,4
Math,Confused,3.3,2024,Qtr 4,November,8,20.35,Undergraduate,Research,4,FALSE,3
Math,Confused,5,2024,Qtr 4,November,13,17.36,Undergraduate,Coding,7,FALSE,5
Math,Confused,2.6,2024,Qtr 4,November,15,16.31,High School,Studying,5,FALSE,3
Math,Confused,1.5,2024,Qtr 4,November,17,20.43,Undergraduate,Research,4,FALSE,2
Math,Confused,3.2,2024,Qtr 4,November,19,13.4,Graduate,Research,3,FALSE,3
Math,Confused,3.1,2024,Qtr 4,November,19,15.04,Undergraduate,Studying,6,FALSE,3
Math,Confused,1.3,2024,Qtr 4,November,20,41.09,Undergraduate,Homework Help,11,FALSE,2
Math,Confused,1.4,2024,Qtr 4,November,22,3.27,Undergraduate,Studying,1,FALSE,3
Math,Confused,5,2024,Qtr 4,November,22,18.14,Undergraduate,Writing,4,FALSE,5
Math,Confused,2.3,2024,Qtr 4,November,23,6.98,Undergraduate,Brainstorming,1,TRUE,3
Math,Confused,4.7,2024,Qtr 4,November,25,36.38,Undergraduate,Writing,7,FALSE,5
Math,Confused,4.5,2024,Qtr 4,November,26,46.52,Undergraduate,Coding,10,FALSE,4
Math,Confused,4,2024,Qtr 4,November,28,13.59,Undergraduate,Coding,3,FALSE,4
Math,Confused,4.5,2024,Qtr 4,December,1,28.51,Undergraduate,Studying,8,FALSE,4
Math,Confused,3.9,2024,Qtr 4,December,2,33.75,High School,Homework Help,12,TRUE,3
Math,Confused,5,2024,Qtr 4,December,3,6.15,Graduate,Research,2,FALSE,5
Math,Confused,1.5,2024,Qtr 4,December,4,19.47,Undergraduate,Writing,4,FALSE,1
Math,Confused,1.9,2024,Qtr 4,December,6,33.96,Graduate,Research,15,FALSE,2
Math,Confused,3.4,2024,Qtr 4,December,6,29.29,Undergraduate,Homework Help,8,FALSE,4
Math,Confused,5,2024,Qtr 4,December,7,12,Graduate,Studying,2,FALSE,5
Math,Confused,3.4,2024,Qtr 4,December,15,6.94,Undergraduate,Studying,1,TRUE,4
Math,Confused,2.2,2024,Qtr 4,December,18,14.99,Undergraduate,Writing,3,FALSE,3
Math,Confused,2,2024,Qtr 4,December,19,11.43,High School,Studying,4,FALSE,2
Math,Confused,3.2,2024,Qtr 4,December,21,6.92,Undergraduate,Brainstorming,1,TRUE,4
Math,Confused,3.8,2024,Qtr 4,December,23,18.87,Graduate,Writing,5,FALSE,4
Math,Confused,4.5,2024,Qtr 4,December,24,46.71,Graduate,Brainstorming,17,TRUE,5
Math,Confused,3,2024,Qtr 4,December,24,11.68,Undergraduate,Writing,2,TRUE,4
Math,Confused,2.4,2024,Qtr 4,December,25,5.96,Graduate,Writing,1,FALSE,3
Math,Confused,4.6,2024,Qtr 4,December,25,16.48,Undergraduate,Coding,4,FALSE,5
Math,Confused,3.4,2024,Qtr 4,December,27,15.57,High School,Studying,3,TRUE,3
Math,Confused,2.4,2024,Qtr 4,December,29,10.23,Graduate,Research,2,FALSE,3
Math,Confused,2.3,2024,Qtr 4,December,31,36.32,Graduate,Coding,8,FALSE,3
Math,Confused,2.6,2025,Qtr 1,January,1,7.34,High School,Writing,2,FALSE,2
Math,Confused,5,2025,Qtr 1,January,1,20.77,Undergraduate,Studying,6,FALSE,4
Math,Confused,3.1,2025,Qtr 1,January,3,31.3,Undergraduate,Coding,6,TRUE,4
Math,Confused,4.9,2025,Qtr 1,January,3,44.26,Undergraduate,Writing,17,FALSE,5
Math,Confused,5,2025,Qtr 1,January,8,40.14,High School,Homework Help,9,TRUE,5
Math,Confused,4.4,2025,Qtr 1,January,8,20.77,High School,Writing,4,TRUE,3
Math,Confused,3.7,2025,Qtr 1,January,12,26.06,High School,Studying,7,FALSE,4
Math,Confused,3.5,2025,Qtr 1,January,15,19.61,Undergraduate,Homework Help,9,FALSE,3
Math,Confused,3.6,2025,Qtr 1,January,15,10.52,Undergraduate,Writing,2,TRUE,4
Math,Confused,5,2025,Qtr 1,January,16,41.91,High School,Homework Help,10,TRUE,5
Math,Confused,4.4,2025,Qtr 1,January,16,16.79,Undergraduate,Brainstorming,4,FALSE,5
Math,Confused,1,2025,Qtr 1,January,17,2.83,Undergraduate,Studying,1,FALSE,1
Math,Confused,3.3,2025,Qtr 1,January,22,40.17,Undergraduate,Writing,9,FALSE,3
Math,Confused,5,2025,Qtr 1,January,23,34.58,High School,Research,9,TRUE,5
Math,Confused,1.1,2025,Qtr 1,January,24,5.05,Undergraduate,Writing,1,FALSE,1
Math,Confused,4.7,2025,Qtr 1,January,26,21.48,Graduate,Coding,6,TRUE,4
Math,Confused,3.6,2025,Qtr 1,January,26,10.12,High School,Research,4,TRUE,4
Math,Confused,2.7,2025,Qtr 1,January,26,24.03,Undergraduate,Homework Help,6,FALSE,3
Math,Confused,2.2,2025,Qtr 1,January,29,21.31,Undergraduate,Coding,4,FALSE,2
Math,Confused,4.1,2025,Qtr 1,February,3,16.12,High School,Studying,3,FALSE,3
Math,Confused,3.5,2025,Qtr 1,February,3,12.69,Undergraduate,Writing,5,FALSE,4
Math,Confused,5,2025,Qtr 1,February,5,85.05,Undergraduate,Coding,28,TRUE,5
Math,Confused,3,2025,Qtr 1,February,7,2.5,Undergraduate,Studying,1,FALSE,3
Math,Confused,4.2,2025,Qtr 1,February,8,16.6,High School,Coding,3,TRUE,4
Math,Confused,5,2025,Qtr 1,February,9,19.56,Undergraduate,Brainstorming,7,FALSE,5
Math,Confused,3.6,2025,Qtr 1,February,10,31.86,Undergraduate,Studying,8,FALSE,2
Math,Confused,3.4,2025,Qtr 1,February,12,19.3,Graduate,Homework Help,5,FALSE,3
Math,Confused,5,2025,Qtr 1,February,18,13.07,Undergraduate,Writing,3,FALSE,5
Math,Confused,5,2025,Qtr 1,February,21,35.49,Undergraduate,Homework Help,16,TRUE,5
Math,Confused,4.6,2025,Qtr 1,February,22,12.14,Graduate,Coding,2,FALSE,5
Math,Confused,4.8,2025,Qtr 1,February,24,12.19,High School,Homework Help,2,FALSE,4
Math,Confused,2.3,2025,Qtr 1,February,25,22.77,Graduate,Brainstorming,8,FALSE,3
Math,Confused,5,2025,Qtr 1,February,26,7.42,Undergraduate,Writing,2,FALSE,3
Math,Confused,2.9,2025,Qtr 1,March,2,6.52,Undergraduate,Homework Help,1,FALSE,3
Math,Confused,2,2025,Qtr 1,March,6,11.5,High School,Coding,2,FALSE,3
Math,Confused,3.1,2025,Qtr 1,March,8,50.86,High School,Homework Help,10,FALSE,3
Math,Confused,2.2,2025,Qtr 1,March,9,4.26,High School,Brainstorming,1,FALSE,2
Math,Confused,5,2025,Qtr 1,March,9,6.21,Undergraduate,Studying,2,FALSE,5
Math,Confused,3.7,2025,Qtr 1,March,15,2.22,High School,Writing,1,FALSE,4
Math,Confused,2.6,2025,Qtr 1,March,17,12.46,High School,Studying,4,FALSE,3
Math,Confused,2.9,2025,Qtr 1,March,19,28.17,High School,Writing,11,TRUE,2
Math,Confused,4.1,2025,Qtr 1,March,19,16.35,Undergraduate,Studying,4,FALSE,4
Math,Confused,3.6,2025,Qtr 1,March,20,20.71,High School,Studying,6,TRUE,3
Math,Confused,4.5,2025,Qtr 1,March,21,15.84,High School,Studying,5,TRUE,3
Math,Confused,4.6,2025,Qtr 1,March,21,9.22,Undergraduate,Coding,3,FALSE,4
Math,Confused,4.3,2025,Qtr 1,March,21,25.1,Undergraduate,Coding,7,TRUE,4
Math,Confused,3.3,2025,Qtr 1,March,25,17.26,Graduate,Brainstorming,3,FALSE,4
Math,Confused,2.8,2025,Qtr 1,March,26,9.1,Graduate,Writing,2,FALSE,2
Math,Confused,3.1,2025,Qtr 1,March,27,28.66,Graduate,Writing,10,TRUE,3
Math,Confused,1.6,2025,Qtr 1,March,30,14.82,Graduate,Studying,3,FALSE,2
Math,Confused,4.6,2025,Qtr 2,April,2,10.41,Undergraduate,Homework Help,2,FALSE,4
Math,Confused,5,2025,Qtr 2,April,7,11.54,Undergraduate,Homework Help,2,FALSE,5
Math,Confused,3.5,2025,Qtr 2,April,8,30.8,Graduate,Brainstorming,8,FALSE,4
Math,Confused,5,2025,Qtr 2,April,8,4.04,High School,Writing,1,FALSE,5
Math,Confused,4.6,2025,Qtr 2,April,9,3.81,Graduate,Studying,1,FALSE,4
Math,Confused,5,2025,Qtr 2,April,16,14.43,Undergraduate,Writing,4,FALSE,5
Math,Confused,2.4,2025,Qtr 2,April,17,18.4,Undergraduate,Writing,6,TRUE,2
Math,Confused,2.2,2025,Qtr 2,April,18,7.87,Graduate,Studying,1,TRUE,2
Math,Confused,2.9,2025,Qtr 2,April,18,1.65,Undergraduate,Homework Help,1,FALSE,2
Math,Confused,4.5,2025,Qtr 2,April,21,75.12,Undergraduate,Writing,16,TRUE,5
Math,Confused,2,2025,Qtr 2,April,23,6.87,Undergraduate,Studying,3,FALSE,3
Math,Confused,4,2025,Qtr 2,April,26,41.22,Graduate,Studying,9,TRUE,5
Math,Confused,2.8,2025,Qtr 2,April,26,29.71,Undergraduate,Writing,7,TRUE,4
Math,Confused,5,2025,Qtr 2,April,27,17.17,High School,Studying,6,FALSE,5
Math,Confused,3.3,2025,Qtr 2,April,27,51,Undergraduate,Writing,10,FALSE,3
Math,Confused,5,2025,Qtr 2,May,1,7.48,Undergraduate,Homework Help,2,FALSE,5
Math,Confused,3.7,2025,Qtr 2,May,1,39.83,Undergraduate,Writing,13,FALSE,3
Math,Confused,5,2025,Qtr 2,May,3,9.71,Graduate,Research,1,TRUE,5
Math,Confused,2.1,2025,Qtr 2,May,3,4.37,Graduate,Writing,1,FALSE,2
Math,Confused,8.5,2025,Qtr 2,May,3,39.52,Undergraduate,Writing,13,FALSE,9
Math,Confused,2.4,2025,Qtr 2,May,4,21.48,Graduate,Homework Help,9,TRUE,3
Math,Confused,2,2025,Qtr 2,May,4,32.73,Undergraduate,Writing,12,FALSE,1
Math,Confused,3.2,2025,Qtr 2,May,5,7.57,High School,Homework Help,2,TRUE,3
Math,Confused,1,2025,Qtr 2,May,5,13.04,High School,Writing,3,FALSE,2
Math,Confused,3.4,2025,Qtr 2,May,6,16.2,Undergraduate,Research,4,FALSE,4
Math,Confused,5,2025,Qtr 2,May,7,43.7,Undergraduate,Coding,19,FALSE,5
Math,Confused,4.1,2025,Qtr 2,May,9,5.27,Undergraduate,Coding,1,TRUE,3
Math,Confused,3.5,2025,Qtr 2,May,9,7.21,Undergraduate,Homework Help,2,FALSE,4
Math,Confused,5,2025,Qtr 2,May,12,17.07,Undergraduate,Writing,3,FALSE,4
Math,Confused,4.6,2025,Qtr 2,May,13,20.37,Undergraduate,Research,9,TRUE,4
Math,Confused,1,2025,Qtr 2,May,16,7.53,Graduate,Coding,1,TRUE,1
Math,Confused,1.8,2025,Qtr 2,May,23,12.04,Undergraduate,Studying,2,FALSE,2
Math,Confused,4.9,2025,Qtr 2,May,23,28.7,Undergraduate,Studying,12,TRUE,5
Math,Confused,2.9,2025,Qtr 2,May,26,7.75,Undergraduate,Research,3,FALSE,2
Math,Confused,4.4,2025,Qtr 2,May,26,13.42,Undergraduate,Writing,3,TRUE,4
Math,Confused,4.4,2025,Qtr 2,June,1,7.11,High School,Studying,2,TRUE,4
Math,Confused,3,2025,Qtr 2,June,3,35.54,High School,Studying,13,TRUE,3
Math,Confused,2.6,2025,Qtr 2,June,5,5.11,Undergraduate,Homework Help,1,TRUE,3
Math,Confused,5,2025,Qtr 2,June,6,12.37,Graduate,Brainstorming,2,TRUE,4
Math,Confused,3.1,2025,Qtr 2,June,7,16.95,Undergraduate,Research,4,TRUE,3
Math,Confused,3.1,2025,Qtr 2,June,8,20.92,Graduate,Brainstorming,10,FALSE,2
Math,Confused,1.2,2025,Qtr 2,June,8,9.35,Undergraduate,Homework Help,2,FALSE,2
Math,Confused,2.9,2025,Qtr 2,June,8,13.54,Undergraduate,Studying,3,FALSE,4
Math,Confused,3.1,2025,Qtr 2,June,9,19.79,High School,Studying,4,FALSE,4
Math,Confused,4.7,2025,Qtr 2,June,12,7.34,Undergraduate,Coding,1,FALSE,4
Math,Confused,2.7,2025,Qtr 2,June,13,30.84,Undergraduate,Homework Help,8,FALSE,4
Math,Confused,2.6,2025,Qtr 2,June,17,2.3,Undergraduate,Writing,1,TRUE,3
Math,Confused,3.6,2025,Qtr 2,June,18,9.57,Graduate,Coding,2,FALSE,3
Math,Confused,4.4,2025,Qtr 2,June,18,21.93,Undergraduate,Coding,7,FALSE,5
Math,Confused,4.3,2025,Qtr 2,June,21,22.37,High School,Writing,5,TRUE,4
Math,Confused,1,2025,Qtr 2,June,21,22.26,Undergraduate,Coding,4,FALSE,2
Math,Confused,1,2025,Qtr 2,June,21,6.22,Undergraduate,Homework Help,2,FALSE,1
Math,Confused,7.3,2025,Qtr 2,June,21,49.69,Undergraduate,Homework Help,16,TRUE,9
Math,Confused,1,2025,Qtr 2,June,23,10.19,Undergraduate,Coding,3,FALSE,1
Math,Confused,3.4,2025,Qtr 2,June,23,35.78,Undergraduate,Studying,10,TRUE,3
Math,Confused,3,2025,Qtr 2,June,23,12.7,Undergraduate,Writing,3,TRUE,2
Math,Gave Up,5,2024,Qtr 2,June,25,34.44,Undergraduate,Writing,8,FALSE,4
Math,Gave Up,2.7,2024,Qtr 2,June,26,21.68,High School,Homework Help,5,TRUE,4
Math,Gave Up,4.4,2024,Qtr 2,June,27,5.13,Graduate,Writing,1,TRUE,4
Math,Gave Up,3,2024,Qtr 2,June,27,12.25,High School,Coding,4,FALSE,3
Math,Gave Up,3.1,2024,Qtr 2,June,29,21.79,Undergraduate,Brainstorming,4,FALSE,3
Math,Gave Up,1.8,2024,Qtr 3,July,1,26.47,Undergraduate,Studying,11,TRUE,2
Math,Gave Up,1,2024,Qtr 3,July,4,13.85,High School,Brainstorming,6,FALSE,2
Math,Gave Up,5,2024,Qtr 3,July,10,7.55,Undergraduate,Writing,3,FALSE,4
Math,Gave Up,2,2024,Qtr 3,July,14,7.72,High School,Studying,3,TRUE,3
Math,Gave Up,5,2024,Qtr 3,July,16,2.27,Undergraduate,Studying,1,FALSE,5
Math,Gave Up,3.5,2024,Qtr 3,July,19,18.26,Undergraduate,Coding,4,TRUE,4
Math,Gave Up,4.2,2024,Qtr 3,July,19,10.99,Undergraduate,Homework Help,2,FALSE,4
Math,Gave Up,3.7,2024,Qtr 3,July,28,9.4,High School,Studying,1,FALSE,4
Math,Gave Up,3.3,2024,Qtr 3,July,28,28.78,Undergraduate,Studying,10,TRUE,3
Math,Gave Up,2.2,2024,Qtr 3,August,14,24.45,Undergraduate,Studying,8,FALSE,3
Math,Gave Up,4.2,2024,Qtr 3,August,18,26.51,Undergraduate,Homework Help,12,FALSE,3
Math,Gave Up,4.3,2024,Qtr 3,August,21,38.85,High School,Coding,12,FALSE,5
Math,Gave Up,2.5,2024,Qtr 3,August,23,18.43,Graduate,Writing,4,FALSE,3
Math,Gave Up,5,2024,Qtr 3,August,24,22.33,Undergraduate,Coding,6,TRUE,5
Math,Gave Up,5,2024,Qtr 3,August,24,3.2,Undergraduate,Homework Help,1,TRUE,5
Math,Gave Up,1,2024,Qtr 3,August,27,45.79,Undergraduate,Homework Help,10,TRUE,3
Math,Gave Up,1,2024,Qtr 3,August,30,35.29,Undergraduate,Writing,7,FALSE,3
Math,Gave Up,4.9,2024,Qtr 3,September,1,5.31,Undergraduate,Homework Help,1,FALSE,5
Math,Gave Up,3.2,2024,Qtr 3,September,2,30.89,Undergraduate,Homework Help,6,FALSE,3
Math,Gave Up,1.3,2024,Qtr 3,September,3,45.75,Graduate,Studying,22,FALSE,3
Math,Gave Up,3.4,2024,Qtr 3,September,3,3.79,Graduate,Writing,1,FALSE,3
Math,Gave Up,4.2,2024,Qtr 3,September,7,24.61,Undergraduate,Coding,7,FALSE,5
Math,Gave Up,4.9,2024,Qtr 3,September,11,26.28,High School,Homework Help,6,TRUE,5
Math,Gave Up,2.3,2024,Qtr 3,September,12,14.83,Undergraduate,Homework Help,5,TRUE,3
Math,Gave Up,2.1,2024,Qtr 3,September,15,44.99,High School,Writing,12,TRUE,2
Math,Gave Up,3.6,2024,Qtr 3,September,21,13.33,Undergraduate,Writing,3,TRUE,5
Math,Gave Up,3.6,2024,Qtr 4,October,12,17.11,Undergraduate,Coding,4,FALSE,4
Math,Gave Up,2.8,2024,Qtr 4,October,13,16.97,High School,Writing,4,FALSE,3
Math,Gave Up,2.5,2024,Qtr 4,October,13,21.44,Undergraduate,Writing,6,FALSE,3
Math,Gave Up,5,2024,Qtr 4,October,16,4.71,Undergraduate,Homework Help,1,FALSE,5
Math,Gave Up,2.1,2024,Qtr 4,October,17,43.93,High School,Brainstorming,13,FALSE,2
Math,Gave Up,4.1,2024,Qtr 4,October,19,15.58,Undergraduate,Studying,5,FALSE,4
Math,Gave Up,4.9,2024,Qtr 4,October,20,51.88,High School,Homework Help,13,FALSE,4
Math,Gave Up,2.6,2024,Qtr 4,October,21,32.55,High School,Homework Help,6,TRUE,3
Math,Gave Up,3.4,2024,Qtr 4,October,22,3.13,High School,Homework Help,1,FALSE,4
Math,Gave Up,3.1,2024,Qtr 4,October,23,21.58,Undergraduate,Homework Help,7,FALSE,4
Math,Gave Up,2,2024,Qtr 4,October,25,17.82,High School,Coding,5,FALSE,3
Math,Gave Up,4.7,2024,Qtr 4,October,30,22.66,Graduate,Studying,5,FALSE,4
Math,Gave Up,2.4,2024,Qtr 4,November,2,49.77,Undergraduate,Brainstorming,12,FALSE,2
Math,Gave Up,1,2024,Qtr 4,November,5,17.21,Undergraduate,Homework Help,8,FALSE,1
Math,Gave Up,3.7,2024,Qtr 4,November,6,35.54,Undergraduate,Brainstorming,7,TRUE,4
Math,Gave Up,3.5,2024,Qtr 4,November,6,7.76,Undergraduate,Coding,2,TRUE,3
Math,Gave Up,5,2024,Qtr 4,November,9,15.84,Undergraduate,Writing,4,FALSE,4
Math,Gave Up,5,2024,Qtr 4,November,15,6.59,High School,Studying,1,FALSE,5
Math,Gave Up,3.7,2024,Qtr 4,November,20,26.65,High School,Research,7,TRUE,4
Math,Gave Up,4.5,2024,Qtr 4,November,20,14.6,Undergraduate,Homework Help,5,FALSE,3
Math,Gave Up,4.5,2024,Qtr 4,November,22,8.2,Undergraduate,Studying,2,TRUE,4
Math,Gave Up,3.7,2024,Qtr 4,November,24,27.84,Undergraduate,Writing,13,FALSE,3
Math,Gave Up,2.5,2024,Qtr 4,November,25,21.55,Graduate,Homework Help,8,FALSE,3
Math,Gave Up,2.8,2024,Qtr 4,December,5,9.55,Graduate,Writing,2,TRUE,3
Math,Gave Up,2.1,2024,Qtr 4,December,6,22.75,Undergraduate,Research,9,FALSE,4
Math,Gave Up,3.4,2024,Qtr 4,December,7,13.56,High School,Writing,3,FALSE,3
Math,Gave Up,3.3,2024,Qtr 4,December,9,23.06,Undergraduate,Studying,5,FALSE,3
Math,Gave Up,1,2024,Qtr 4,December,9,15.6,Undergraduate,Writing,5,FALSE,1
Math,Gave Up,2.4,2024,Qtr 4,December,10,11.94,Undergraduate,Coding,5,FALSE,3
Math,Gave Up,5,2024,Qtr 4,December,11,42.24,Undergraduate,Research,18,FALSE,5
Math,Gave Up,1.9,2024,Qtr 4,December,15,17.76,Undergraduate,Coding,8,FALSE,2
Math,Gave Up,3.6,2024,Qtr 4,December,15,23.59,Undergraduate,Homework Help,7,FALSE,3
Math,Gave Up,4.3,2024,Qtr 4,December,27,40.96,Undergraduate,Brainstorming,12,TRUE,4
Math,Gave Up,2.3,2025,Qtr 1,January,12,1.4,Undergraduate,Homework Help,1,FALSE,3
Math,Gave Up,4.4,2025,Qtr 1,January,20,28.67,Undergraduate,Writing,10,FALSE,3
Math,Gave Up,3.8,2025,Qtr 1,January,22,17.13,Undergraduate,Studying,6,FALSE,4
Math,Gave Up,3.6,2025,Qtr 1,January,30,8.35,Undergraduate,Homework Help,1,FALSE,3
Math,Gave Up,3.8,2025,Qtr 1,February,1,46.21,High School,Studying,17,FALSE,3
Math,Gave Up,3.2,2025,Qtr 1,February,2,5.63,High School,Studying,1,FALSE,4
Math,Gave Up,3.6,2025,Qtr 1,February,21,16.01,Graduate,Coding,4,FALSE,4
Math,Gave Up,2.9,2025,Qtr 1,February,21,11.91,Undergraduate,Homework Help,2,FALSE,3
Math,Gave Up,3,2025,Qtr 1,February,22,14.39,Graduate,Homework Help,5,FALSE,3
Math,Gave Up,4.4,2025,Qtr 1,February,25,10.69,Undergraduate,Coding,3,FALSE,4
Math,Gave Up,5,2025,Qtr 1,February,25,12.28,Undergraduate,Homework Help,5,TRUE,5
Math,Gave Up,3.8,2025,Qtr 1,February,26,11.28,Undergraduate,Homework Help,3,TRUE,3
Math,Gave Up,5,2025,Qtr 1,February,28,28.08,Undergraduate,Writing,6,FALSE,3
Math,Gave Up,1.8,2025,Qtr 1,March,1,19.43,Graduate,Homework Help,9,FALSE,3
Math,Gave Up,4,2025,Qtr 1,March,2,12.47,Undergraduate,Coding,3,TRUE,4
Math,Gave Up,5,2025,Qtr 1,March,6,64.71,High School,Coding,17,FALSE,5
Math,Gave Up,2.8,2025,Qtr 1,March,14,13.54,High School,Research,4,TRUE,2
Math,Gave Up,4.8,2025,Qtr 1,March,15,3.91,Undergraduate,Studying,1,FALSE,4
Math,Gave Up,3.2,2025,Qtr 1,March,16,37.86,Undergraduate,Homework Help,12,FALSE,3
Math,Gave Up,2.8,2025,Qtr 1,March,17,15.09,High School,Homework Help,5,TRUE,3
Math,Gave Up,3.9,2025,Qtr 1,March,17,42.13,Undergraduate,Research,13,FALSE,5
Math,Gave Up,5,2025,Qtr 1,March,20,58.34,Undergraduate,Homework Help,16,TRUE,5
Math,Gave Up,3.7,2025,Qtr 1,March,24,13.14,High School,Homework Help,2,TRUE,4
Math,Gave Up,2.7,2025,Qtr 2,April,7,10.57,Undergraduate,Studying,3,FALSE,2
Math,Gave Up,4.3,2025,Qtr 2,April,9,34.23,Undergraduate,Brainstorming,6,TRUE,4
Math,Gave Up,3.4,2025,Qtr 2,April,19,17.29,High School,Coding,4,FALSE,3
Math,Gave Up,5,2025,Qtr 2,April,23,13.72,High School,Writing,5,TRUE,5
Math,Gave Up,3.1,2025,Qtr 2,April,28,31.52,High School,Studying,6,TRUE,3
Math,Gave Up,3.1,2025,Qtr 2,April,29,12.86,Graduate,Research,3,FALSE,2
Math,Gave Up,3.6,2025,Qtr 2,May,5,17.65,Undergraduate,Coding,4,FALSE,3
Math,Gave Up,4.3,2025,Qtr 2,May,6,13.23,Graduate,Writing,6,FALSE,4
Math,Gave Up,3.2,2025,Qtr 2,May,9,7.53,Undergraduate,Studying,1,TRUE,4
Math,Gave Up,1,2025,Qtr 2,May,11,38,Graduate,Writing,10,FALSE,2
Math,Gave Up,2.7,2025,Qtr 2,May,13,11.44,Undergraduate,Writing,4,FALSE,3
Math,Gave Up,1.7,2025,Qtr 2,May,14,29.49,Undergraduate,Writing,10,TRUE,2
Math,Gave Up,2,2025,Qtr 2,May,22,5.48,Undergraduate,Homework Help,1,FALSE,3
Math,Gave Up,5,2025,Qtr 2,May,22,45.12,Undergraduate,Writing,9,FALSE,5
Math,Gave Up,3,2025,Qtr 2,May,28,12.71,Undergraduate,Research,3,TRUE,3
Math,Gave Up,3.4,2025,Qtr 2,June,5,22.27,Undergraduate,Writing,11,TRUE,3
Math,Gave Up,2.8,2025,Qtr 2,June,8,42.35,High School,Research,12,TRUE,3
Math,Gave Up,2.8,2025,Qtr 2,June,8,17.98,Undergraduate,Homework Help,4,FALSE,3
Math,Gave Up,4.4,2025,Qtr 2,June,14,1.73,Undergraduate,Homework Help,1,FALSE,4
Math,Gave Up,2.6,2025,Qtr 2,June,14,5.39,Undergraduate,Research,2,TRUE,2
Math,Gave Up,3.4,2025,Qtr 2,June,24,8.37,Graduate,Studying,3,TRUE,3
Math,Idea Drafted,5,2024,Qtr 2,June,24,17.09,Undergraduate,Homework Help,7,TRUE,3
Math,Idea Drafted,4.6,2024,Qtr 2,June,24,9.55,Undergraduate,Research,2,TRUE,4
Math,Idea Drafted,3.2,2024,Qtr 2,June,24,18.58,Undergraduate,Studying,5,TRUE,3
Math,Idea Drafted,5,2024,Qtr 2,June,24,7.44,Undergraduate,Writing,1,FALSE,5
Math,Idea Drafted,3.3,2024,Qtr 2,June,25,5.29,Undergraduate,Studying,1,TRUE,4
Math,Idea Drafted,5,2024,Qtr 2,June,26,8.61,Undergraduate,Coding,1,TRUE,4
Math,Idea Drafted,4.8,2024,Qtr 2,June,27,33.57,Undergraduate,Studying,10,TRUE,5
Math,Idea Drafted,3.8,2024,Qtr 2,June,28,19.06,High School,Studying,8,TRUE,4
Math,Idea Drafted,3.1,2024,Qtr 2,June,28,18.08,Undergraduate,Coding,6,TRUE,3
Math,Idea Drafted,4.3,2024,Qtr 2,June,28,8.53,Undergraduate,Research,2,TRUE,4
Math,Idea Drafted,4,2024,Qtr 2,June,29,32,High School,Studying,10,TRUE,4
Math,Idea Drafted,2.3,2024,Qtr 3,July,1,17.38,High School,Writing,3,TRUE,3
Math,Idea Drafted,1.2,2024,Qtr 3,July,2,28.37,High School,Studying,10,TRUE,2
Math,Idea Drafted,2.5,2024,Qtr 3,July,2,17.15,Undergraduate,Writing,3,TRUE,2
Math,Idea Drafted,3,2024,Qtr 3,July,3,13.79,Undergraduate,Writing,3,TRUE,3
Math,Idea Drafted,3.4,2024,Qtr 3,July,4,13.22,Undergraduate,Writing,3,TRUE,4
Math,Idea Drafted,3.6,2024,Qtr 3,July,5,2.18,Graduate,Homework Help,1,TRUE,5
Math,Idea Drafted,1,2024,Qtr 3,July,5,5.96,Undergraduate,Writing,1,FALSE,2
Math,Idea Drafted,5,2024,Qtr 3,July,6,24.71,High School,Writing,11,TRUE,5
Math,Idea Drafted,3.9,2024,Qtr 3,July,7,14.46,Undergraduate,Research,5,TRUE,4
Math,Idea Drafted,2.1,2024,Qtr 3,July,7,4.63,Undergraduate,Writing,1,TRUE,3
Math,Idea Drafted,3.1,2024,Qtr 3,July,8,22.75,Graduate,Brainstorming,10,TRUE,4
Math,Idea Drafted,1,2024,Qtr 3,July,9,10.49,High School,Studying,3,TRUE,1
Math,Idea Drafted,8.1,2024,Qtr 3,July,10,23.74,Undergraduate,Coding,6,TRUE,7
Math,Idea Drafted,1.4,2024,Qtr 3,July,10,18.18,Undergraduate,Studying,7,TRUE,2
Math,Idea Drafted,5,2024,Qtr 3,July,11,36.12,Undergraduate,Studying,9,TRUE,4
Math,Idea Drafted,5,2024,Qtr 3,July,12,21.76,Undergraduate,Writing,8,TRUE,5
Math,Idea Drafted,4.2,2024,Qtr 3,July,13,22.27,Undergraduate,Homework Help,8,TRUE,3
Math,Idea Drafted,1.2,2024,Qtr 3,July,14,13.08,Undergraduate,Homework Help,2,TRUE,3
Math,Idea Drafted,1.9,2024,Qtr 3,July,15,41.83,Graduate,Studying,16,FALSE,2
Math,Idea Drafted,4,2024,Qtr 3,July,15,39.49,Undergraduate,Writing,13,TRUE,3
Math,Idea Drafted,1.4,2024,Qtr 3,July,17,11.01,High School,Brainstorming,2,TRUE,2
Math,Idea Drafted,3,2024,Qtr 3,July,17,12.54,Undergraduate,Writing,4,FALSE,3
Math,Idea Drafted,2.9,2024,Qtr 3,July,20,12.36,Undergraduate,Studying,3,TRUE,3
Math,Idea Drafted,2.3,2024,Qtr 3,July,21,7.73,Graduate,Writing,1,TRUE,2
Math,Idea Drafted,5,2024,Qtr 3,July,22,11.36,Graduate,Coding,2,FALSE,5
Math,Idea Drafted,4.7,2024,Qtr 3,July,22,29.15,Graduate,Homework Help,11,TRUE,5
Math,Idea Drafted,3.8,2024,Qtr 3,July,22,22.42,High School,Brainstorming,6,TRUE,4
Math,Idea Drafted,4.4,2024,Qtr 3,July,22,73.23,Undergraduate,Studying,17,TRUE,4
Math,Idea Drafted,2,2024,Qtr 3,July,23,16.95,High School,Studying,6,TRUE,3
Math,Idea Drafted,5,2024,Qtr 3,July,23,23.17,Undergraduate,Brainstorming,6,TRUE,5
Math,Idea Drafted,5,2024,Qtr 3,July,24,39.99,High School,Coding,15,TRUE,5
Math,Idea Drafted,2.3,2024,Qtr 3,July,24,6.3,Undergraduate,Homework Help,1,TRUE,2
Math,Idea Drafted,1.7,2024,Qtr 3,July,26,35.47,High School,Homework Help,11,TRUE,2
Math,Idea Drafted,4.8,2024,Qtr 3,July,26,5.23,High School,Studying,2,TRUE,4
Math,Idea Drafted,3.8,2024,Qtr 3,July,26,19.31,Undergraduate,Coding,4,TRUE,4
Math,Idea Drafted,3.5,2024,Qtr 3,July,27,2.36,Undergraduate,Homework Help,1,TRUE,3
Math,Idea Drafted,4,2024,Qtr 3,July,27,7.37,Undergraduate,Writing,1,FALSE,4
Math,Idea Drafted,7.4,2024,Qtr 3,July,28,28.29,Undergraduate,Writing,6,TRUE,8
Math,Idea Drafted,3.7,2024,Qtr 3,July,30,33.92,Undergraduate,Writing,7,FALSE,3
Math,Idea Drafted,3.5,2024,Qtr 3,July,31,9.25,Undergraduate,Writing,2,TRUE,3
Math,Idea Drafted,5,2024,Qtr 3,August,1,22.25,Graduate,Coding,5,TRUE,4
Math,Idea Drafted,3.3,2024,Qtr 3,August,1,23.76,Graduate,Writing,7,TRUE,4
Math,Idea Drafted,3.4,2024,Qtr 3,August,2,14.45,Undergraduate,Writing,4,FALSE,2
Math,Idea Drafted,2.1,2024,Qtr 3,August,6,20.64,Graduate,Coding,7,TRUE,3
Math,Idea Drafted,3.8,2024,Qtr 3,August,6,24.17,High School,Homework Help,6,TRUE,5
Math,Idea Drafted,3.8,2024,Qtr 3,August,6,5.22,Undergraduate,Coding,1,TRUE,3
Math,Idea Drafted,5,2024,Qtr 3,August,6,22.86,Undergraduate,Writing,6,TRUE,4
Math,Idea Drafted,3.2,2024,Qtr 3,August,9,20.04,High School,Writing,4,FALSE,3
Math,Idea Drafted,5,2024,Qtr 3,August,9,18.8,Undergraduate,Homework Help,5,TRUE,5
Math,Idea Drafted,3.8,2024,Qtr 3,August,9,63.58,Undergraduate,Writing,21,FALSE,4
Math,Idea Drafted,2.9,2024,Qtr 3,August,12,21.32,Graduate,Writing,4,TRUE,3
Math,Idea Drafted,2.4,2024,Qtr 3,August,13,9.3,High School,Homework Help,2,TRUE,3
Math,Idea Drafted,5,2024,Qtr 3,August,13,36.77,Undergraduate,Writing,10,TRUE,5
Math,Idea Drafted,4.7,2024,Qtr 3,August,15,10.56,High School,Writing,2,TRUE,4
Math,Idea Drafted,1.4,2024,Qtr 3,August,17,2.99,Undergraduate,Writing,1,FALSE,2
Math,Idea Drafted,1,2024,Qtr 3,August,18,3.46,Graduate,Writing,1,TRUE,2
Math,Idea Drafted,3.2,2024,Qtr 3,August,18,4.21,High School,Writing,1,TRUE,4
Math,Idea Drafted,2.2,2024,Qtr 3,August,18,25.28,Undergraduate,Writing,7,TRUE,3
Math,Idea Drafted,4.5,2024,Qtr 3,August,19,15.56,Undergraduate,Writing,3,FALSE,5
Math,Idea Drafted,5,2024,Qtr 3,August,22,13.4,Undergraduate,Research,2,TRUE,4
Math,Idea Drafted,3.5,2024,Qtr 3,August,23,29.92,Undergraduate,Writing,9,FALSE,3
Math,Idea Drafted,4.1,2024,Qtr 3,August,24,1.87,Graduate,Writing,1,TRUE,4
Math,Idea Drafted,5,2024,Qtr 3,August,24,13.48,Undergraduate,Writing,4,TRUE,5
Math,Idea Drafted,3.8,2024,Qtr 3,August,25,7.19,Undergraduate,Coding,3,TRUE,4
Math,Idea Drafted,2.2,2024,Qtr 3,August,26,39.46,Graduate,Writing,14,TRUE,3
Math,Idea Drafted,3.1,2024,Qtr 3,August,28,15.93,Undergraduate,Studying,3,TRUE,4
Math,Idea Drafted,4,2024,Qtr 3,August,29,23.18,High School,Writing,9,TRUE,4
Math,Idea Drafted,1.7,2024,Qtr 3,August,29,61.21,Undergraduate,Research,18,FALSE,2
Math,Idea Drafted,4.4,2024,Qtr 3,August,30,21.99,Undergraduate,Homework Help,4,TRUE,4
Math,Idea Drafted,1.5,2024,Qtr 3,August,30,17.55,Undergraduate,Studying,5,TRUE,2
Math,Idea Drafted,3.4,2024,Qtr 3,August,31,13.31,Graduate,Writing,5,TRUE,4
Math,Idea Drafted,4.4,2024,Qtr 3,August,31,11.61,High School,Writing,3,FALSE,5
Math,Idea Drafted,2.5,2024,Qtr 3,September,2,14.84,Undergraduate,Writing,5,TRUE,3
Math,Idea Drafted,4.6,2024,Qtr 3,September,3,9.37,High School,Coding,2,FALSE,4
Math,Idea Drafted,1,2024,Qtr 3,September,3,13.31,Undergraduate,Studying,3,TRUE,2
Math,Idea Drafted,3.4,2024,Qtr 3,September,3,4.32,Undergraduate,Writing,1,FALSE,3
Math,Idea Drafted,3.5,2024,Qtr 3,September,4,44.36,Undergraduate,Writing,11,TRUE,4
Math,Idea Drafted,4,2024,Qtr 3,September,5,10.8,Graduate,Writing,2,TRUE,4
Math,Idea Drafted,2.7,2024,Qtr 3,September,6,5.14,High School,Writing,1,FALSE,3
Math,Idea Drafted,1,2024,Qtr 3,September,6,40.69,High School,Writing,9,TRUE,1
Math,Idea Drafted,1,2024,Qtr 3,September,7,37.04,Undergraduate,Homework Help,9,TRUE,3
Math,Idea Drafted,2.8,2024,Qtr 3,September,8,20.53,Undergraduate,Writing,4,TRUE,3
Math,Idea Drafted,4,2024,Qtr 3,September,10,52.26,Undergraduate,Writing,15,TRUE,6
Math,Idea Drafted,5,2024,Qtr 3,September,11,37.02,High School,Writing,7,TRUE,4
Math,Idea Drafted,2.4,2024,Qtr 3,September,11,20.48,Undergraduate,Writing,10,TRUE,2
Math,Idea Drafted,4,2024,Qtr 3,September,12,23.01,Graduate,Research,6,FALSE,4
Math,Idea Drafted,1.3,2024,Qtr 3,September,14,32.72,Undergraduate,Brainstorming,8,TRUE,2
Math,Idea Drafted,3.4,2024,Qtr 3,September,14,35.47,Undergraduate,Writing,12,TRUE,3
Math,Idea Drafted,3.4,2024,Qtr 3,September,15,20.41,Graduate,Brainstorming,7,TRUE,3
Math,Idea Drafted,2.6,2024,Qtr 3,September,15,10.74,Undergraduate,Writing,2,FALSE,3
Math,Idea Drafted,3,2024,Qtr 3,September,16,31.14,Undergraduate,Writing,7,TRUE,3
Math,Idea Drafted,2.8,2024,Qtr 3,September,17,1.66,Undergraduate,Writing,1,FALSE,3
Math,Idea Drafted,3.4,2024,Qtr 3,September,17,38.45,Undergraduate,Writing,12,TRUE,4
Math,Idea Drafted,4.3,2024,Qtr 3,September,19,20.63,Graduate,Homework Help,5,FALSE,3
Math,Idea Drafted,4,2024,Qtr 3,September,19,36.63,Undergraduate,Studying,7,TRUE,4
Math,Idea Drafted,4.6,2024,Qtr 3,September,19,16.6,Undergraduate,Writing,4,TRUE,5
Math,Idea Drafted,2.1,2024,Qtr 3,September,21,15.19,Undergraduate,Studying,3,FALSE,2
Math,Idea Drafted,3.2,2024,Qtr 3,September,22,17.12,High School,Studying,8,TRUE,3
Math,Idea Drafted,5,2024,Qtr 3,September,22,11.7,Undergraduate,Writing,3,FALSE,5
Math,Idea Drafted,2.3,2024,Qtr 3,September,23,44.22,Graduate,Research,19,TRUE,3
Math,Idea Drafted,4.2,2024,Qtr 3,September,26,12.12,Undergraduate,Coding,2,TRUE,5
Math,Idea Drafted,1,2024,Qtr 3,September,26,7.55,Undergraduate,Homework Help,3,TRUE,3
Math,Idea Drafted,5,2024,Qtr 3,September,26,8.24,Undergraduate,Studying,1,TRUE,5
Math,Idea Drafted,2.3,2024,Qtr 3,September,26,24.99,Undergraduate,Writing,7,TRUE,3
Math,Idea Drafted,3.4,2024,Qtr 3,September,28,27.97,Graduate,Writing,6,TRUE,3
Math,Idea Drafted,5,2024,Qtr 3,September,28,6.2,Undergraduate,Writing,2,FALSE,5
Math,Idea Drafted,2.2,2024,Qtr 3,September,29,16.8,Graduate,Writing,5,TRUE,3
Math,Idea Drafted,1.4,2024,Qtr 3,September,29,21.82,High School,Homework Help,5,TRUE,3
Math,Idea Drafted,2.8,2024,Qtr 3,September,29,5.8,Undergraduate,Coding,1,FALSE,3
Math,Idea Drafted,4.3,2024,Qtr 4,October,2,34.48,Undergraduate,Writing,13,FALSE,4
Math,Idea Drafted,5,2024,Qtr 4,October,3,32.17,Graduate,Coding,9,TRUE,5
Math,Idea Drafted,2.7,2024,Qtr 4,October,3,24.6,Undergraduate,Writing,5,TRUE,2
Math,Idea Drafted,2.4,2024,Qtr 4,October,6,20.02,Undergraduate,Research,8,TRUE,3
Math,Idea Drafted,3.6,2024,Qtr 4,October,9,22.98,Undergraduate,Writing,7,TRUE,5
Math,Idea Drafted,2.3,2024,Qtr 4,October,10,17.98,Graduate,Writing,5,FALSE,3
Math,Idea Drafted,5,2024,Qtr 4,October,10,41.12,Undergraduate,Studying,10,TRUE,4
Math,Idea Drafted,4.7,2024,Qtr 4,October,14,3.8,High School,Coding,1,TRUE,4
Math,Idea Drafted,5,2024,Qtr 4,October,15,8.91,Undergraduate,Writing,3,FALSE,5
Math,Idea Drafted,4.7,2024,Qtr 4,October,16,27.3,Undergraduate,Coding,6,TRUE,4
Math,Idea Drafted,1.5,2024,Qtr 4,October,17,4.84,Undergraduate,Studying,1,TRUE,2
Math,Idea Drafted,4.7,2024,Qtr 4,October,18,10.72,Graduate,Studying,2,FALSE,5
Math,Idea Drafted,2.7,2024,Qtr 4,October,19,18.15,High School,Writing,5,FALSE,1
Math,Idea Drafted,4.7,2024,Qtr 4,October,23,18.75,Undergraduate,Writing,7,FALSE,5
Math,Idea Drafted,5,2024,Qtr 4,October,23,26.07,Undergraduate,Writing,6,TRUE,4
Math,Idea Drafted,2.2,2024,Qtr 4,October,24,16.84,Graduate,Studying,4,FALSE,3
Math,Idea Drafted,4.3,2024,Qtr 4,October,24,25.56,High School,Studying,10,FALSE,4
Math,Idea Drafted,2.7,2024,Qtr 4,October,25,11.17,Undergraduate,Studying,3,TRUE,4
Math,Idea Drafted,2.9,2024,Qtr 4,October,26,1.5,Undergraduate,Writing,1,TRUE,3
Math,Idea Drafted,4,2024,Qtr 4,October,27,16.45,Undergraduate,Homework Help,7,TRUE,4
Math,Idea Drafted,4.4,2024,Qtr 4,October,27,32.51,Undergraduate,Studying,9,TRUE,7
Math,Idea Drafted,3.7,2024,Qtr 4,October,29,29.75,Graduate,Writing,6,TRUE,3
Math,Idea Drafted,4.1,2024,Qtr 4,October,30,48.94,Undergraduate,Writing,12,TRUE,4
Math,Idea Drafted,3.5,2024,Qtr 4,October,31,1.9,Undergraduate,Writing,1,TRUE,2
Math,Idea Drafted,4.7,2024,Qtr 4,November,2,27.56,Undergraduate,Writing,7,TRUE,3
Math,Idea Drafted,4.8,2024,Qtr 4,November,3,39.06,Undergraduate,Writing,14,TRUE,5
Math,Idea Drafted,3.5,2024,Qtr 4,November,4,6.08,Graduate,Writing,2,TRUE,3
Math,Idea Drafted,2,2024,Qtr 4,November,5,23.18,Undergraduate,Writing,9,TRUE,3
Math,Idea Drafted,3.6,2024,Qtr 4,November,6,9.85,Undergraduate,Studying,2,TRUE,4
Math,Idea Drafted,2.4,2024,Qtr 4,November,7,15.41,High School,Coding,4,FALSE,3
Math,Idea Drafted,4.8,2024,Qtr 4,November,8,28.61,Graduate,Writing,7,FALSE,3
Math,Idea Drafted,3.1,2024,Qtr 4,November,8,15.03,Undergraduate,Writing,3,TRUE,3
Math,Idea Drafted,8.9,2024,Qtr 4,November,9,45.12,Graduate,Studying,19,TRUE,7
Math,Idea Drafted,2.7,2024,Qtr 4,November,9,44.61,Undergraduate,Studying,15,FALSE,3
Math,Idea Drafted,3.2,2024,Qtr 4,November,9,28.76,Undergraduate,Studying,7,TRUE,4
Math,Idea Drafted,3.4,2024,Qtr 4,November,10,8.15,Graduate,Homework Help,1,TRUE,5
Math,Idea Drafted,1,2024,Qtr 4,November,10,20.09,Undergraduate,Writing,5,TRUE,2
Math,Idea Drafted,4.3,2024,Qtr 4,November,11,28.65,High School,Coding,8,TRUE,5
Math,Idea Drafted,2.8,2024,Qtr 4,November,11,31.16,Undergraduate,Writing,6,TRUE,3
Math,Idea Drafted,5,2024,Qtr 4,November,13,22.74,Undergraduate,Research,7,TRUE,5
Math,Idea Drafted,3.9,2024,Qtr 4,November,20,18.94,Graduate,Writing,6,TRUE,3
Math,Idea Drafted,4.4,2024,Qtr 4,November,20,51.88,High School,Brainstorming,15,TRUE,4
Math,Idea Drafted,2.4,2024,Qtr 4,November,21,27.25,Graduate,Writing,7,FALSE,2
Math,Idea Drafted,2,2024,Qtr 4,November,22,3.64,Undergraduate,Coding,1,FALSE,2
Math,Idea Drafted,4,2024,Qtr 4,November,23,28.42,Undergraduate,Homework Help,7,TRUE,4
Math,Idea Drafted,5,2024,Qtr 4,November,25,5.1,Undergraduate,Writing,1,FALSE,5
Math,Idea Drafted,5,2024,Qtr 4,November,27,10.2,High School,Studying,2,FALSE,5
Math,Idea Drafted,1.5,2024,Qtr 4,November,27,15.8,High School,Writing,5,TRUE,1
Math,Idea Drafted,3.7,2024,Qtr 4,November,28,40.11,Undergraduate,Coding,11,TRUE,4
Math,Idea Drafted,3.6,2024,Qtr 4,November,29,94.5,Graduate,Coding,25,TRUE,5
Math,Idea Drafted,5,2024,Qtr 4,November,30,8.76,High School,Writing,1,TRUE,5
Math,Idea Drafted,2.7,2024,Qtr 4,November,30,38.17,Undergraduate,Homework Help,9,TRUE,4
Math,Idea Drafted,3.2,2024,Qtr 4,December,8,7.05,Undergraduate,Writing,3,TRUE,3
Math,Idea Drafted,4.2,2024,Qtr 4,December,10,9.71,Undergraduate,Homework Help,3,TRUE,4
Math,Idea Drafted,1.6,2024,Qtr 4,December,10,50.08,Undergraduate,Research,12,TRUE,2
Math,Idea Drafted,3.8,2024,Qtr 4,December,11,18.86,Undergraduate,Writing,4,TRUE,4
Math,Idea Drafted,4.1,2024,Qtr 4,December,12,48.55,Undergraduate,Writing,14,FALSE,4
Math,Idea Drafted,1.6,2024,Qtr 4,December,15,9.56,Graduate,Writing,4,TRUE,3
Math,Idea Drafted,5,2024,Qtr 4,December,17,5.49,Undergraduate,Writing,2,TRUE,4
Math,Idea Drafted,3.6,2024,Qtr 4,December,18,10.05,Undergraduate,Writing,3,TRUE,4
Math,Idea Drafted,2.8,2024,Qtr 4,December,20,10.25,High School,Homework Help,2,TRUE,2
Math,Idea Drafted,1.6,2024,Qtr 4,December,20,5.29,Undergraduate,Homework Help,1,TRUE,3
Math,Idea Drafted,5,2024,Qtr 4,December,21,22.07,Undergraduate,Writing,5,TRUE,5
Math,Idea Drafted,4.5,2024,Qtr 4,December,22,20.49,Undergraduate,Coding,4,TRUE,3
Math,Idea Drafted,4,2024,Qtr 4,December,22,20.09,Undergraduate,Research,5,TRUE,4
Math,Idea Drafted,2.3,2024,Qtr 4,December,24,11.03,High School,Studying,2,TRUE,3
Math,Idea Drafted,5,2024,Qtr 4,December,25,15.52,Undergraduate,Coding,3,TRUE,4
Math,Idea Drafted,4.7,2024,Qtr 4,December,26,12.57,High School,Studying,3,TRUE,4
Math,Idea Drafted,4.1,2024,Qtr 4,December,27,14.18,High School,Coding,4,TRUE,3
Math,Idea Drafted,3.9,2024,Qtr 4,December,27,12.94,High School,Writing,3,FALSE,3
Math,Idea Drafted,1.6,2024,Qtr 4,December,27,4.17,Undergraduate,Writing,1,TRUE,3
Math,Idea Drafted,4.1,2024,Qtr 4,December,28,7.93,Undergraduate,Brainstorming,2,TRUE,4
Math,Idea Drafted,4.5,2024,Qtr 4,December,29,24.75,High School,Coding,6,TRUE,4
Math,Idea Drafted,1.2,2024,Qtr 4,December,31,13.98,Undergraduate,Writing,3,FALSE,2
Math,Idea Drafted,2.9,2025,Qtr 1,January,1,34.3,Undergraduate,Homework Help,7,TRUE,3
Math,Idea Drafted,2.8,2025,Qtr 1,January,1,33.1,Undergraduate,Writing,15,FALSE,3
Math,Idea Drafted,2.8,2025,Qtr 1,January,2,1.48,Undergraduate,Homework Help,1,TRUE,4
Math,Idea Drafted,4.8,2025,Qtr 1,January,4,9.22,Undergraduate,Coding,2,TRUE,4
Math,Idea Drafted,4.3,2025,Qtr 1,January,5,24.51,High School,Writing,6,TRUE,5
Math,Idea Drafted,4.3,2025,Qtr 1,January,9,14.2,Graduate,Homework Help,3,TRUE,3
Math,Idea Drafted,4.9,2025,Qtr 1,January,9,7.44,Undergraduate,Homework Help,1,TRUE,5
Math,Idea Drafted,4.3,2025,Qtr 1,January,9,19.72,Undergraduate,Writing,4,TRUE,4
Math,Idea Drafted,2.6,2025,Qtr 1,January,10,19.02,Graduate,Homework Help,7,TRUE,2
Math,Idea Drafted,2.6,2025,Qtr 1,January,12,41.65,Undergraduate,Studying,10,TRUE,3
Math,Idea Drafted,3,2025,Qtr 1,January,12,6.56,Undergraduate,Writing,2,FALSE,2
Math,Idea Drafted,3.8,2025,Qtr 1,January,13,42.13,High School,Homework Help,18,TRUE,4
Math,Idea Drafted,3.3,2025,Qtr 1,January,15,12.2,Undergraduate,Brainstorming,3,TRUE,2
Math,Idea Drafted,2.8,2025,Qtr 1,January,17,28.02,Graduate,Writing,6,TRUE,2
Math,Idea Drafted,5,2025,Qtr 1,January,17,32.52,Undergraduate,Coding,11,TRUE,5
Math,Idea Drafted,2.6,2025,Qtr 1,January,17,15.38,Undergraduate,Homework Help,6,TRUE,3
Math,Idea Drafted,2.5,2025,Qtr 1,January,19,3.93,Undergraduate,Studying,1,FALSE,3
Math,Idea Drafted,8.7,2025,Qtr 1,January,19,28.34,Undergraduate,Writing,9,TRUE,9
Math,Idea Drafted,3.9,2025,Qtr 1,January,20,16.51,Graduate,Coding,5,TRUE,4
Math,Idea Drafted,4.3,2025,Qtr 1,January,21,7.26,Undergraduate,Studying,2,FALSE,4
Math,Idea Drafted,4.5,2025,Qtr 1,January,21,99.57,Undergraduate,Studying,22,TRUE,5
Math,Idea Drafted,3.6,2025,Qtr 1,January,22,11.8,Graduate,Writing,2,TRUE,4
Math,Idea Drafted,5,2025,Qtr 1,January,25,28.2,Graduate,Homework Help,9,TRUE,5
Math,Idea Drafted,1.7,2025,Qtr 1,January,25,9.47,Undergraduate,Writing,2,FALSE,1
Math,Idea Drafted,4.1,2025,Qtr 1,January,26,17.76,Undergraduate,Brainstorming,3,FALSE,4
Math,Idea Drafted,4.1,2025,Qtr 1,January,26,22.2,Undergraduate,Studying,6,FALSE,4
Math,Idea Drafted,4.3,2025,Qtr 1,January,28,64.14,Undergraduate,Studying,15,FALSE,4
Math,Idea Drafted,1,2025,Qtr 1,February,1,27.89,Undergraduate,Writing,12,TRUE,2
Math,Idea Drafted,4.2,2025,Qtr 1,February,3,7.54,High School,Studying,2,TRUE,4
Math,Idea Drafted,3.7,2025,Qtr 1,February,7,34.6,Graduate,Research,7,TRUE,3
Math,Idea Drafted,3.3,2025,Qtr 1,February,7,42.41,Undergraduate,Research,20,TRUE,3
Math,Idea Drafted,3.5,2025,Qtr 1,February,9,61.94,Graduate,Homework Help,14,FALSE,4
Math,Idea Drafted,4.3,2025,Qtr 1,February,9,11.54,Graduate,Studying,2,TRUE,4
Math,Idea Drafted,3.3,2025,Qtr 1,February,9,12.92,High School,Writing,4,TRUE,4
Math,Idea Drafted,2.9,2025,Qtr 1,February,10,12.51,Undergraduate,Coding,2,TRUE,3
Math,Idea Drafted,3,2025,Qtr 1,February,12,3.49,High School,Studying,1,FALSE,4
Math,Idea Drafted,3.9,2025,Qtr 1,February,13,12.88,Undergraduate,Writing,2,TRUE,4
Math,Idea Drafted,4.9,2025,Qtr 1,February,15,4.35,Graduate,Writing,1,TRUE,5
Math,Idea Drafted,4.8,2025,Qtr 1,February,15,29.27,Undergraduate,Studying,6,FALSE,4
Math,Idea Drafted,5,2025,Qtr 1,February,15,12.76,Undergraduate,Studying,4,TRUE,4
Math,Idea Drafted,3.9,2025,Qtr 1,February,17,5.56,High School,Studying,2,TRUE,4
Math,Idea Drafted,2.7,2025,Qtr 1,February,18,15.06,Undergraduate,Homework Help,5,TRUE,3
Math,Idea Drafted,3.8,2025,Qtr 1,February,19,18.97,Undergraduate,Brainstorming,4,TRUE,3
Math,Idea Drafted,5,2025,Qtr 1,February,20,2.81,Undergraduate,Brainstorming,1,TRUE,3
Math,Idea Drafted,5,2025,Qtr 1,February,20,4.9,Undergraduate,Homework Help,1,TRUE,4
Math,Idea Drafted,3.5,2025,Qtr 1,February,20,5.75,Undergraduate,Writing,2,TRUE,4
Math,Idea Drafted,2.6,2025,Qtr 1,February,21,1.21,High School,Coding,1,TRUE,3
Math,Idea Drafted,4.7,2025,Qtr 1,February,23,5.97,Undergraduate,Writing,2,TRUE,5
Math,Idea Drafted,2.6,2025,Qtr 1,February,24,6.22,Graduate,Homework Help,1,TRUE,3
Math,Idea Drafted,3.2,2025,Qtr 1,February,24,5.42,Undergraduate,Writing,2,TRUE,3
Math,Idea Drafted,2.8,2025,Qtr 1,February,25,30.98,Undergraduate,Writing,11,TRUE,4
Math,Idea Drafted,2.3,2025,Qtr 1,February,27,7.75,Graduate,Coding,1,TRUE,3
Math,Idea Drafted,5,2025,Qtr 1,February,27,21.28,High School,Writing,4,TRUE,5
Math,Idea Drafted,4.8,2025,Qtr 1,February,27,2.79,Undergraduate,Studying,1,TRUE,4
Math,Idea Drafted,3.6,2025,Qtr 1,February,28,43.03,High School,Coding,17,TRUE,3
Math,Idea Drafted,2.1,2025,Qtr 1,February,28,4.3,Undergraduate,Studying,1,FALSE,2
Math,Idea Drafted,4.1,2025,Qtr 1,March,1,32.47,High School,Research,10,TRUE,4
Math,Idea Drafted,5,2025,Qtr 1,March,3,15.22,Graduate,Studying,3,TRUE,4
Math,Idea Drafted,1.8,2025,Qtr 1,March,3,31.58,Undergraduate,Coding,6,TRUE,2
Math,Idea Drafted,3.8,2025,Qtr 1,March,3,9.05,Undergraduate,Homework Help,1,TRUE,3
Math,Idea Drafted,4.2,2025,Qtr 1,March,5,17.31,Graduate,Writing,4,TRUE,4
Math,Idea Drafted,3,2025,Qtr 1,March,5,13.43,Undergraduate,Studying,2,TRUE,3
Math,Idea Drafted,3.6,2025,Qtr 1,March,7,14.16,Undergraduate,Research,4,TRUE,4
Math,Idea Drafted,3.1,2025,Qtr 1,March,7,8.29,Undergraduate,Writing,3,FALSE,3
Math,Idea Drafted,4.6,2025,Qtr 1,March,8,27.47,Undergraduate,Writing,9,TRUE,5
Math,Idea Drafted,4.6,2025,Qtr 1,March,12,6.55,Undergraduate,Writing,2,TRUE,4
Math,Idea Drafted,4.9,2025,Qtr 1,March,14,31.07,Undergraduate,Brainstorming,7,FALSE,5
Math,Idea Drafted,2.8,2025,Qtr 1,March,15,13.34,Undergraduate,Research,5,TRUE,3
Math,Idea Drafted,5,2025,Qtr 1,March,15,34.92,Undergraduate,Studying,15,FALSE,5
Math,Idea Drafted,4.5,2025,Qtr 1,March,15,15.75,Undergraduate,Writing,6,FALSE,3
Math,Idea Drafted,2.6,2025,Qtr 1,March,17,31.4,High School,Brainstorming,6,TRUE,2
Math,Idea Drafted,7,2025,Qtr 1,March,20,62.85,Undergraduate,Studying,16,FALSE,8
Math,Idea Drafted,2.9,2025,Qtr 1,March,21,24.85,Undergraduate,Studying,6,FALSE,4
Math,Idea Drafted,1,2025,Qtr 1,March,23,16.47,High School,Studying,3,TRUE,1
Math,Idea Drafted,4.1,2025,Qtr 1,March,23,13.23,High School,Writing,3,TRUE,4
Math,Idea Drafted,5,2025,Qtr 1,March,23,9.46,Undergraduate,Writing,3,TRUE,5
Math,Idea Drafted,5,2025,Qtr 1,March,27,38.4,High School,Homework Help,16,FALSE,4
Math,Idea Drafted,1.6,2025,Qtr 1,March,27,32.54,Undergraduate,Homework Help,7,TRUE,2
Math,Idea Drafted,1.2,2025,Qtr 1,March,28,6.1,Undergraduate,Studying,2,TRUE,2
Math,Idea Drafted,4.5,2025,Qtr 1,March,30,4.89,High School,Writing,1,FALSE,4
Math,Idea Drafted,4.2,2025,Qtr 2,April,1,3.62,Undergraduate,Brainstorming,1,TRUE,4
Math,Idea Drafted,3.3,2025,Qtr 2,April,3,64.86,Undergraduate,Coding,16,TRUE,3
Math,Idea Drafted,4.9,2025,Qtr 2,April,3,48.17,Undergraduate,Writing,22,FALSE,4
Math,Idea Drafted,4.7,2025,Qtr 2,April,4,12.91,Undergraduate,Homework Help,3,TRUE,4
Math,Idea Drafted,2.8,2025,Qtr 2,April,5,11.02,Undergraduate,Studying,3,TRUE,3
Math,Idea Drafted,3.2,2025,Qtr 2,April,6,44.95,Undergraduate,Brainstorming,19,TRUE,3
Math,Idea Drafted,1,2025,Qtr 2,April,8,8.65,Undergraduate,Writing,3,TRUE,2
Math,Idea Drafted,2.3,2025,Qtr 2,April,10,44.86,High School,Coding,14,TRUE,3
Math,Idea Drafted,4,2025,Qtr 2,April,11,28.7,Undergraduate,Homework Help,13,TRUE,4
Math,Idea Drafted,2.9,2025,Qtr 2,April,11,11.3,Undergraduate,Studying,2,TRUE,3
Math,Idea Drafted,2.3,2025,Qtr 2,April,11,3.04,Undergraduate,Writing,1,TRUE,3
Math,Idea Drafted,3.6,2025,Qtr 2,April,12,44.02,Graduate,Brainstorming,21,TRUE,4
Math,Idea Drafted,5,2025,Qtr 2,April,12,44.38,High School,Writing,19,TRUE,4
Math,Idea Drafted,1.7,2025,Qtr 2,April,12,10.94,Undergraduate,Writing,4,FALSE,2
Math,Idea Drafted,4.7,2025,Qtr 2,April,13,19.11,Graduate,Studying,3,TRUE,4
Math,Idea Drafted,3.9,2025,Qtr 2,April,14,40.33,Graduate,Homework Help,9,TRUE,3
Math,Idea Drafted,1.8,2025,Qtr 2,April,14,33.12,Undergraduate,Homework Help,10,TRUE,2
Math,Idea Drafted,4.6,2025,Qtr 2,April,16,30.21,High School,Coding,6,TRUE,5
Math,Idea Drafted,3,2025,Qtr 2,April,16,18.55,Undergraduate,Coding,5,TRUE,4
Math,Idea Drafted,2,2025,Qtr 2,April,16,35.82,Undergraduate,Studying,10,TRUE,2
Math,Idea Drafted,4,2025,Qtr 2,April,18,9.95,High School,Research,2,TRUE,3
Math,Idea Drafted,6.5,2025,Qtr 2,April,19,24.74,Undergraduate,Writing,4,TRUE,6
Math,Idea Drafted,4.2,2025,Qtr 2,April,20,15.73,Graduate,Studying,4,TRUE,4
Math,Idea Drafted,3.9,2025,Qtr 2,April,20,32.12,Undergraduate,Brainstorming,10,TRUE,5
Math,Idea Drafted,2.3,2025,Qtr 2,April,22,20.64,Undergraduate,Research,5,TRUE,3
Math,Idea Drafted,2.5,2025,Qtr 2,April,22,12.24,Undergraduate,Studying,2,FALSE,3
Math,Idea Drafted,5,2025,Qtr 2,April,22,3.86,Undergraduate,Writing,1,TRUE,5
Math,Idea Drafted,1,2025,Qtr 2,April,23,10.33,Undergraduate,Writing,3,TRUE,2
Math,Idea Drafted,5,2025,Qtr 2,April,24,37.63,Undergraduate,Studying,17,FALSE,5
Math,Idea Drafted,5,2025,Qtr 2,April,24,10.97,Undergraduate,Writing,2,TRUE,4
Math,Idea Drafted,3.1,2025,Qtr 2,April,25,22.34,Undergraduate,Studying,6,TRUE,2
Math,Idea Drafted,3.5,2025,Qtr 2,April,28,5.13,Graduate,Writing,1,FALSE,3
Math,Idea Drafted,3.6,2025,Qtr 2,April,28,17,Undergraduate,Writing,8,FALSE,4
Math,Idea Drafted,3.4,2025,Qtr 2,April,28,9.24,Undergraduate,Writing,3,TRUE,4
Math,Idea Drafted,4.9,2025,Qtr 2,April,29,15.81,High School,Research,3,TRUE,4
Math,Idea Drafted,3.9,2025,Qtr 2,April,30,13.91,High School,Brainstorming,5,TRUE,3
Math,Idea Drafted,1.8,2025,Qtr 2,May,2,29,Graduate,Writing,6,TRUE,3
Math,Idea Drafted,4,2025,Qtr 2,May,2,13.5,Undergraduate,Coding,3,TRUE,4
Math,Idea Drafted,1.4,2025,Qtr 2,May,3,3.82,Graduate,Research,1,TRUE,1
Math,Idea Drafted,1.8,2025,Qtr 2,May,3,13.61,Undergraduate,Homework Help,2,TRUE,2
Math,Idea Drafted,5,2025,Qtr 2,May,3,23.05,Undergraduate,Writing,5,TRUE,5
Math,Idea Drafted,2.2,2025,Qtr 2,May,4,7.14,Graduate,Writing,1,TRUE,3
Math,Idea Drafted,3.5,2025,Qtr 2,May,4,16.08,High School,Writing,3,TRUE,4
Math,Idea Drafted,4.7,2025,Qtr 2,May,6,24.06,High School,Studying,9,TRUE,4
Math,Idea Drafted,4.9,2025,Qtr 2,May,7,12.57,Graduate,Writing,2,TRUE,5
Math,Idea Drafted,5,2025,Qtr 2,May,7,7.07,Undergraduate,Homework Help,2,TRUE,5
Math,Idea Drafted,2.2,2025,Qtr 2,May,8,21.78,Undergraduate,Studying,10,TRUE,3
Math,Idea Drafted,3.3,2025,Qtr 2,May,9,11.62,Graduate,Writing,3,TRUE,3
Math,Idea Drafted,4,2025,Qtr 2,May,9,16.16,High School,Brainstorming,5,TRUE,4
Math,Idea Drafted,3.7,2025,Qtr 2,May,11,48.35,Undergraduate,Writing,12,TRUE,4
Math,Idea Drafted,7.4,2025,Qtr 2,May,13,40.23,High School,Writing,8,TRUE,7
Math,Idea Drafted,8.5,2025,Qtr 2,May,13,34.64,Undergraduate,Writing,7,TRUE,9
Math,Idea Drafted,5,2025,Qtr 2,May,14,5.85,Undergraduate,Brainstorming,1,TRUE,5
Math,Idea Drafted,1,2025,Qtr 2,May,14,17.28,Undergraduate,Research,5,TRUE,1
Math,Idea Drafted,1,2025,Qtr 2,May,15,15.41,Graduate,Brainstorming,4,TRUE,3
Math,Idea Drafted,3.5,2025,Qtr 2,May,15,26.66,High School,Writing,6,FALSE,4
Math,Idea Drafted,1,2025,Qtr 2,May,16,14.4,Undergraduate,Writing,3,TRUE,1
Math,Idea Drafted,1.8,2025,Qtr 2,May,17,6.06,Graduate,Homework Help,1,TRUE,3
Math,Idea Drafted,3.8,2025,Qtr 2,May,18,23.79,Graduate,Homework Help,8,TRUE,3
Math,Idea Drafted,3.4,2025,Qtr 2,May,19,17.44,Undergraduate,Writing,7,TRUE,3
Math,Idea Drafted,2,2025,Qtr 2,May,20,9.09,Undergraduate,Brainstorming,2,TRUE,2
Math,Idea Drafted,3.7,2025,Qtr 2,May,22,8.41,Graduate,Homework Help,1,TRUE,3
Math,Idea Drafted,3.7,2025,Qtr 2,May,22,9.17,Undergraduate,Writing,2,TRUE,4
Math,Idea Drafted,4.7,2025,Qtr 2,May,24,21.62,Undergraduate,Writing,4,FALSE,4
Math,Idea Drafted,1.8,2025,Qtr 2,May,25,9.99,Undergraduate,Writing,4,TRUE,2
Math,Idea Drafted,1.8,2025,Qtr 2,May,26,10.75,Graduate,Research,4,FALSE,2
Math,Idea Drafted,4.8,2025,Qtr 2,May,26,24.85,Undergraduate,Writing,5,TRUE,4
Math,Idea Drafted,3.7,2025,Qtr 2,May,27,18.37,Undergraduate,Homework Help,3,TRUE,4
Math,Idea Drafted,3.7,2025,Qtr 2,May,28,17.75,Undergraduate,Homework Help,6,FALSE,4
Math,Idea Drafted,4.7,2025,Qtr 2,May,28,21.41,Undergraduate,Writing,9,TRUE,4
Math,Idea Drafted,3.8,2025,Qtr 2,May,29,19.44,Undergraduate,Brainstorming,7,TRUE,4
Math,Idea Drafted,1.6,2025,Qtr 2,June,1,14.36,High School,Studying,4,TRUE,2
Math,Idea Drafted,3.3,2025,Qtr 2,June,2,3.92,Undergraduate,Writing,1,TRUE,4
Math,Idea Drafted,2.4,2025,Qtr 2,June,3,2.99,Graduate,Coding,1,TRUE,3
Math,Idea Drafted,3.7,2025,Qtr 2,June,4,10.68,High School,Writing,4,TRUE,4
Math,Idea Drafted,3.8,2025,Qtr 2,June,4,9.94,Undergraduate,Homework Help,2,TRUE,3
Math,Idea Drafted,1.4,2025,Qtr 2,June,5,12.11,High School,Homework Help,2,TRUE,2
Math,Idea Drafted,2.9,2025,Qtr 2,June,8,6.2,Graduate,Studying,2,TRUE,2
Math,Idea Drafted,2.5,2025,Qtr 2,June,8,8.6,Undergraduate,Research,1,TRUE,1
Math,Idea Drafted,5.3,2025,Qtr 2,June,8,64.86,Undergraduate,Writing,14,TRUE,5
Math,Idea Drafted,5,2025,Qtr 2,June,9,9.6,Graduate,Studying,2,FALSE,5
Math,Idea Drafted,1.8,2025,Qtr 2,June,9,6.11,High School,Writing,1,TRUE,2
Math,Idea Drafted,1.3,2025,Qtr 2,June,10,19.99,Undergraduate,Coding,4,TRUE,3
Math,Idea Drafted,5,2025,Qtr 2,June,10,5.48,Undergraduate,Writing,1,TRUE,5
Math,Idea Drafted,4.4,2025,Qtr 2,June,12,25.9,Undergraduate,Coding,6,TRUE,4
Math,Idea Drafted,5,2025,Qtr 2,June,13,13.52,High School,Homework Help,3,TRUE,5
Math,Idea Drafted,2.3,2025,Qtr 2,June,14,12.88,High School,Studying,4,FALSE,2
Math,Idea Drafted,3.6,2025,Qtr 2,June,15,5.5,Undergraduate,Studying,2,TRUE,4
Math,Idea Drafted,8.7,2025,Qtr 2,June,15,35.25,Undergraduate,Writing,7,TRUE,10
Math,Idea Drafted,1.6,2025,Qtr 2,June,17,39.32,Undergraduate,Homework Help,15,TRUE,1
Math,Idea Drafted,2.5,2025,Qtr 2,June,17,21.22,Undergraduate,Writing,6,TRUE,3
Math,Idea Drafted,2.8,2025,Qtr 2,June,22,12.37,Undergraduate,Homework Help,5,TRUE,2
Math,Idea Drafted,4.7,2025,Qtr 2,June,22,7.57,Undergraduate,Writing,1,FALSE,4
Math,Idea Drafted,5,2025,Qtr 2,June,23,32.82,Undergraduate,Brainstorming,14,TRUE,4
Math,Idea Drafted,4,2025,Qtr 2,June,24,15.95,Graduate,Coding,7,TRUE,4
Math,Idea Drafted,3.9,2025,Qtr 2,June,24,13.49,Graduate,Writing,3,FALSE,5
Psychology,Assignment Completed,4.2,2024,Qtr 2,June,24,10.83,Graduate,Homework Help,3,TRUE,4
Psychology,Assignment Completed,2.9,2024,Qtr 2,June,24,12.71,Undergraduate,Homework Help,4,TRUE,3
Psychology,Assignment Completed,1,2024,Qtr 2,June,24,14.29,Undergraduate,Writing,6,TRUE,3
Psychology,Assignment Completed,3.1,2024,Qtr 2,June,25,15.49,Undergraduate,Coding,6,TRUE,3
Psychology,Assignment Completed,2.8,2024,Qtr 2,June,25,5.61,Undergraduate,Homework Help,1,TRUE,4
Psychology,Assignment Completed,2.7,2024,Qtr 2,June,26,7.94,High School,Homework Help,2,TRUE,3
Psychology,Assignment Completed,3.8,2024,Qtr 2,June,26,38.82,High School,Studying,9,TRUE,3
Psychology,Assignment Completed,4,2024,Qtr 2,June,26,28.53,Undergraduate,Homework Help,8,TRUE,3
Psychology,Assignment Completed,2.1,2024,Qtr 2,June,26,4.79,Undergraduate,Writing,1,TRUE,2
Psychology,Assignment Completed,5,2024,Qtr 2,June,28,5.85,High School,Writing,1,TRUE,5
Psychology,Assignment Completed,1.4,2024,Qtr 2,June,28,17.73,Undergraduate,Studying,4,FALSE,2
Psychology,Assignment Completed,2.9,2024,Qtr 2,June,29,28.42,High School,Homework Help,9,TRUE,1
Psychology,Assignment Completed,4.7,2024,Qtr 2,June,30,5.29,High School,Studying,1,TRUE,4
Psychology,Assignment Completed,3.1,2024,Qtr 3,July,1,18.43,High School,Homework Help,4,TRUE,4
Psychology,Assignment Completed,1,2024,Qtr 3,July,2,35.52,Graduate,Writing,11,TRUE,1
Psychology,Assignment Completed,4.4,2024,Qtr 3,July,2,3.57,High School,Writing,1,TRUE,3
Psychology,Assignment Completed,4.1,2024,Qtr 3,July,2,12.55,Undergraduate,Homework Help,4,TRUE,5
Psychology,Assignment Completed,6.6,2024,Qtr 3,July,3,34.92,Graduate,Writing,12,FALSE,7
Psychology,Assignment Completed,3.5,2024,Qtr 3,July,3,57.78,High School,Coding,22,TRUE,4
Psychology,Assignment Completed,2.3,2024,Qtr 3,July,3,12.23,Undergraduate,Writing,4,TRUE,3
Psychology,Assignment Completed,4.4,2024,Qtr 3,July,4,25.74,Graduate,Studying,11,FALSE,4
Psychology,Assignment Completed,5,2024,Qtr 3,July,4,17.84,High School,Coding,5,FALSE,5
Psychology,Assignment Completed,4.6,2024,Qtr 3,July,4,20.48,Undergraduate,Coding,4,FALSE,5
Psychology,Assignment Completed,3,2024,Qtr 3,July,4,21.18,Undergraduate,Writing,5,TRUE,4
Psychology,Assignment Completed,5,2024,Qtr 3,July,6,9.12,Undergraduate,Studying,2,TRUE,3
Psychology,Assignment Completed,6.5,2024,Qtr 3,July,7,35.43,Undergraduate,Homework Help,9,TRUE,6
Psychology,Assignment Completed,7.3,2024,Qtr 3,July,7,43.8,Undergraduate,Studying,17,TRUE,8
Psychology,Assignment Completed,4.1,2024,Qtr 3,July,8,11.88,Undergraduate,Coding,3,TRUE,5
Psychology,Assignment Completed,3.9,2024,Qtr 3,July,8,6.36,Undergraduate,Writing,3,TRUE,4
Psychology,Assignment Completed,4.9,2024,Qtr 3,July,9,16.89,High School,Writing,5,FALSE,3
Psychology,Assignment Completed,2.8,2024,Qtr 3,July,9,37.96,High School,Writing,10,TRUE,3
Psychology,Assignment Completed,1,2024,Qtr 3,July,9,9.85,Undergraduate,Coding,2,FALSE,2
Psychology,Assignment Completed,3.2,2024,Qtr 3,July,9,15.59,Undergraduate,Writing,4,TRUE,3
Psychology,Assignment Completed,2.1,2024,Qtr 3,July,10,13.82,Graduate,Coding,4,TRUE,3
Psychology,Assignment Completed,3.7,2024,Qtr 3,July,10,8.5,Undergraduate,Coding,1,TRUE,3
Psychology,Assignment Completed,3.8,2024,Qtr 3,July,10,5.2,Undergraduate,Homework Help,1,TRUE,2
Psychology,Assignment Completed,3.6,2024,Qtr 3,July,10,28.89,Undergraduate,Writing,11,TRUE,3
Psychology,Assignment Completed,3.4,2024,Qtr 3,July,11,27.01,Undergraduate,Coding,6,TRUE,3
Psychology,Assignment Completed,3.5,2024,Qtr 3,July,12,18.52,Graduate,Studying,5,TRUE,5
Psychology,Assignment Completed,6.2,2024,Qtr 3,July,12,15.1,Undergraduate,Coding,3,TRUE,7
Psychology,Assignment Completed,2.3,2024,Qtr 3,July,12,2.68,Undergraduate,Writing,1,FALSE,3
Psychology,Assignment Completed,4.8,2024,Qtr 3,July,13,3.22,Graduate,Homework Help,1,TRUE,5
Psychology,Assignment Completed,3.5,2024,Qtr 3,July,13,31.15,Undergraduate,Research,10,TRUE,4
Psychology,Assignment Completed,3.7,2024,Qtr 3,July,13,13.54,Undergraduate,Writing,3,FALSE,3
Psychology,Assignment Completed,2.1,2024,Qtr 3,July,13,15.08,Undergraduate,Writing,3,TRUE,3
Psychology,Assignment Completed,3.7,2024,Qtr 3,July,16,10.33,High School,Homework Help,2,TRUE,3
Psychology,Assignment Completed,5,2024,Qtr 3,July,17,20.83,Undergraduate,Coding,6,TRUE,4
Psychology,Assignment Completed,2.4,2024,Qtr 3,July,17,29.17,Undergraduate,Homework Help,11,TRUE,2
Psychology,Assignment Completed,1,2024,Qtr 3,July,18,21.65,Undergraduate,Coding,7,TRUE,2
Psychology,Assignment Completed,4.9,2024,Qtr 3,July,19,14.83,Undergraduate,Coding,5,TRUE,5
Psychology,Assignment Completed,9.1,2024,Qtr 3,July,19,31.98,Undergraduate,Writing,12,TRUE,10
Psychology,Assignment Completed,1.7,2024,Qtr 3,July,20,17.97,Graduate,Homework Help,6,TRUE,3
Psychology,Assignment Completed,8.5,2024,Qtr 3,July,20,44.84,Undergraduate,Studying,8,TRUE,7
Psychology,Assignment Completed,3,2024,Qtr 3,July,20,7.01,Undergraduate,Writing,1,TRUE,3
Psychology,Assignment Completed,4.1,2024,Qtr 3,July,21,14.49,High School,Studying,3,TRUE,4
Psychology,Assignment Completed,5,2024,Qtr 3,July,22,30.31,Graduate,Brainstorming,10,TRUE,4
Psychology,Assignment Completed,3.5,2024,Qtr 3,July,22,18.58,Undergraduate,Studying,5,TRUE,3
Psychology,Assignment Completed,2.2,2024,Qtr 3,July,23,42.94,Undergraduate,Brainstorming,9,TRUE,3
Psychology,Assignment Completed,2.2,2024,Qtr 3,July,23,29.42,Undergraduate,Homework Help,6,FALSE,3
Psychology,Assignment Completed,2.6,2024,Qtr 3,July,24,23.15,Undergraduate,Studying,11,FALSE,3
Psychology,Assignment Completed,1,2024,Qtr 3,July,25,28.5,Graduate,Studying,11,FALSE,1
Psychology,Assignment Completed,3.7,2024,Qtr 3,July,26,17.67,Undergraduate,Coding,6,TRUE,3
Psychology,Assignment Completed,1,2024,Qtr 3,July,26,22.42,Undergraduate,Homework Help,4,TRUE,2
Psychology,Assignment Completed,4.9,2024,Qtr 3,July,28,18.03,Graduate,Homework Help,8,FALSE,4
Psychology,Assignment Completed,3.7,2024,Qtr 3,July,29,17.32,High School,Studying,4,TRUE,4
Psychology,Assignment Completed,5.7,2024,Qtr 3,July,29,67.07,Undergraduate,Homework Help,24,TRUE,6
Psychology,Assignment Completed,4.1,2024,Qtr 3,July,30,41.2,High School,Homework Help,16,TRUE,3
Psychology,Assignment Completed,2.8,2024,Qtr 3,July,30,10.41,Undergraduate,Writing,2,TRUE,4
Psychology,Assignment Completed,4.5,2024,Qtr 3,July,31,10.35,Undergraduate,Homework Help,2,TRUE,4
Psychology,Assignment Completed,3.1,2024,Qtr 3,July,31,10.05,Undergraduate,Writing,2,FALSE,3
Psychology,Assignment Completed,3.8,2024,Qtr 3,August,2,25.62,High School,Coding,9,FALSE,5
Psychology,Assignment Completed,2,2024,Qtr 3,August,3,14.13,High School,Coding,5,TRUE,2
Psychology,Assignment Completed,3.3,2024,Qtr 3,August,3,16.28,Undergraduate,Coding,3,TRUE,3
Psychology,Assignment Completed,3.4,2024,Qtr 3,August,3,13.92,Undergraduate,Studying,3,FALSE,3
Psychology,Assignment Completed,1.1,2024,Qtr 3,August,3,15.21,Undergraduate,Writing,7,TRUE,2
Psychology,Assignment Completed,3.2,2024,Qtr 3,August,5,10.53,Graduate,Coding,2,TRUE,4
Psychology,Assignment Completed,1.7,2024,Qtr 3,August,5,5.93,High School,Coding,1,TRUE,4
Psychology,Assignment Completed,4.1,2024,Qtr 3,August,5,20.05,Undergraduate,Coding,6,TRUE,3
Psychology,Assignment Completed,2.3,2024,Qtr 3,August,5,20.59,Undergraduate,Writing,8,FALSE,3
Psychology,Assignment Completed,1.7,2024,Qtr 3,August,6,21.23,Graduate,Writing,4,TRUE,3
Psychology,Assignment Completed,4.2,2024,Qtr 3,August,6,22.12,Undergraduate,Homework Help,7,FALSE,4
Psychology,Assignment Completed,1,2024,Qtr 3,August,6,39.78,Undergraduate,Studying,10,TRUE,1
Psychology,Assignment Completed,5,2024,Qtr 3,August,7,4.31,Graduate,Writing,1,TRUE,5
Psychology,Assignment Completed,5,2024,Qtr 3,August,7,35.46,Undergraduate,Writing,11,TRUE,4
Psychology,Assignment Completed,3.2,2024,Qtr 3,August,8,48.2,Graduate,Brainstorming,18,FALSE,4
Psychology,Assignment Completed,5,2024,Qtr 3,August,8,30.8,High School,Homework Help,6,TRUE,4
Psychology,Assignment Completed,1.5,2024,Qtr 3,August,8,10.53,Undergraduate,Coding,2,TRUE,1
Psychology,Assignment Completed,5.3,2024,Qtr 3,August,8,59.17,Undergraduate,Studying,16,TRUE,8
Psychology,Assignment Completed,3.2,2024,Qtr 3,August,9,2.94,High School,Writing,1,FALSE,3
Psychology,Assignment Completed,6.9,2024,Qtr 3,August,9,31.85,Undergraduate,Writing,10,TRUE,7
Psychology,Assignment Completed,3.9,2024,Qtr 3,August,10,12.77,Undergraduate,Coding,3,TRUE,4
Psychology,Assignment Completed,3.4,2024,Qtr 3,August,10,10.93,Undergraduate,Homework Help,5,TRUE,3
Psychology,Assignment Completed,4.6,2024,Qtr 3,August,10,18.38,Undergraduate,Writing,4,TRUE,5
Psychology,Assignment Completed,5,2024,Qtr 3,August,11,35.32,Graduate,Homework Help,7,TRUE,5
Psychology,Assignment Completed,3.5,2024,Qtr 3,August,12,14.94,Undergraduate,Writing,4,FALSE,4
Psychology,Assignment Completed,3.8,2024,Qtr 3,August,12,3.27,Undergraduate,Writing,1,TRUE,3
Psychology,Assignment Completed,4.9,2024,Qtr 3,August,13,19.44,Graduate,Homework Help,6,TRUE,4
Psychology,Assignment Completed,6.7,2024,Qtr 3,August,14,59.96,Undergraduate,Homework Help,12,TRUE,6
Psychology,Assignment Completed,5,2024,Qtr 3,August,15,49.67,High School,Writing,10,FALSE,5
Psychology,Assignment Completed,3.8,2024,Qtr 3,August,15,18.61,Undergraduate,Writing,5,TRUE,4
Psychology,Assignment Completed,1.7,2024,Qtr 3,August,17,6.29,Undergraduate,Brainstorming,2,TRUE,2
Psychology,Assignment Completed,7.6,2024,Qtr 3,August,17,31.93,Undergraduate,Homework Help,8,TRUE,8
Psychology,Assignment Completed,1.1,2024,Qtr 3,August,17,18.34,Undergraduate,Writing,7,TRUE,2
Psychology,Assignment Completed,5,2024,Qtr 3,August,18,13.72,Graduate,Writing,5,TRUE,4
Psychology,Assignment Completed,5,2024,Qtr 3,August,18,30.52,Undergraduate,Coding,6,TRUE,5
Psychology,Assignment Completed,4.7,2024,Qtr 3,August,19,4.34,Graduate,Coding,1,TRUE,4
Psychology,Assignment Completed,1.3,2024,Qtr 3,August,20,40.15,Graduate,Studying,18,TRUE,1
Psychology,Assignment Completed,3.2,2024,Qtr 3,August,20,22.26,High School,Homework Help,8,TRUE,3
Psychology,Assignment Completed,4.5,2024,Qtr 3,August,21,12,Graduate,Coding,4,TRUE,4
Psychology,Assignment Completed,3.9,2024,Qtr 3,August,22,10.29,Graduate,Homework Help,4,TRUE,3
Psychology,Assignment Completed,4,2024,Qtr 3,August,22,39.93,High School,Homework Help,16,TRUE,4
Psychology,Assignment Completed,4.7,2024,Qtr 3,August,22,12.98,Undergraduate,Writing,6,TRUE,4
Psychology,Assignment Completed,4.5,2024,Qtr 3,August,23,24.67,Undergraduate,Coding,5,TRUE,4
Psychology,Assignment Completed,3.2,2024,Qtr 3,August,25,30.3,High School,Writing,10,TRUE,3
Psychology,Assignment Completed,3.6,2024,Qtr 3,August,25,38.78,Undergraduate,Coding,8,FALSE,4
Psychology,Assignment Completed,2,2024,Qtr 3,August,25,13.09,Undergraduate,Studying,6,TRUE,3
Psychology,Assignment Completed,3.5,2024,Qtr 3,August,26,15.97,Graduate,Homework Help,3,TRUE,3
Psychology,Assignment Completed,3.5,2024,Qtr 3,August,27,9.25,Undergraduate,Studying,2,TRUE,3
Psychology,Assignment Completed,3.1,2024,Qtr 3,August,28,36.58,Undergraduate,Homework Help,9,FALSE,3
Psychology,Assignment Completed,5,2024,Qtr 3,August,28,8.94,Undergraduate,Homework Help,2,TRUE,4
Psychology,Assignment Completed,2.9,2024,Qtr 3,August,29,57.16,Graduate,Brainstorming,11,FALSE,3
Psychology,Assignment Completed,3,2024,Qtr 3,August,29,1.2,Undergraduate,Coding,1,TRUE,4
Psychology,Assignment Completed,2.6,2024,Qtr 3,August,29,15.63,Undergraduate,Homework Help,3,TRUE,3
Psychology,Assignment Completed,3.8,2024,Qtr 3,August,31,30.29,Undergraduate,Homework Help,14,TRUE,3
Psychology,Assignment Completed,3.2,2024,Qtr 3,September,1,13.76,Undergraduate,Writing,2,FALSE,3
Psychology,Assignment Completed,1.8,2024,Qtr 3,September,2,35.39,Undergraduate,Coding,13,TRUE,3
Psychology,Assignment Completed,5,2024,Qtr 3,September,2,21.43,Undergraduate,Writing,6,TRUE,5
Psychology,Assignment Completed,4.4,2024,Qtr 3,September,3,10.57,Undergraduate,Coding,3,FALSE,4
Psychology,Assignment Completed,4.2,2024,Qtr 3,September,3,20.7,Undergraduate,Writing,4,FALSE,4
Psychology,Assignment Completed,2.9,2024,Qtr 3,September,4,19.1,Graduate,Writing,6,TRUE,3
Psychology,Assignment Completed,3.3,2024,Qtr 3,September,4,22.93,Undergraduate,Brainstorming,8,TRUE,3
Psychology,Assignment Completed,1.2,2024,Qtr 3,September,4,49.3,Undergraduate,Writing,16,TRUE,1
Psychology,Assignment Completed,4.8,2024,Qtr 3,September,5,33.16,Graduate,Coding,10,TRUE,4
Psychology,Assignment Completed,1.9,2024,Qtr 3,September,5,22.68,High School,Writing,11,TRUE,3
Psychology,Assignment Completed,2.8,2024,Qtr 3,September,5,13.97,Undergraduate,Homework Help,3,TRUE,3
Psychology,Assignment Completed,3.4,2024,Qtr 3,September,5,2.79,Undergraduate,Writing,1,TRUE,3
Psychology,Assignment Completed,5,2024,Qtr 3,September,6,34.76,Graduate,Studying,8,TRUE,5
Psychology,Assignment Completed,5,2024,Qtr 3,September,6,2.61,Graduate,Writing,1,TRUE,4
Psychology,Assignment Completed,2.2,2024,Qtr 3,September,6,24.71,Undergraduate,Writing,6,FALSE,3
Psychology,Assignment Completed,1,2024,Qtr 3,September,7,17.34,High School,Homework Help,5,TRUE,2
Psychology,Assignment Completed,4.8,2024,Qtr 3,September,8,2.54,High School,Writing,1,FALSE,4
Psychology,Assignment Completed,2.9,2024,Qtr 3,September,9,49.37,Graduate,Homework Help,11,TRUE,3
Psychology,Assignment Completed,3.8,2024,Qtr 3,September,10,10.96,Undergraduate,Homework Help,2,TRUE,4
Psychology,Assignment Completed,1.1,2024,Qtr 3,September,11,1.07,Graduate,Studying,1,TRUE,3
Psychology,Assignment Completed,1.4,2024,Qtr 3,September,12,38.7,Graduate,Coding,8,TRUE,2
Psychology,Assignment Completed,3.3,2024,Qtr 3,September,13,8.77,Graduate,Homework Help,2,TRUE,4
Psychology,Assignment Completed,4.9,2024,Qtr 3,September,13,7.27,Graduate,Writing,2,TRUE,5
Psychology,Assignment Completed,4.6,2024,Qtr 3,September,13,43.18,High School,Writing,11,TRUE,4
Psychology,Assignment Completed,1.9,2024,Qtr 3,September,14,47.22,High School,Studying,12,TRUE,2
Psychology,Assignment Completed,2.9,2024,Qtr 3,September,15,16.96,Undergraduate,Studying,8,TRUE,3
Psychology,Assignment Completed,3.4,2024,Qtr 3,September,15,24.52,Undergraduate,Writing,5,TRUE,3
Psychology,Assignment Completed,4.1,2024,Qtr 3,September,16,7.79,Graduate,Coding,2,FALSE,2
Psychology,Assignment Completed,2.7,2024,Qtr 3,September,16,14.38,Undergraduate,Coding,4,TRUE,4
Psychology,Assignment Completed,3.6,2024,Qtr 3,September,16,5.07,Undergraduate,Writing,1,TRUE,4
Psychology,Assignment Completed,2,2024,Qtr 3,September,17,11.64,Graduate,Homework Help,2,TRUE,2
Psychology,Assignment Completed,4.7,2024,Qtr 3,September,17,17.54,Graduate,Writing,4,TRUE,5
Psychology,Assignment Completed,4,2024,Qtr 3,September,17,28.36,High School,Research,8,TRUE,4
Psychology,Assignment Completed,5,2024,Qtr 3,September,17,16.22,High School,Writing,7,TRUE,4
Psychology,Assignment Completed,2.6,2024,Qtr 3,September,17,10.25,Undergraduate,Writing,3,TRUE,3
Psychology,Assignment Completed,5,2024,Qtr 3,September,18,24.01,Undergraduate,Coding,6,TRUE,5
Psychology,Assignment Completed,3.6,2024,Qtr 3,September,19,4.06,Undergraduate,Writing,1,TRUE,4
Psychology,Assignment Completed,2.7,2024,Qtr 3,September,20,33.15,High School,Studying,9,TRUE,3
Psychology,Assignment Completed,2.5,2024,Qtr 3,September,20,63.68,High School,Writing,19,FALSE,3
Psychology,Assignment Completed,2.6,2024,Qtr 3,September,20,13.64,Undergraduate,Writing,5,TRUE,2
Psychology,Assignment Completed,6.3,2024,Qtr 3,September,22,38.38,Undergraduate,Coding,8,TRUE,7
Psychology,Assignment Completed,5.7,2024,Qtr 3,September,22,48.06,Undergraduate,Homework Help,14,TRUE,7
Psychology,Assignment Completed,1.9,2024,Qtr 3,September,23,18.38,Graduate,Writing,4,TRUE,2
Psychology,Assignment Completed,2.7,2024,Qtr 3,September,23,6.16,Undergraduate,Homework Help,1,FALSE,2
Psychology,Assignment Completed,1.5,2024,Qtr 3,September,23,22.04,Undergraduate,Studying,9,TRUE,3
Psychology,Assignment Completed,3.9,2024,Qtr 3,September,24,21.88,Graduate,Research,5,TRUE,3
Psychology,Assignment Completed,4.5,2024,Qtr 3,September,24,2.02,Undergraduate,Studying,1,TRUE,4
Psychology,Assignment Completed,2.5,2024,Qtr 3,September,25,30.38,Graduate,Coding,14,TRUE,3
Psychology,Assignment Completed,2.7,2024,Qtr 3,September,26,30.9,Graduate,Homework Help,6,FALSE,4
Psychology,Assignment Completed,1.5,2024,Qtr 3,September,26,10.57,Undergraduate,Homework Help,3,TRUE,2
Psychology,Assignment Completed,2.1,2024,Qtr 3,September,27,17.26,High School,Homework Help,4,TRUE,2
Psychology,Assignment Completed,5,2024,Qtr 3,September,27,20.54,Undergraduate,Coding,4,TRUE,5
Psychology,Assignment Completed,4.1,2024,Qtr 3,September,28,31.86,Undergraduate,Coding,7,TRUE,4
Psychology,Assignment Completed,3.6,2024,Qtr 3,September,28,5.9,Undergraduate,Writing,1,TRUE,3
Psychology,Assignment Completed,2.6,2024,Qtr 3,September,30,26.34,High School,Writing,6,TRUE,4
Psychology,Assignment Completed,1,2024,Qtr 4,October,1,30.16,High School,Brainstorming,11,TRUE,1
Psychology,Assignment Completed,3.4,2024,Qtr 4,October,1,5.07,High School,Writing,1,TRUE,3
Psychology,Assignment Completed,5,2024,Qtr 4,October,1,28.94,Undergraduate,Coding,5,TRUE,5
Psychology,Assignment Completed,3.6,2024,Qtr 4,October,1,56.87,Undergraduate,Studying,28,FALSE,4
Psychology,Assignment Completed,5,2024,Qtr 4,October,2,32.06,Graduate,Coding,7,TRUE,5
Psychology,Assignment Completed,3.1,2024,Qtr 4,October,2,16.53,Graduate,Writing,6,TRUE,3
Psychology,Assignment Completed,3.7,2024,Qtr 4,October,3,20.52,Undergraduate,Homework Help,4,TRUE,3
Psychology,Assignment Completed,2,2024,Qtr 4,October,3,33.24,Undergraduate,Studying,7,TRUE,2
Psychology,Assignment Completed,4,2024,Qtr 4,October,5,18.59,Undergraduate,Coding,8,TRUE,4
Psychology,Assignment Completed,2.3,2024,Qtr 4,October,5,3.1,Undergraduate,Studying,1,TRUE,3
Psychology,Assignment Completed,1.6,2024,Qtr 4,October,6,15.56,Undergraduate,Brainstorming,3,FALSE,2
Psychology,Assignment Completed,2.5,2024,Qtr 4,October,7,4.03,Undergraduate,Brainstorming,1,TRUE,3
Psychology,Assignment Completed,4,2024,Qtr 4,October,7,23.51,Undergraduate,Studying,8,TRUE,3
Psychology,Assignment Completed,1.5,2024,Qtr 4,October,8,29.5,Undergraduate,Coding,8,FALSE,2
Psychology,Assignment Completed,2.7,2024,Qtr 4,October,9,4.28,Graduate,Studying,1,FALSE,3
Psychology,Assignment Completed,7.9,2024,Qtr 4,October,10,5.31,Undergraduate,Coding,2,TRUE,7
Psychology,Assignment Completed,2.7,2024,Qtr 4,October,10,16.05,Undergraduate,Writing,3,FALSE,3
Psychology,Assignment Completed,1.3,2024,Qtr 4,October,11,15.4,Graduate,Studying,6,TRUE,3
Psychology,Assignment Completed,3.4,2024,Qtr 4,October,11,25.31,High School,Studying,8,TRUE,4
Psychology,Assignment Completed,2.4,2024,Qtr 4,October,11,31.53,Undergraduate,Writing,6,TRUE,3
Psychology,Assignment Completed,3.2,2024,Qtr 4,October,12,39.57,Graduate,Writing,9,TRUE,3
Psychology,Assignment Completed,3.7,2024,Qtr 4,October,15,10.48,High School,Coding,3,TRUE,3
Psychology,Assignment Completed,3.7,2024,Qtr 4,October,15,14.36,Undergraduate,Coding,3,TRUE,4
Psychology,Assignment Completed,2.9,2024,Qtr 4,October,17,6.58,Graduate,Writing,2,FALSE,5
Psychology,Assignment Completed,4.6,2024,Qtr 4,October,17,14.98,High School,Coding,3,TRUE,4
Psychology,Assignment Completed,4.2,2024,Qtr 4,October,17,19.27,Undergraduate,Homework Help,4,TRUE,5
Psychology,Assignment Completed,2.4,2024,Qtr 4,October,18,22.69,Graduate,Studying,7,TRUE,3
Psychology,Assignment Completed,1.5,2024,Qtr 4,October,18,16.05,Graduate,Writing,5,TRUE,3
Psychology,Assignment Completed,1,2024,Qtr 4,October,18,19.98,Undergraduate,Coding,4,TRUE,2
Psychology,Assignment Completed,4.9,2024,Qtr 4,October,18,3.6,Undergraduate,Writing,1,TRUE,4
Psychology,Assignment Completed,2.3,2024,Qtr 4,October,19,14.77,High School,Writing,3,TRUE,4
Psychology,Assignment Completed,3.9,2024,Qtr 4,October,19,48.88,Undergraduate,Homework Help,12,TRUE,5
Psychology,Assignment Completed,3.3,2024,Qtr 4,October,21,36.52,Graduate,Coding,8,TRUE,4
Psychology,Assignment Completed,6.5,2024,Qtr 4,October,21,28.42,Undergraduate,Writing,6,TRUE,8
Psychology,Assignment Completed,3.8,2024,Qtr 4,October,22,3.06,Graduate,Coding,1,TRUE,3
Psychology,Assignment Completed,2.7,2024,Qtr 4,October,22,5.28,High School,Studying,1,TRUE,2
Psychology,Assignment Completed,3.4,2024,Qtr 4,October,23,13.67,High School,Studying,4,FALSE,4
Psychology,Assignment Completed,4.4,2024,Qtr 4,October,23,3.07,Undergraduate,Studying,1,TRUE,4
Psychology,Assignment Completed,5,2024,Qtr 4,October,24,21,Undergraduate,Coding,7,TRUE,5
Psychology,Assignment Completed,1.6,2024,Qtr 4,October,25,9.54,Undergraduate,Writing,2,TRUE,2
Psychology,Assignment Completed,5,2024,Qtr 4,October,26,16.88,High School,Writing,6,TRUE,5
Psychology,Assignment Completed,5,2024,Qtr 4,October,26,11.68,Undergraduate,Coding,3,TRUE,5
Psychology,Assignment Completed,5,2024,Qtr 4,October,26,25.7,Undergraduate,Homework Help,5,FALSE,5
Psychology,Assignment Completed,1,2024,Qtr 4,October,28,14.29,High School,Writing,5,TRUE,2
Psychology,Assignment Completed,1.7,2024,Qtr 4,October,28,5.4,Undergraduate,Coding,2,FALSE,2
Psychology,Assignment Completed,4.8,2024,Qtr 4,October,28,17.99,Undergraduate,Studying,4,FALSE,5
Psychology,Assignment Completed,2.3,2024,Qtr 4,October,29,24.67,Graduate,Brainstorming,9,TRUE,2
Psychology,Assignment Completed,5,2024,Qtr 4,October,29,16.03,Graduate,Writing,6,TRUE,5
Psychology,Assignment Completed,4.7,2024,Qtr 4,October,29,13.67,High School,Coding,6,TRUE,4
Psychology,Assignment Completed,3.1,2024,Qtr 4,October,29,19.97,Undergraduate,Homework Help,4,TRUE,3
Psychology,Assignment Completed,4.6,2024,Qtr 4,October,29,19.65,Undergraduate,Studying,4,TRUE,4
Psychology,Assignment Completed,2.6,2024,Qtr 4,October,30,12.26,Undergraduate,Coding,3,FALSE,3
Psychology,Assignment Completed,2.6,2024,Qtr 4,October,30,16.6,Undergraduate,Coding,4,TRUE,3
Psychology,Assignment Completed,2.6,2024,Qtr 4,October,30,21.66,Undergraduate,Homework Help,4,TRUE,3
Psychology,Assignment Completed,3.2,2024,Qtr 4,October,31,7.53,Graduate,Studying,2,TRUE,4
Psychology,Assignment Completed,3,2024,Qtr 4,November,1,11.38,High School,Research,4,TRUE,4
Psychology,Assignment Completed,8.3,2024,Qtr 4,November,1,28.51,Undergraduate,Coding,9,TRUE,8
Psychology,Assignment Completed,2.8,2024,Qtr 4,November,1,25.21,Undergraduate,Research,9,TRUE,3
Psychology,Assignment Completed,3.5,2024,Qtr 4,November,3,8.91,Graduate,Studying,2,FALSE,3
Psychology,Assignment Completed,5,2024,Qtr 4,November,4,16.56,Undergraduate,Writing,6,TRUE,4
Psychology,Assignment Completed,3.2,2024,Qtr 4,November,6,7.51,Graduate,Research,2,TRUE,3
Psychology,Assignment Completed,6,2024,Qtr 4,November,6,67.57,Graduate,Writing,18,TRUE,8
Psychology,Assignment Completed,2.9,2024,Qtr 4,November,6,24.02,High School,Coding,10,TRUE,3
Psychology,Assignment Completed,3.9,2024,Qtr 4,November,7,11.51,Undergraduate,Coding,5,FALSE,3
Psychology,Assignment Completed,5,2024,Qtr 4,November,7,20.16,Undergraduate,Coding,6,TRUE,5
Psychology,Assignment Completed,1.4,2024,Qtr 4,November,8,13.4,Undergraduate,Brainstorming,3,FALSE,2
Psychology,Assignment Completed,1.5,2024,Qtr 4,November,8,17.74,Undergraduate,Studying,4,TRUE,3
Psychology,Assignment Completed,4.5,2024,Qtr 4,November,9,2.38,Graduate,Studying,1,FALSE,5
Psychology,Assignment Completed,2.6,2024,Qtr 4,November,10,4.07,High School,Studying,1,TRUE,3
Psychology,Assignment Completed,4,2024,Qtr 4,November,11,34.66,High School,Writing,7,TRUE,4
Psychology,Assignment Completed,3.3,2024,Qtr 4,November,13,11.16,Graduate,Studying,5,TRUE,4
Psychology,Assignment Completed,3.9,2024,Qtr 4,November,14,10.28,Graduate,Homework Help,3,FALSE,4
Psychology,Assignment Completed,3.5,2024,Qtr 4,November,14,4.98,High School,Studying,1,TRUE,3
Psychology,Assignment Completed,2.7,2024,Qtr 4,November,15,20.43,High School,Writing,5,TRUE,2
Psychology,Assignment Completed,3.6,2024,Qtr 4,November,17,40.11,Undergraduate,Writing,16,TRUE,3
Psychology,Assignment Completed,1.5,2024,Qtr 4,November,19,40.13,Graduate,Coding,12,TRUE,3
Psychology,Assignment Completed,4.7,2024,Qtr 4,November,19,8.81,Undergraduate,Coding,2,TRUE,4
Psychology,Assignment Completed,3.9,2024,Qtr 4,November,19,29.26,Undergraduate,Homework Help,11,TRUE,4
Psychology,Assignment Completed,4.5,2024,Qtr 4,November,20,16.97,Graduate,Research,3,TRUE,4
Psychology,Assignment Completed,2.8,2024,Qtr 4,November,21,28.23,Graduate,Coding,6,TRUE,3
Psychology,Assignment Completed,5,2024,Qtr 4,November,21,17.74,Undergraduate,Homework Help,3,TRUE,5
Psychology,Assignment Completed,1.6,2024,Qtr 4,November,22,6.7,Graduate,Coding,1,TRUE,3
Psychology,Assignment Completed,4.3,2024,Qtr 4,November,22,1.64,Undergraduate,Studying,1,TRUE,4
Psychology,Assignment Completed,3.2,2024,Qtr 4,November,23,71.57,Graduate,Coding,17,FALSE,4
Psychology,Assignment Completed,2.4,2024,Qtr 4,November,23,25.84,Undergraduate,Coding,9,TRUE,3
Psychology,Assignment Completed,3.5,2024,Qtr 4,November,23,36.11,Undergraduate,Homework Help,7,TRUE,3
Psychology,Assignment Completed,3.6,2024,Qtr 4,November,23,17.01,Undergraduate,Writing,4,FALSE,4
Psychology,Assignment Completed,4.2,2024,Qtr 4,November,24,16.5,High School,Coding,3,TRUE,4
Psychology,Assignment Completed,4.5,2024,Qtr 4,November,24,77.67,Undergraduate,Studying,34,TRUE,4
Psychology,Assignment Completed,3.3,2024,Qtr 4,November,24,9.31,Undergraduate,Writing,1,FALSE,4
Psychology,Assignment Completed,3.1,2024,Qtr 4,November,24,7.18,Undergraduate,Writing,1,TRUE,4
Psychology,Assignment Completed,2.1,2024,Qtr 4,November,25,12.13,Graduate,Studying,3,TRUE,2
Psychology,Assignment Completed,3.3,2024,Qtr 4,November,26,13.71,Graduate,Coding,3,FALSE,2
Psychology,Assignment Completed,5,2024,Qtr 4,November,26,25.1,Undergraduate,Writing,7,TRUE,6
Psychology,Assignment Completed,3.4,2024,Qtr 4,November,27,7.75,Graduate,Coding,2,TRUE,4
Psychology,Assignment Completed,2.6,2024,Qtr 4,November,27,31.16,Graduate,Writing,14,TRUE,3
Psychology,Assignment Completed,2.4,2024,Qtr 4,November,28,20.07,Graduate,Homework Help,5,TRUE,2
Psychology,Assignment Completed,2.3,2024,Qtr 4,November,28,25.41,Graduate,Writing,12,TRUE,2
Psychology,Assignment Completed,4.3,2024,Qtr 4,November,28,11.37,High School,Studying,3,TRUE,5
Psychology,Assignment Completed,4.1,2024,Qtr 4,November,28,22.57,Undergraduate,Homework Help,8,TRUE,5
Psychology,Assignment Completed,1.8,2024,Qtr 4,November,28,21.84,Undergraduate,Writing,5,TRUE,3
Psychology,Assignment Completed,3.3,2024,Qtr 4,November,29,26.93,Undergraduate,Writing,7,TRUE,3
Psychology,Assignment Completed,2.5,2024,Qtr 4,November,30,0.4,Graduate,Studying,1,FALSE,4
Psychology,Assignment Completed,1,2024,Qtr 4,November,30,21.61,High School,Writing,4,TRUE,1
Psychology,Assignment Completed,4.1,2024,Qtr 4,November,30,11.08,Undergraduate,Coding,3,TRUE,4
Psychology,Assignment Completed,3.4,2024,Qtr 4,December,1,5.44,Undergraduate,Studying,2,TRUE,4
Psychology,Assignment Completed,5,2024,Qtr 4,December,2,63.31,High School,Studying,16,TRUE,4
Psychology,Assignment Completed,4.6,2024,Qtr 4,December,2,18.01,Undergraduate,Writing,4,TRUE,4
Psychology,Assignment Completed,4.2,2024,Qtr 4,December,3,4.14,Graduate,Studying,2,FALSE,4
Psychology,Assignment Completed,5,2024,Qtr 4,December,3,50.44,Undergraduate,Coding,10,TRUE,5
Psychology,Assignment Completed,3,2024,Qtr 4,December,3,15.94,Undergraduate,Writing,4,TRUE,4
Psychology,Assignment Completed,6.9,2024,Qtr 4,December,4,65.35,Undergraduate,Homework Help,21,TRUE,6
Psychology,Assignment Completed,2.7,2024,Qtr 4,December,4,12.71,Undergraduate,Studying,4,TRUE,4
Psychology,Assignment Completed,5,2024,Qtr 4,December,4,6.4,Undergraduate,Writing,2,TRUE,4
Psychology,Assignment Completed,2.6,2024,Qtr 4,December,6,19.03,Graduate,Studying,5,TRUE,3
Psychology,Assignment Completed,3,2024,Qtr 4,December,6,24.94,Graduate,Writing,6,FALSE,4
Psychology,Assignment Completed,1.8,2024,Qtr 4,December,7,5.35,Undergraduate,Coding,1,TRUE,2
Psychology,Assignment Completed,4.3,2024,Qtr 4,December,7,42.04,Undergraduate,Studying,12,TRUE,4
Psychology,Assignment Completed,2.9,2024,Qtr 4,December,7,30.67,Undergraduate,Writing,7,TRUE,2
Psychology,Assignment Completed,5,2024,Qtr 4,December,8,14.21,High School,Studying,2,TRUE,5
Psychology,Assignment Completed,3.1,2024,Qtr 4,December,8,19.74,Undergraduate,Writing,3,TRUE,4
Psychology,Assignment Completed,4.7,2024,Qtr 4,December,11,31.18,Undergraduate,Studying,6,TRUE,4
Psychology,Assignment Completed,3.3,2024,Qtr 4,December,12,33.96,Graduate,Studying,7,TRUE,5
Psychology,Assignment Completed,2.7,2024,Qtr 4,December,12,9.45,Graduate,Writing,4,TRUE,2
Psychology,Assignment Completed,2.6,2024,Qtr 4,December,12,17.53,Undergraduate,Studying,8,TRUE,3
Psychology,Assignment Completed,5,2024,Qtr 4,December,12,42.85,Undergraduate,Writing,11,TRUE,5
Psychology,Assignment Completed,4,2024,Qtr 4,December,13,12.43,High School,Homework Help,2,TRUE,5
Psychology,Assignment Completed,4.1,2024,Qtr 4,December,13,12.74,Undergraduate,Studying,4,TRUE,4
Psychology,Assignment Completed,2.8,2024,Qtr 4,December,14,8.55,Graduate,Studying,2,FALSE,3
Psychology,Assignment Completed,3,2024,Qtr 4,December,14,11.78,Undergraduate,Coding,5,TRUE,3
Psychology,Assignment Completed,3.1,2024,Qtr 4,December,14,15.1,Undergraduate,Writing,5,TRUE,3
Psychology,Assignment Completed,2.1,2024,Qtr 4,December,15,3.59,High School,Writing,1,TRUE,4
Psychology,Assignment Completed,8.2,2024,Qtr 4,December,15,36.78,Undergraduate,Studying,8,TRUE,8
Psychology,Assignment Completed,4,2024,Qtr 4,December,16,25.27,Graduate,Writing,10,TRUE,5
Psychology,Assignment Completed,4.9,2024,Qtr 4,December,17,26.62,Undergraduate,Homework Help,5,TRUE,5
Psychology,Assignment Completed,1.6,2024,Qtr 4,December,17,10.89,Undergraduate,Writing,3,FALSE,2
Psychology,Assignment Completed,4.2,2024,Qtr 4,December,19,22.06,Graduate,Coding,6,TRUE,5
Psychology,Assignment Completed,3.8,2024,Qtr 4,December,20,6.83,Graduate,Brainstorming,2,TRUE,4
Psychology,Assignment Completed,9.8,2024,Qtr 4,December,20,66.92,High School,Writing,18,TRUE,7
Psychology,Assignment Completed,3.5,2024,Qtr 4,December,20,24.9,Undergraduate,Coding,11,TRUE,3
Psychology,Assignment Completed,5,2024,Qtr 4,December,21,39.69,Undergraduate,Writing,7,TRUE,5
Psychology,Assignment Completed,3.9,2024,Qtr 4,December,22,14.07,High School,Homework Help,3,TRUE,4
Psychology,Assignment Completed,1.9,2024,Qtr 4,December,22,13.43,Undergraduate,Coding,6,TRUE,2
Psychology,Assignment Completed,3.4,2024,Qtr 4,December,22,7.22,Undergraduate,Writing,1,TRUE,3
Psychology,Assignment Completed,4.3,2024,Qtr 4,December,23,34.05,Undergraduate,Studying,7,TRUE,4
Psychology,Assignment Completed,1.4,2024,Qtr 4,December,23,39.21,Undergraduate,Writing,8,TRUE,2
Psychology,Assignment Completed,1,2024,Qtr 4,December,25,3.35,Undergraduate,Brainstorming,1,TRUE,1
Psychology,Assignment Completed,5.8,2024,Qtr 4,December,26,21.2,High School,Writing,5,TRUE,5
Psychology,Assignment Completed,2.3,2024,Qtr 4,December,26,54.39,Undergraduate,Research,16,FALSE,2
Psychology,Assignment Completed,4.9,2024,Qtr 4,December,28,15.27,Undergraduate,Homework Help,4,TRUE,4
Psychology,Assignment Completed,5,2024,Qtr 4,December,31,11.77,Undergraduate,Coding,3,FALSE,5
Psychology,Assignment Completed,4.2,2025,Qtr 1,January,1,9.3,Undergraduate,Homework Help,3,TRUE,5
Psychology,Assignment Completed,2.8,2025,Qtr 1,January,2,13.25,Undergraduate,Writing,4,TRUE,3
Psychology,Assignment Completed,4.5,2025,Qtr 1,January,3,4.1,Graduate,Coding,1,FALSE,5
Psychology,Assignment Completed,2.2,2025,Qtr 1,January,3,4.55,High School,Homework Help,1,TRUE,3
Psychology,Assignment Completed,1,2025,Qtr 1,January,4,48.7,Graduate,Studying,14,FALSE,2
Psychology,Assignment Completed,2.8,2025,Qtr 1,January,4,17.02,Undergraduate,Homework Help,4,FALSE,3
Psychology,Assignment Completed,4.2,2025,Qtr 1,January,5,22.16,Graduate,Writing,5,TRUE,3
Psychology,Assignment Completed,7.1,2025,Qtr 1,January,5,27.9,High School,Homework Help,5,TRUE,7
Psychology,Assignment Completed,5,2025,Qtr 1,January,5,7.55,Undergraduate,Coding,2,TRUE,5
Psychology,Assignment Completed,1.6,2025,Qtr 1,January,6,13.87,High School,Writing,4,TRUE,3
Psychology,Assignment Completed,3.1,2025,Qtr 1,January,7,21.38,Undergraduate,Coding,5,TRUE,3
Psychology,Assignment Completed,3.4,2025,Qtr 1,January,8,1.98,High School,Coding,1,TRUE,4
Psychology,Assignment Completed,2.1,2025,Qtr 1,January,8,8.73,Undergraduate,Coding,1,TRUE,3
Psychology,Assignment Completed,2.2,2025,Qtr 1,January,9,27.76,Graduate,Homework Help,5,TRUE,2
Psychology,Assignment Completed,2.9,2025,Qtr 1,January,9,54.35,High School,Writing,13,TRUE,3
Psychology,Assignment Completed,2.5,2025,Qtr 1,January,9,12.28,Undergraduate,Coding,2,TRUE,2
Psychology,Assignment Completed,2.3,2025,Qtr 1,January,11,16.55,High School,Writing,3,FALSE,3
Psychology,Assignment Completed,9.5,2025,Qtr 1,January,12,34.65,Undergraduate,Coding,7,TRUE,8
Psychology,Assignment Completed,4,2025,Qtr 1,January,13,19.51,Graduate,Writing,3,TRUE,3
Psychology,Assignment Completed,4.2,2025,Qtr 1,January,13,29.5,Undergraduate,Homework Help,9,TRUE,3
Psychology,Assignment Completed,2.8,2025,Qtr 1,January,13,24.72,Undergraduate,Studying,9,TRUE,3
Psychology,Assignment Completed,3.9,2025,Qtr 1,January,15,4.98,High School,Coding,2,TRUE,3
Psychology,Assignment Completed,4,2025,Qtr 1,January,15,45.21,High School,Writing,12,TRUE,5
Psychology,Assignment Completed,4.7,2025,Qtr 1,January,15,9.72,Undergraduate,Writing,3,TRUE,4
Psychology,Assignment Completed,2.5,2025,Qtr 1,January,16,24.85,Graduate,Studying,10,TRUE,3
Psychology,Assignment Completed,5,2025,Qtr 1,January,16,35.68,Undergraduate,Homework Help,12,TRUE,5
Psychology,Assignment Completed,4.4,2025,Qtr 1,January,17,15,Graduate,Writing,5,TRUE,4
Psychology,Assignment Completed,3.1,2025,Qtr 1,January,17,3.8,Undergraduate,Coding,1,TRUE,4
Psychology,Assignment Completed,4.9,2025,Qtr 1,January,18,7.11,Graduate,Coding,3,FALSE,5
Psychology,Assignment Completed,2.8,2025,Qtr 1,January,18,10.4,High School,Coding,3,TRUE,3
Psychology,Assignment Completed,3.7,2025,Qtr 1,January,19,45.79,Undergraduate,Coding,11,FALSE,4
Psychology,Assignment Completed,4,2025,Qtr 1,January,19,13.51,Undergraduate,Coding,2,TRUE,4
Psychology,Assignment Completed,8.1,2025,Qtr 1,January,19,11.05,Undergraduate,Homework Help,5,TRUE,8
Psychology,Assignment Completed,3.4,2025,Qtr 1,January,19,12.31,Undergraduate,Writing,3,TRUE,4
Psychology,Assignment Completed,2,2025,Qtr 1,January,20,4.54,Graduate,Coding,1,TRUE,3
Psychology,Assignment Completed,1.7,2025,Qtr 1,January,20,28.26,Undergraduate,Coding,6,TRUE,3
Psychology,Assignment Completed,3.5,2025,Qtr 1,January,21,27.59,Graduate,Writing,7,FALSE,4
Psychology,Assignment Completed,1.8,2025,Qtr 1,January,21,15.33,Undergraduate,Coding,5,FALSE,2
Psychology,Assignment Completed,3.4,2025,Qtr 1,January,21,16.56,Undergraduate,Writing,4,TRUE,4
Psychology,Assignment Completed,4.7,2025,Qtr 1,January,22,7.26,Graduate,Studying,1,TRUE,4
Psychology,Assignment Completed,2.9,2025,Qtr 1,January,23,12.71,Graduate,Homework Help,4,TRUE,4
Psychology,Assignment Completed,2.9,2025,Qtr 1,January,23,6.31,Graduate,Writing,2,TRUE,3
Psychology,Assignment Completed,11.9,2025,Qtr 1,January,23,62.27,Undergraduate,Writing,15,TRUE,12
Psychology,Assignment Completed,4.9,2025,Qtr 1,January,24,10.45,Graduate,Coding,3,FALSE,4
Psychology,Assignment Completed,3.6,2025,Qtr 1,January,24,12.45,Undergraduate,Coding,3,TRUE,5
Psychology,Assignment Completed,3.7,2025,Qtr 1,January,24,7.61,Undergraduate,Homework Help,1,TRUE,5
Psychology,Assignment Completed,2.5,2025,Qtr 1,January,24,13.69,Undergraduate,Studying,6,TRUE,3
Psychology,Assignment Completed,2.3,2025,Qtr 1,January,25,17.46,High School,Writing,3,TRUE,3
Psychology,Assignment Completed,5.5,2025,Qtr 1,January,25,41.1,Undergraduate,Coding,14,TRUE,6
Psychology,Assignment Completed,2.9,2025,Qtr 1,January,25,36.64,Undergraduate,Writing,12,TRUE,4
Psychology,Assignment Completed,1.7,2025,Qtr 1,January,26,29.25,Undergraduate,Research,12,TRUE,3
Psychology,Assignment Completed,5,2025,Qtr 1,January,26,12.23,Undergraduate,Studying,3,TRUE,5
Psychology,Assignment Completed,3,2025,Qtr 1,January,27,18.45,Graduate,Writing,4,TRUE,4
Psychology,Assignment Completed,2.1,2025,Qtr 1,January,27,60.5,High School,Brainstorming,12,TRUE,2
Psychology,Assignment Completed,2.8,2025,Qtr 1,January,27,17.07,High School,Studying,3,FALSE,3
Psychology,Assignment Completed,1.3,2025,Qtr 1,January,27,37.7,Undergraduate,Homework Help,8,FALSE,2
Psychology,Assignment Completed,4.1,2025,Qtr 1,January,29,16.92,Graduate,Writing,3,TRUE,4
Psychology,Assignment Completed,4.6,2025,Qtr 1,January,29,15.33,Undergraduate,Coding,4,FALSE,4
Psychology,Assignment Completed,7.3,2025,Qtr 1,January,29,62.02,Undergraduate,Studying,19,TRUE,8
Psychology,Assignment Completed,2.1,2025,Qtr 1,January,29,37.83,Undergraduate,Writing,12,TRUE,4
Psychology,Assignment Completed,4.3,2025,Qtr 1,January,30,29.64,High School,Coding,6,FALSE,4
Psychology,Assignment Completed,1,2025,Qtr 1,January,30,46.97,Undergraduate,Homework Help,20,TRUE,3
Psychology,Assignment Completed,4.9,2025,Qtr 1,January,31,11.38,Undergraduate,Coding,2,TRUE,4
Psychology,Assignment Completed,3.9,2025,Qtr 1,January,31,5.48,Undergraduate,Studying,1,TRUE,4
Psychology,Assignment Completed,3.3,2025,Qtr 1,February,1,15,Undergraduate,Coding,3,FALSE,3
Psychology,Assignment Completed,5.7,2025,Qtr 1,February,1,46.12,Undergraduate,Coding,15,TRUE,6
Psychology,Assignment Completed,4.2,2025,Qtr 1,February,1,19.56,Undergraduate,Homework Help,8,TRUE,5
Psychology,Assignment Completed,4.6,2025,Qtr 1,February,1,13.05,Undergraduate,Studying,4,TRUE,4
Psychology,Assignment Completed,3.4,2025,Qtr 1,February,2,21.93,High School,Studying,5,FALSE,3
Psychology,Assignment Completed,3.7,2025,Qtr 1,February,2,20.58,Undergraduate,Brainstorming,9,TRUE,3
Psychology,Assignment Completed,1.9,2025,Qtr 1,February,2,25.46,Undergraduate,Coding,10,TRUE,2
Psychology,Assignment Completed,2.8,2025,Qtr 1,February,3,32.85,Undergraduate,Coding,10,TRUE,3
Psychology,Assignment Completed,4,2025,Qtr 1,February,5,13.49,Graduate,Writing,5,TRUE,5
Psychology,Assignment Completed,5,2025,Qtr 1,February,7,22.92,High School,Coding,7,TRUE,4
Psychology,Assignment Completed,2.5,2025,Qtr 1,February,7,33.12,High School,Homework Help,9,FALSE,3
Psychology,Assignment Completed,5,2025,Qtr 1,February,8,24.71,Graduate,Brainstorming,10,FALSE,4
Psychology,Assignment Completed,4.9,2025,Qtr 1,February,8,7.08,Graduate,Research,1,TRUE,5
Psychology,Assignment Completed,2.1,2025,Qtr 1,February,8,23.4,Graduate,Writing,10,TRUE,3
Psychology,Assignment Completed,4.2,2025,Qtr 1,February,10,7.78,Undergraduate,Writing,3,TRUE,5
Psychology,Assignment Completed,4.2,2025,Qtr 1,February,11,38.82,Graduate,Coding,15,TRUE,3
Psychology,Assignment Completed,2,2025,Qtr 1,February,11,29.37,Graduate,Homework Help,11,FALSE,3
Psychology,Assignment Completed,3.7,2025,Qtr 1,February,11,21.52,Undergraduate,Homework Help,8,TRUE,3
Psychology,Assignment Completed,4.2,2025,Qtr 1,February,12,20.87,Graduate,Coding,8,TRUE,4
Psychology,Assignment Completed,3.9,2025,Qtr 1,February,12,12.51,Undergraduate,Brainstorming,4,TRUE,4
Psychology,Assignment Completed,4.6,2025,Qtr 1,February,12,16.31,Undergraduate,Studying,6,TRUE,5
Psychology,Assignment Completed,3.7,2025,Qtr 1,February,14,11.7,Graduate,Writing,2,TRUE,5
Psychology,Assignment Completed,4.1,2025,Qtr 1,February,14,9.26,Undergraduate,Coding,2,TRUE,4
Psychology,Assignment Completed,4.8,2025,Qtr 1,February,14,1.43,Undergraduate,Studying,1,TRUE,4
Psychology,Assignment Completed,5,2025,Qtr 1,February,15,20.96,Undergraduate,Coding,6,TRUE,5
Psychology,Assignment Completed,4.1,2025,Qtr 1,February,15,8.68,Undergraduate,Writing,2,TRUE,4
Psychology,Assignment Completed,4.2,2025,Qtr 1,February,16,19.04,Undergraduate,Homework Help,4,TRUE,4
Psychology,Assignment Completed,3.7,2025,Qtr 1,February,16,16.57,Undergraduate,Writing,6,TRUE,4
Psychology,Assignment Completed,4.6,2025,Qtr 1,February,18,20.75,Undergraduate,Writing,9,TRUE,4
Psychology,Assignment Completed,4,2025,Qtr 1,February,19,37.97,High School,Writing,10,TRUE,4
Psychology,Assignment Completed,3.3,2025,Qtr 1,February,20,23.06,Graduate,Coding,4,TRUE,3
Psychology,Assignment Completed,4.4,2025,Qtr 1,February,20,10.03,Undergraduate,Homework Help,2,FALSE,4
Psychology,Assignment Completed,2.5,2025,Qtr 1,February,21,47.17,Undergraduate,Coding,15,TRUE,2
Psychology,Assignment Completed,2.4,2025,Qtr 1,February,22,17.32,Graduate,Writing,8,TRUE,2
Psychology,Assignment Completed,2.5,2025,Qtr 1,February,22,22.26,High School,Writing,9,TRUE,3
Psychology,Assignment Completed,5,2025,Qtr 1,February,22,10.49,Undergraduate,Homework Help,2,TRUE,5
Psychology,Assignment Completed,4.2,2025,Qtr 1,February,23,23.42,Undergraduate,Coding,6,TRUE,3
Psychology,Assignment Completed,1,2025,Qtr 1,February,23,22.64,Undergraduate,Homework Help,5,FALSE,1
Psychology,Assignment Completed,2.9,2025,Qtr 1,February,24,7.34,Undergraduate,Homework Help,1,FALSE,3
Psychology,Assignment Completed,2.7,2025,Qtr 1,February,25,28.33,Graduate,Writing,9,TRUE,3
Psychology,Assignment Completed,5,2025,Qtr 1,February,27,6.65,Undergraduate,Studying,1,TRUE,4
Psychology,Assignment Completed,2.5,2025,Qtr 1,February,27,7.01,Undergraduate,Writing,1,FALSE,3
Psychology,Assignment Completed,4.3,2025,Qtr 1,February,28,6.49,High School,Studying,1,TRUE,3
Psychology,Assignment Completed,8.1,2025,Qtr 1,February,28,10.05,Undergraduate,Studying,2,TRUE,6
Psychology,Assignment Completed,4.7,2025,Qtr 1,February,28,5.49,Undergraduate,Writing,2,TRUE,5
Psychology,Assignment Completed,3.6,2025,Qtr 1,March,1,23.81,High School,Writing,6,FALSE,3
Psychology,Assignment Completed,3.3,2025,Qtr 1,March,1,17.04,Undergraduate,Studying,3,TRUE,4
Psychology,Assignment Completed,3.3,2025,Qtr 1,March,1,35.04,Undergraduate,Writing,15,TRUE,3
Psychology,Assignment Completed,5,2025,Qtr 1,March,2,7.57,Undergraduate,Coding,2,TRUE,5
Psychology,Assignment Completed,4.7,2025,Qtr 1,March,3,17.33,Graduate,Studying,5,TRUE,4
Psychology,Assignment Completed,2.8,2025,Qtr 1,March,3,30.25,Undergraduate,Writing,7,TRUE,4
Psychology,Assignment Completed,4.9,2025,Qtr 1,March,5,0.73,Graduate,Brainstorming,1,TRUE,4
Psychology,Assignment Completed,3.8,2025,Qtr 1,March,6,62.72,Graduate,Research,17,TRUE,4
Psychology,Assignment Completed,4.2,2025,Qtr 1,March,6,15.83,Undergraduate,Writing,7,TRUE,5
Psychology,Assignment Completed,3.5,2025,Qtr 1,March,7,25.72,Graduate,Coding,12,TRUE,4
Psychology,Assignment Completed,2.6,2025,Qtr 1,March,7,33.21,Graduate,Writing,6,FALSE,2
Psychology,Assignment Completed,2.8,2025,Qtr 1,March,7,11.39,High School,Coding,3,TRUE,3
Psychology,Assignment Completed,1.9,2025,Qtr 1,March,7,12.92,Undergraduate,Writing,6,FALSE,2
Psychology,Assignment Completed,3,2025,Qtr 1,March,8,10.61,High School,Homework Help,2,TRUE,3
Psychology,Assignment Completed,4.8,2025,Qtr 1,March,8,24.28,Undergraduate,Homework Help,6,TRUE,4
Psychology,Assignment Completed,3.9,2025,Qtr 1,March,9,42.75,High School,Studying,9,TRUE,4
Psychology,Assignment Completed,3.5,2025,Qtr 1,March,10,27.12,Undergraduate,Studying,11,TRUE,4
Psychology,Assignment Completed,4,2025,Qtr 1,March,11,13.05,Undergraduate,Coding,3,TRUE,4
Psychology,Assignment Completed,4.6,2025,Qtr 1,March,12,37.49,Graduate,Homework Help,9,TRUE,5
Psychology,Assignment Completed,5,2025,Qtr 1,March,12,29.23,Undergraduate,Homework Help,6,TRUE,5
Psychology,Assignment Completed,4.3,2025,Qtr 1,March,12,54.87,Undergraduate,Writing,14,TRUE,4
Psychology,Assignment Completed,4.1,2025,Qtr 1,March,13,16.85,Graduate,Writing,4,FALSE,4
Psychology,Assignment Completed,4.7,2025,Qtr 1,March,13,29.35,Undergraduate,Homework Help,6,TRUE,5
Psychology,Assignment Completed,2.5,2025,Qtr 1,March,14,22.69,Graduate,Studying,7,TRUE,3
Psychology,Assignment Completed,4.1,2025,Qtr 1,March,14,25.8,Undergraduate,Brainstorming,11,TRUE,4
Psychology,Assignment Completed,5,2025,Qtr 1,March,16,10.42,Graduate,Coding,2,TRUE,5
Psychology,Assignment Completed,5,2025,Qtr 1,March,16,10.31,Undergraduate,Coding,2,TRUE,5
Psychology,Assignment Completed,3.9,2025,Qtr 1,March,17,4.76,High School,Homework Help,1,TRUE,4
Psychology,Assignment Completed,3.3,2025,Qtr 1,March,17,8.02,Undergraduate,Brainstorming,1,FALSE,3
Psychology,Assignment Completed,5.2,2025,Qtr 1,March,17,20.04,Undergraduate,Homework Help,4,TRUE,6
Psychology,Assignment Completed,3.1,2025,Qtr 1,March,17,36.79,Undergraduate,Studying,11,TRUE,3
Psychology,Assignment Completed,1.9,2025,Qtr 1,March,17,42.87,Undergraduate,Writing,15,FALSE,2
Psychology,Assignment Completed,3.3,2025,Qtr 1,March,17,0.4,Undergraduate,Writing,1,TRUE,4
Psychology,Assignment Completed,3.9,2025,Qtr 1,March,18,39.79,Graduate,Coding,13,TRUE,2
Psychology,Assignment Completed,4.3,2025,Qtr 1,March,18,7.89,Undergraduate,Studying,1,TRUE,4
Psychology,Assignment Completed,2.9,2025,Qtr 1,March,18,28.12,Undergraduate,Writing,9,TRUE,3
Psychology,Assignment Completed,4,2025,Qtr 1,March,19,3.27,Graduate,Writing,1,TRUE,4
Psychology,Assignment Completed,4.3,2025,Qtr 1,March,19,17.93,Undergraduate,Coding,6,TRUE,3
Psychology,Assignment Completed,4.7,2025,Qtr 1,March,19,3.94,Undergraduate,Studying,1,FALSE,4
Psychology,Assignment Completed,3.2,2025,Qtr 1,March,19,36.76,Undergraduate,Studying,15,TRUE,4
Psychology,Assignment Completed,3,2025,Qtr 1,March,20,18.41,High School,Coding,5,TRUE,4
Psychology,Assignment Completed,3.2,2025,Qtr 1,March,20,23.49,Undergraduate,Coding,11,FALSE,3
Psychology,Assignment Completed,4.7,2025,Qtr 1,March,20,29.95,Undergraduate,Studying,10,TRUE,4
Psychology,Assignment Completed,1,2025,Qtr 1,March,20,13.21,Undergraduate,Writing,3,TRUE,2
Psychology,Assignment Completed,3,2025,Qtr 1,March,21,40.2,High School,Homework Help,19,TRUE,3
Psychology,Assignment Completed,3.6,2025,Qtr 1,March,21,25.5,Undergraduate,Homework Help,6,TRUE,3
Psychology,Assignment Completed,3.6,2025,Qtr 1,March,24,39.84,Graduate,Brainstorming,11,FALSE,3
Psychology,Assignment Completed,3.8,2025,Qtr 1,March,24,13.87,Undergraduate,Coding,5,FALSE,3
Psychology,Assignment Completed,5,2025,Qtr 1,March,24,15.72,Undergraduate,Writing,3,TRUE,4
Psychology,Assignment Completed,1.8,2025,Qtr 1,March,25,7.62,Graduate,Writing,2,TRUE,2
Psychology,Assignment Completed,1.7,2025,Qtr 1,March,25,14.89,High School,Homework Help,3,TRUE,4
Psychology,Assignment Completed,3.6,2025,Qtr 1,March,25,8.65,Undergraduate,Studying,3,TRUE,4
Psychology,Assignment Completed,2.7,2025,Qtr 1,March,26,33.15,Graduate,Homework Help,8,TRUE,2
Psychology,Assignment Completed,4.5,2025,Qtr 1,March,27,62.99,Graduate,Writing,14,TRUE,5
Psychology,Assignment Completed,4.4,2025,Qtr 1,March,27,21.17,High School,Writing,4,TRUE,4
Psychology,Assignment Completed,3.7,2025,Qtr 1,March,30,39.81,Undergraduate,Studying,12,FALSE,4
Psychology,Assignment Completed,4.6,2025,Qtr 1,March,31,26.98,High School,Homework Help,11,TRUE,4
Psychology,Assignment Completed,3.7,2025,Qtr 1,March,31,7.49,Undergraduate,Coding,2,TRUE,3
Psychology,Assignment Completed,1.3,2025,Qtr 1,March,31,47.92,Undergraduate,Writing,19,TRUE,2
Psychology,Assignment Completed,1,2025,Qtr 2,April,1,25.69,Undergraduate,Coding,9,TRUE,2
Psychology,Assignment Completed,4.4,2025,Qtr 2,April,2,9.95,Undergraduate,Studying,2,FALSE,4
Psychology,Assignment Completed,5,2025,Qtr 2,April,3,30.94,Graduate,Homework Help,6,FALSE,5
Psychology,Assignment Completed,4.3,2025,Qtr 2,April,3,6.32,High School,Studying,1,TRUE,4
Psychology,Assignment Completed,3.3,2025,Qtr 2,April,4,22.32,High School,Homework Help,7,FALSE,3
Psychology,Assignment Completed,4.3,2025,Qtr 2,April,5,35.84,Undergraduate,Homework Help,15,TRUE,4
Psychology,Assignment Completed,4.7,2025,Qtr 2,April,6,18.72,Graduate,Studying,7,TRUE,4
Psychology,Assignment Completed,4.6,2025,Qtr 2,April,6,27.26,Undergraduate,Writing,7,TRUE,4
Psychology,Assignment Completed,3,2025,Qtr 2,April,7,12,Graduate,Homework Help,2,TRUE,3
Psychology,Assignment Completed,4.8,2025,Qtr 2,April,8,20.39,High School,Studying,4,TRUE,3
Psychology,Assignment Completed,2,2025,Qtr 2,April,8,9.22,Undergraduate,Brainstorming,1,FALSE,3
Psychology,Assignment Completed,5,2025,Qtr 2,April,8,24.99,Undergraduate,Writing,9,TRUE,4
Psychology,Assignment Completed,5,2025,Qtr 2,April,10,34.72,Undergraduate,Homework Help,7,TRUE,5
Psychology,Assignment Completed,7.4,2025,Qtr 2,April,10,26.4,Undergraduate,Writing,10,TRUE,6
Psychology,Assignment Completed,1.9,2025,Qtr 2,April,11,31.84,Graduate,Coding,8,TRUE,2
Psychology,Assignment Completed,2.6,2025,Qtr 2,April,12,6.97,High School,Homework Help,1,TRUE,3
Psychology,Assignment Completed,5,2025,Qtr 2,April,12,6.83,Undergraduate,Coding,2,TRUE,5
Psychology,Assignment Completed,3.5,2025,Qtr 2,April,12,14.93,Undergraduate,Homework Help,4,TRUE,3
Psychology,Assignment Completed,4,2025,Qtr 2,April,12,6.33,Undergraduate,Research,2,TRUE,3
Psychology,Assignment Completed,3.4,2025,Qtr 2,April,12,22.59,Undergraduate,Studying,10,TRUE,4
Psychology,Assignment Completed,1.8,2025,Qtr 2,April,15,37.07,Undergraduate,Coding,9,FALSE,3
Psychology,Assignment Completed,3.4,2025,Qtr 2,April,15,54.06,Undergraduate,Research,15,TRUE,3
Psychology,Assignment Completed,2.9,2025,Qtr 2,April,18,41.71,High School,Coding,8,TRUE,3
Psychology,Assignment Completed,4.3,2025,Qtr 2,April,19,6.74,High School,Writing,1,TRUE,4
Psychology,Assignment Completed,3.3,2025,Qtr 2,April,19,16.7,Undergraduate,Coding,7,TRUE,4
Psychology,Assignment Completed,4.6,2025,Qtr 2,April,20,20.5,Graduate,Writing,4,TRUE,4
Psychology,Assignment Completed,2.3,2025,Qtr 2,April,20,1.91,High School,Writing,1,TRUE,2
Psychology,Assignment Completed,1,2025,Qtr 2,April,20,16.28,Undergraduate,Writing,4,TRUE,2
Psychology,Assignment Completed,3.1,2025,Qtr 2,April,22,37.06,Undergraduate,Coding,9,TRUE,3
Psychology,Assignment Completed,3.8,2025,Qtr 2,April,23,22.68,Undergraduate,Research,5,FALSE,4
Psychology,Assignment Completed,4.9,2025,Qtr 2,April,24,2.16,High School,Coding,1,FALSE,4
Psychology,Assignment Completed,3.8,2025,Qtr 2,April,24,19.65,High School,Writing,8,FALSE,3
Psychology,Assignment Completed,3.6,2025,Qtr 2,April,24,5.93,Undergraduate,Coding,1,TRUE,3
Psychology,Assignment Completed,4.3,2025,Qtr 2,April,24,11.95,Undergraduate,Writing,4,TRUE,4
Psychology,Assignment Completed,5,2025,Qtr 2,April,26,25.54,Undergraduate,Homework Help,11,TRUE,5
Psychology,Assignment Completed,4.8,2025,Qtr 2,April,27,22.6,Undergraduate,Coding,9,TRUE,3
Psychology,Assignment Completed,2,2025,Qtr 2,April,27,12.18,Undergraduate,Writing,2,FALSE,2
Psychology,Assignment Completed,3.6,2025,Qtr 2,April,28,1.84,Graduate,Coding,1,TRUE,4
Psychology,Assignment Completed,2.6,2025,Qtr 2,April,28,11.69,Graduate,Homework Help,4,TRUE,3
Psychology,Assignment Completed,1.9,2025,Qtr 2,April,28,24.26,Undergraduate,Homework Help,9,TRUE,2
Psychology,Assignment Completed,2.2,2025,Qtr 2,April,29,11.71,Undergraduate,Coding,5,FALSE,4
Psychology,Assignment Completed,1.3,2025,Qtr 2,April,30,5.44,Graduate,Writing,1,TRUE,3
Psychology,Assignment Completed,2.8,2025,Qtr 2,April,30,34.79,High School,Coding,9,TRUE,4
Psychology,Assignment Completed,4.6,2025,Qtr 2,April,30,31.16,High School,Homework Help,11,TRUE,4
Psychology,Assignment Completed,1.3,2025,Qtr 2,May,2,37.87,Graduate,Homework Help,7,FALSE,3
Psychology,Assignment Completed,3.5,2025,Qtr 2,May,2,25.1,High School,Homework Help,6,FALSE,4
Psychology,Assignment Completed,4.2,2025,Qtr 2,May,2,38.32,Undergraduate,Homework Help,7,FALSE,5
Psychology,Assignment Completed,3.4,2025,Qtr 2,May,3,44.14,Graduate,Writing,16,TRUE,4
Psychology,Assignment Completed,2.2,2025,Qtr 2,May,4,7.61,Graduate,Research,2,FALSE,2
Psychology,Assignment Completed,5,2025,Qtr 2,May,4,20.35,Undergraduate,Coding,7,FALSE,4
Psychology,Assignment Completed,2.9,2025,Qtr 2,May,4,14.88,Undergraduate,Homework Help,3,FALSE,4
Psychology,Assignment Completed,2.3,2025,Qtr 2,May,5,13.73,Graduate,Writing,4,TRUE,4
Psychology,Assignment Completed,3.3,2025,Qtr 2,May,5,28.1,Undergraduate,Coding,10,TRUE,3
Psychology,Assignment Completed,4.5,2025,Qtr 2,May,6,4.38,Graduate,Coding,1,TRUE,5
Psychology,Assignment Completed,2.6,2025,Qtr 2,May,6,13.94,High School,Coding,4,TRUE,2
Psychology,Assignment Completed,5,2025,Qtr 2,May,7,19.87,Undergraduate,Homework Help,4,FALSE,4
Psychology,Assignment Completed,5,2025,Qtr 2,May,8,14.74,Graduate,Coding,3,TRUE,5
Psychology,Assignment Completed,4.6,2025,Qtr 2,May,10,78.78,Undergraduate,Writing,20,TRUE,5
Psychology,Assignment Completed,3.6,2025,Qtr 2,May,11,10.33,Graduate,Coding,4,TRUE,4
Psychology,Assignment Completed,4,2025,Qtr 2,May,12,3.18,Graduate,Homework Help,1,FALSE,5
Psychology,Assignment Completed,3,2025,Qtr 2,May,12,39.87,High School,Coding,8,FALSE,4
Psychology,Assignment Completed,1,2025,Qtr 2,May,13,22.21,High School,Studying,8,TRUE,2
Psychology,Assignment Completed,5,2025,Qtr 2,May,13,8.3,High School,Writing,2,TRUE,4
Psychology,Assignment Completed,2.2,2025,Qtr 2,May,13,40.6,Undergraduate,Studying,9,TRUE,2
Psychology,Assignment Completed,4.1,2025,Qtr 2,May,16,25.06,High School,Homework Help,6,TRUE,5
Psychology,Assignment Completed,2.9,2025,Qtr 2,May,16,15.22,Undergraduate,Homework Help,4,TRUE,4
Psychology,Assignment Completed,4.4,2025,Qtr 2,May,16,34.17,Undergraduate,Writing,6,TRUE,5
Psychology,Assignment Completed,4.7,2025,Qtr 2,May,17,5.69,Undergraduate,Coding,1,TRUE,5
Psychology,Assignment Completed,2.7,2025,Qtr 2,May,18,6.22,High School,Homework Help,1,TRUE,3
Psychology,Assignment Completed,5,2025,Qtr 2,May,19,14.4,Graduate,Writing,4,TRUE,4
Psychology,Assignment Completed,5,2025,Qtr 2,May,19,6.35,Undergraduate,Homework Help,2,TRUE,5
Psychology,Assignment Completed,3.9,2025,Qtr 2,May,21,17.1,Graduate,Homework Help,4,TRUE,4
Psychology,Assignment Completed,4.9,2025,Qtr 2,May,21,24.18,Undergraduate,Homework Help,11,TRUE,4
Psychology,Assignment Completed,3,2025,Qtr 2,May,21,12.68,Undergraduate,Studying,5,TRUE,3
Psychology,Assignment Completed,6,2025,Qtr 2,May,21,40.79,Undergraduate,Writing,11,TRUE,6
Psychology,Assignment Completed,4.4,2025,Qtr 2,May,22,30.46,Graduate,Studying,6,FALSE,4
Psychology,Assignment Completed,2.3,2025,Qtr 2,May,22,13.01,Undergraduate,Writing,2,TRUE,3
Psychology,Assignment Completed,4.2,2025,Qtr 2,May,23,28.55,Graduate,Homework Help,6,TRUE,4
Psychology,Assignment Completed,2.5,2025,Qtr 2,May,23,24.22,Undergraduate,Coding,5,FALSE,3
Psychology,Assignment Completed,5,2025,Qtr 2,May,23,29.39,Undergraduate,Coding,10,TRUE,4
Psychology,Assignment Completed,2.9,2025,Qtr 2,May,23,12.03,Undergraduate,Writing,3,TRUE,2
Psychology,Assignment Completed,3.7,2025,Qtr 2,May,24,12.16,High School,Coding,3,TRUE,4
Psychology,Assignment Completed,3.5,2025,Qtr 2,May,24,21.03,High School,Homework Help,4,FALSE,4
Psychology,Assignment Completed,2.5,2025,Qtr 2,May,24,10.39,High School,Writing,2,TRUE,3
Psychology,Assignment Completed,3.4,2025,Qtr 2,May,24,24.35,Undergraduate,Homework Help,6,TRUE,3
Psychology,Assignment Completed,2.6,2025,Qtr 2,May,24,7.68,Undergraduate,Studying,1,TRUE,2
Psychology,Assignment Completed,3.2,2025,Qtr 2,May,25,7.79,Graduate,Coding,2,TRUE,3
Psychology,Assignment Completed,3.8,2025,Qtr 2,May,25,6.92,Undergraduate,Coding,1,TRUE,3
Psychology,Assignment Completed,4.1,2025,Qtr 2,May,25,34.49,Undergraduate,Studying,15,TRUE,5
Psychology,Assignment Completed,3.9,2025,Qtr 2,May,27,15.91,Undergraduate,Coding,4,TRUE,3
Psychology,Assignment Completed,5,2025,Qtr 2,May,27,5.69,Undergraduate,Research,1,TRUE,5
Psychology,Assignment Completed,3.5,2025,Qtr 2,May,28,15.82,Undergraduate,Coding,5,TRUE,4
Psychology,Assignment Completed,2.4,2025,Qtr 2,May,28,5.03,Undergraduate,Homework Help,2,TRUE,3
Psychology,Assignment Completed,1.5,2025,Qtr 2,May,28,30.73,Undergraduate,Studying,13,FALSE,2
Psychology,Assignment Completed,5,2025,Qtr 2,May,28,17.2,Undergraduate,Writing,4,TRUE,5
Psychology,Assignment Completed,4.4,2025,Qtr 2,May,29,8.6,High School,Studying,1,TRUE,4
Psychology,Assignment Completed,1.8,2025,Qtr 2,May,30,32.87,Undergraduate,Homework Help,7,FALSE,2
Psychology,Assignment Completed,3.7,2025,Qtr 2,May,31,6.71,Graduate,Writing,2,TRUE,3
Psychology,Assignment Completed,1.5,2025,Qtr 2,May,31,8.7,Undergraduate,Homework Help,2,TRUE,2
Psychology,Assignment Completed,2.9,2025,Qtr 2,June,1,6.99,Undergraduate,Coding,2,TRUE,2
Psychology,Assignment Completed,3.4,2025,Qtr 2,June,2,16.55,Undergraduate,Coding,3,TRUE,3
Psychology,Assignment Completed,3.7,2025,Qtr 2,June,3,5.22,High School,Coding,1,TRUE,3
Psychology,Assignment Completed,1.1,2025,Qtr 2,June,4,33.06,Graduate,Coding,10,FALSE,2
Psychology,Assignment Completed,4.3,2025,Qtr 2,June,4,21.3,Graduate,Homework Help,4,TRUE,5
Psychology,Assignment Completed,8,2025,Qtr 2,June,4,37.36,Undergraduate,Coding,15,TRUE,8
Psychology,Assignment Completed,5,2025,Qtr 2,June,7,34.98,Graduate,Homework Help,12,TRUE,4
Psychology,Assignment Completed,4.3,2025,Qtr 2,June,9,15.88,Undergraduate,Writing,4,TRUE,3
Psychology,Assignment Completed,4.5,2025,Qtr 2,June,10,12.38,High School,Studying,5,TRUE,4
Psychology,Assignment Completed,5,2025,Qtr 2,June,10,9.93,Undergraduate,Coding,3,TRUE,5
Psychology,Assignment Completed,4.1,2025,Qtr 2,June,11,43.24,Undergraduate,Studying,9,FALSE,5
Psychology,Assignment Completed,5,2025,Qtr 2,June,12,9.63,Graduate,Writing,1,FALSE,5
Psychology,Assignment Completed,1.9,2025,Qtr 2,June,12,38.76,Undergraduate,Coding,8,TRUE,1
Psychology,Assignment Completed,8,2025,Qtr 2,June,13,47.91,Graduate,Coding,11,TRUE,8
Psychology,Assignment Completed,1.5,2025,Qtr 2,June,14,40.67,Undergraduate,Brainstorming,15,TRUE,2
Psychology,Assignment Completed,1.8,2025,Qtr 2,June,14,13.5,Undergraduate,Coding,4,TRUE,3
Psychology,Assignment Completed,3.3,2025,Qtr 2,June,15,21.32,Undergraduate,Coding,5,TRUE,4
Psychology,Assignment Completed,9.2,2025,Qtr 2,June,15,24.91,Undergraduate,Homework Help,5,TRUE,9
Psychology,Assignment Completed,3.6,2025,Qtr 2,June,15,19.57,Undergraduate,Writing,5,TRUE,3
Psychology,Assignment Completed,2.5,2025,Qtr 2,June,17,12.7,High School,Writing,4,TRUE,2
Psychology,Assignment Completed,2,2025,Qtr 2,June,17,24.83,Undergraduate,Homework Help,8,TRUE,3
Psychology,Assignment Completed,2.5,2025,Qtr 2,June,18,7.5,Graduate,Coding,2,TRUE,3
Psychology,Assignment Completed,5,2025,Qtr 2,June,19,11.94,Graduate,Homework Help,4,FALSE,5
Psychology,Assignment Completed,3.1,2025,Qtr 2,June,21,14.57,Undergraduate,Coding,4,TRUE,4
Psychology,Assignment Completed,4.4,2025,Qtr 2,June,22,29.67,Undergraduate,Coding,7,TRUE,4
Psychology,Assignment Completed,4.1,2025,Qtr 2,June,23,13.98,Undergraduate,Research,4,TRUE,4
Psychology,Assignment Completed,5,2025,Qtr 2,June,24,18.96,High School,Writing,6,FALSE,4
Psychology,Assignment Completed,4.9,2025,Qtr 2,June,24,43.23,Undergraduate,Studying,15,TRUE,4
Psychology,Assignment Completed,4.9,2025,Qtr 2,June,24,36.56,Undergraduate,Writing,9,TRUE,5
Psychology,Confused,5,2024,Qtr 2,June,24,15.05,High School,Studying,3,FALSE,5
Psychology,Confused,2.4,2024,Qtr 2,June,24,20.63,Undergraduate,Homework Help,4,FALSE,3
Psychology,Confused,4.1,2024,Qtr 2,June,25,10.05,Graduate,Studying,4,FALSE,4
Psychology,Confused,3.6,2024,Qtr 2,June,29,5.92,High School,Coding,1,FALSE,2
Psychology,Confused,4.2,2024,Qtr 2,June,29,45.62,High School,Homework Help,11,TRUE,2
Psychology,Confused,3.8,2024,Qtr 2,June,30,54.61,Graduate,Studying,18,FALSE,4
Psychology,Confused,3.7,2024,Qtr 3,July,3,33.88,High School,Coding,15,TRUE,3
Psychology,Confused,2.7,2024,Qtr 3,July,3,21.09,Undergraduate,Coding,8,FALSE,2
Psychology,Confused,4.3,2024,Qtr 3,July,4,30.56,High School,Homework Help,9,FALSE,3
Psychology,Confused,4.1,2024,Qtr 3,July,5,25.83,High School,Writing,10,TRUE,4
Psychology,Confused,3.7,2024,Qtr 3,July,9,13.25,Undergraduate,Writing,2,TRUE,3
Psychology,Confused,6.5,2024,Qtr 3,July,10,59.37,Graduate,Writing,12,TRUE,5
Psychology,Confused,4.3,2024,Qtr 3,July,13,29.12,Undergraduate,Studying,6,FALSE,4
Psychology,Confused,3.2,2024,Qtr 3,July,14,28.14,Undergraduate,Studying,9,FALSE,3
Psychology,Confused,1.9,2024,Qtr 3,July,16,13.54,Graduate,Studying,4,FALSE,3
Psychology,Confused,4.4,2024,Qtr 3,July,17,9.5,High School,Studying,3,FALSE,4
Psychology,Confused,2.1,2024,Qtr 3,July,20,64.02,Undergraduate,Coding,18,FALSE,2
Psychology,Confused,2.8,2024,Qtr 3,July,21,4.1,Undergraduate,Coding,1,FALSE,3
Psychology,Confused,4.7,2024,Qtr 3,July,24,24.9,Undergraduate,Homework Help,10,FALSE,4
Psychology,Confused,3.4,2024,Qtr 3,July,28,19.4,Graduate,Studying,5,FALSE,4
Psychology,Confused,2.5,2024,Qtr 3,July,28,70.51,Undergraduate,Homework Help,24,FALSE,3
Psychology,Confused,2.2,2024,Qtr 3,July,30,23.3,Undergraduate,Writing,4,FALSE,2
Psychology,Confused,2,2024,Qtr 3,July,31,9.82,Graduate,Homework Help,2,TRUE,3
Psychology,Confused,4.3,2024,Qtr 3,August,1,15.36,Undergraduate,Research,5,TRUE,4
Psychology,Confused,5,2024,Qtr 3,August,2,2.32,Undergraduate,Research,1,FALSE,5
Psychology,Confused,2.6,2024,Qtr 3,August,3,20.47,Undergraduate,Coding,5,TRUE,4
Psychology,Confused,4,2024,Qtr 3,August,4,23.7,Graduate,Homework Help,5,FALSE,4
Psychology,Confused,4.5,2024,Qtr 3,August,6,4.92,Undergraduate,Homework Help,1,TRUE,3
Psychology,Confused,2.9,2024,Qtr 3,August,7,18.2,Undergraduate,Writing,3,FALSE,3
Psychology,Confused,3.1,2024,Qtr 3,August,8,13.6,Undergraduate,Studying,3,FALSE,3
Psychology,Confused,2.6,2024,Qtr 3,August,10,23.61,Graduate,Writing,5,FALSE,4
Psychology,Confused,2.2,2024,Qtr 3,August,16,12.14,Graduate,Brainstorming,3,FALSE,4
Psychology,Confused,3.3,2024,Qtr 3,August,19,14.4,Undergraduate,Coding,3,TRUE,3
Psychology,Confused,3.5,2024,Qtr 3,August,22,18.91,Undergraduate,Studying,6,FALSE,4
Psychology,Confused,4.1,2024,Qtr 3,August,24,31.31,Undergraduate,Coding,6,TRUE,4
Psychology,Confused,3.7,2024,Qtr 3,August,26,22.99,High School,Writing,8,FALSE,4
Psychology,Confused,3.2,2024,Qtr 3,August,26,22.21,Undergraduate,Homework Help,9,FALSE,3
Psychology,Confused,3.8,2024,Qtr 3,August,27,19.31,Undergraduate,Writing,7,FALSE,4
Psychology,Confused,2.6,2024,Qtr 3,August,29,48.83,Undergraduate,Brainstorming,13,FALSE,3
Psychology,Confused,4.8,2024,Qtr 3,August,29,14.79,Undergraduate,Writing,6,FALSE,4
Psychology,Confused,3.5,2024,Qtr 3,August,30,5.88,Graduate,Writing,1,FALSE,4
Psychology,Confused,3.2,2024,Qtr 3,August,31,12.76,Undergraduate,Studying,4,FALSE,3
Psychology,Confused,3.5,2024,Qtr 3,August,31,33.91,Undergraduate,Writing,9,FALSE,3
Psychology,Confused,4.8,2024,Qtr 3,September,2,10.1,Graduate,Coding,3,FALSE,3
Psychology,Confused,3.4,2024,Qtr 3,September,2,14.9,Graduate,Studying,7,TRUE,5
Psychology,Confused,2.9,2024,Qtr 3,September,3,9.48,High School,Homework Help,3,FALSE,2
Psychology,Confused,1,2024,Qtr 3,September,7,7.07,High School,Studying,3,TRUE,2
Psychology,Confused,2.4,2024,Qtr 3,September,7,3.78,Undergraduate,Coding,1,TRUE,3
Psychology,Confused,4.9,2024,Qtr 3,September,10,10.73,Undergraduate,Homework Help,2,TRUE,5
Psychology,Confused,2.8,2024,Qtr 3,September,10,13.18,Undergraduate,Studying,3,TRUE,2
Psychology,Confused,4.3,2024,Qtr 3,September,12,18.48,Undergraduate,Homework Help,4,TRUE,5
Psychology,Confused,3.1,2024,Qtr 3,September,14,23.41,High School,Coding,6,FALSE,3
Psychology,Confused,3.8,2024,Qtr 3,September,16,36.5,Graduate,Homework Help,7,FALSE,4
Psychology,Confused,4.1,2024,Qtr 3,September,16,8.87,Undergraduate,Homework Help,4,FALSE,3
Psychology,Confused,1.9,2024,Qtr 3,September,16,0.82,Undergraduate,Studying,1,FALSE,3
Psychology,Confused,2.7,2024,Qtr 3,September,18,16.29,Undergraduate,Studying,3,TRUE,4
Psychology,Confused,2.9,2024,Qtr 3,September,19,16.39,High School,Coding,4,FALSE,3
Psychology,Confused,2.5,2024,Qtr 3,September,19,5.95,Undergraduate,Homework Help,2,TRUE,3
Psychology,Confused,5,2024,Qtr 3,September,20,59.4,Graduate,Coding,20,TRUE,5
Psychology,Confused,4.5,2024,Qtr 3,September,20,8.56,Undergraduate,Writing,3,FALSE,4
Psychology,Confused,3,2024,Qtr 3,September,21,8.92,High School,Homework Help,2,TRUE,3
Psychology,Confused,3.1,2024,Qtr 3,September,22,8.12,Undergraduate,Studying,3,FALSE,3
Psychology,Confused,3,2024,Qtr 3,September,23,1.87,Undergraduate,Homework Help,1,FALSE,3
Psychology,Confused,4.7,2024,Qtr 3,September,27,10.09,Graduate,Homework Help,2,TRUE,4
Psychology,Confused,2.8,2024,Qtr 3,September,27,4.68,Graduate,Studying,1,FALSE,3
Psychology,Confused,3.6,2024,Qtr 3,September,27,2.77,Undergraduate,Homework Help,1,TRUE,3
Psychology,Confused,3.2,2024,Qtr 3,September,30,1.82,High School,Homework Help,1,TRUE,3
Psychology,Confused,1.8,2024,Qtr 4,October,3,12.2,Undergraduate,Studying,3,FALSE,2
Psychology,Confused,4.7,2024,Qtr 4,October,4,10.71,Undergraduate,Coding,3,FALSE,4
Psychology,Confused,3.7,2024,Qtr 4,October,6,8.1,Undergraduate,Coding,3,FALSE,3
Psychology,Confused,3.3,2024,Qtr 4,October,9,31.92,High School,Studying,12,TRUE,3
Psychology,Confused,4.7,2024,Qtr 4,October,17,8.9,High School,Studying,2,FALSE,5
Psychology,Confused,2.7,2024,Qtr 4,October,23,15.87,High School,Brainstorming,6,TRUE,3
Psychology,Confused,2.2,2024,Qtr 4,October,25,21.38,Graduate,Coding,7,FALSE,4
Psychology,Confused,3.4,2024,Qtr 4,October,25,39.35,High School,Homework Help,8,FALSE,3
Psychology,Confused,4.1,2024,Qtr 4,October,25,10.22,Undergraduate,Writing,5,FALSE,4
Psychology,Confused,3.6,2024,Qtr 4,October,26,25.72,Undergraduate,Homework Help,7,FALSE,3
Psychology,Confused,5,2024,Qtr 4,October,28,8.23,Undergraduate,Homework Help,2,FALSE,4
Psychology,Confused,1,2024,Qtr 4,October,28,11.27,Undergraduate,Research,2,FALSE,2
Psychology,Confused,5,2024,Qtr 4,October,28,19.41,Undergraduate,Research,3,TRUE,5
Psychology,Confused,1,2024,Qtr 4,October,29,53.86,Undergraduate,Homework Help,20,TRUE,2
Psychology,Confused,5,2024,Qtr 4,November,1,26.05,Undergraduate,Coding,9,TRUE,5
Psychology,Confused,4.5,2024,Qtr 4,November,1,26.98,Undergraduate,Studying,5,TRUE,3
Psychology,Confused,2.4,2024,Qtr 4,November,3,10.54,Undergraduate,Coding,3,FALSE,3
Psychology,Confused,1.4,2024,Qtr 4,November,4,14.37,Undergraduate,Coding,3,TRUE,2
Psychology,Confused,3.3,2024,Qtr 4,November,6,18.93,Undergraduate,Writing,4,TRUE,3
Psychology,Confused,5,2024,Qtr 4,November,7,32.1,Graduate,Writing,7,FALSE,4
Psychology,Confused,5,2024,Qtr 4,November,7,8.12,Undergraduate,Homework Help,1,FALSE,5
Psychology,Confused,1,2024,Qtr 4,November,8,1.21,Undergraduate,Studying,1,TRUE,2
Psychology,Confused,3.8,2024,Qtr 4,November,11,14.4,High School,Coding,4,TRUE,4
Psychology,Confused,3.9,2024,Qtr 4,November,14,1.84,Undergraduate,Writing,1,FALSE,3
Psychology,Confused,5,2024,Qtr 4,November,17,32.42,Undergraduate,Studying,8,FALSE,5
Psychology,Confused,3.4,2024,Qtr 4,November,18,28.98,Undergraduate,Coding,11,FALSE,3
Psychology,Confused,3.3,2024,Qtr 4,November,18,15.94,Undergraduate,Studying,4,FALSE,3
Psychology,Confused,2.6,2024,Qtr 4,November,22,9.69,Undergraduate,Writing,2,TRUE,3
Psychology,Confused,3,2024,Qtr 4,November,24,13.01,Undergraduate,Research,3,TRUE,3
Psychology,Confused,3,2024,Qtr 4,November,27,24.06,Graduate,Homework Help,9,TRUE,4
Psychology,Confused,4.8,2024,Qtr 4,December,3,39.81,Undergraduate,Coding,18,FALSE,3
Psychology,Confused,2.9,2024,Qtr 4,December,4,32.84,Graduate,Research,6,FALSE,3
Psychology,Confused,4.6,2024,Qtr 4,December,9,36.25,Undergraduate,Writing,11,FALSE,4
Psychology,Confused,5,2024,Qtr 4,December,10,22.99,Undergraduate,Studying,6,FALSE,3
Psychology,Confused,3,2024,Qtr 4,December,11,6.34,Undergraduate,Studying,2,TRUE,4
Psychology,Confused,4.5,2024,Qtr 4,December,13,3.23,Graduate,Homework Help,1,FALSE,5
Psychology,Confused,4.5,2024,Qtr 4,December,15,10.81,Undergraduate,Studying,2,FALSE,5
Psychology,Confused,3.8,2024,Qtr 4,December,20,27.51,Undergraduate,Homework Help,12,FALSE,3
Psychology,Confused,1,2024,Qtr 4,December,25,19.29,Graduate,Writing,7,TRUE,2
Psychology,Confused,4.8,2024,Qtr 4,December,27,56.6,Graduate,Coding,26,FALSE,5
Psychology,Confused,4.6,2024,Qtr 4,December,30,8.54,High School,Writing,2,FALSE,5
Psychology,Confused,4.6,2025,Qtr 1,January,1,4.54,Undergraduate,Writing,1,FALSE,5
Psychology,Confused,2.2,2025,Qtr 1,January,4,20.4,Undergraduate,Studying,4,FALSE,3
Psychology,Confused,3.3,2025,Qtr 1,January,5,13.48,Undergraduate,Coding,4,TRUE,3
Psychology,Confused,4,2025,Qtr 1,January,5,52.21,Undergraduate,Studying,18,FALSE,4
Psychology,Confused,3.6,2025,Qtr 1,January,7,26.93,High School,Coding,9,FALSE,4
Psychology,Confused,5,2025,Qtr 1,January,10,8.58,High School,Studying,1,TRUE,4
Psychology,Confused,2.8,2025,Qtr 1,January,13,13.83,Undergraduate,Homework Help,5,TRUE,3
Psychology,Confused,2.4,2025,Qtr 1,January,18,10.35,Graduate,Studying,3,TRUE,4
Psychology,Confused,5,2025,Qtr 1,January,18,18,Undergraduate,Coding,8,TRUE,4
Psychology,Confused,4.5,2025,Qtr 1,January,18,36.62,Undergraduate,Studying,12,TRUE,4
Psychology,Confused,3.2,2025,Qtr 1,January,20,4.72,Undergraduate,Research,2,FALSE,3
Psychology,Confused,4.8,2025,Qtr 1,January,22,27.1,Undergraduate,Coding,9,FALSE,5
Psychology,Confused,1.7,2025,Qtr 1,January,24,18.17,High School,Studying,3,TRUE,3
Psychology,Confused,3.6,2025,Qtr 1,January,25,43.6,High School,Research,9,TRUE,4
Psychology,Confused,2.9,2025,Qtr 1,January,25,35.78,Undergraduate,Writing,8,TRUE,3
Psychology,Confused,2.6,2025,Qtr 1,January,26,7.47,Graduate,Brainstorming,2,FALSE,3
Psychology,Confused,2.5,2025,Qtr 1,January,27,38.05,Undergraduate,Writing,9,TRUE,2
Psychology,Confused,2,2025,Qtr 1,January,31,10.57,Graduate,Writing,3,TRUE,3
Psychology,Confused,4.6,2025,Qtr 1,January,31,14.63,Undergraduate,Homework Help,3,FALSE,5
Psychology,Confused,3.4,2025,Qtr 1,January,31,14.65,Undergraduate,Research,5,TRUE,3
Psychology,Confused,6.1,2025,Qtr 1,February,1,45.67,High School,Studying,13,FALSE,8
Psychology,Confused,4.8,2025,Qtr 1,February,1,6.64,Undergraduate,Coding,1,FALSE,4
Psychology,Confused,1.5,2025,Qtr 1,February,2,16.99,Graduate,Writing,4,TRUE,2
Psychology,Confused,5,2025,Qtr 1,February,2,5.07,High School,Homework Help,2,TRUE,5
Psychology,Confused,4.7,2025,Qtr 1,February,2,16.03,High School,Research,3,TRUE,5
Psychology,Confused,2,2025,Qtr 1,February,3,15.12,Undergraduate,Studying,4,TRUE,3
Psychology,Confused,1.7,2025,Qtr 1,February,3,22,Undergraduate,Writing,4,FALSE,2
Psychology,Confused,4.5,2025,Qtr 1,February,5,12.78,Undergraduate,Writing,3,FALSE,4
Psychology,Confused,3.8,2025,Qtr 1,February,7,12.33,Graduate,Studying,3,FALSE,4
Psychology,Confused,5,2025,Qtr 1,February,8,6.58,Undergraduate,Studying,1,FALSE,4
Psychology,Confused,4.7,2025,Qtr 1,February,9,15.72,High School,Research,3,FALSE,4
Psychology,Confused,1.8,2025,Qtr 1,February,9,56.13,Undergraduate,Research,24,FALSE,2
Psychology,Confused,2.9,2025,Qtr 1,February,9,20.2,Undergraduate,Studying,5,FALSE,4
Psychology,Confused,3.8,2025,Qtr 1,February,10,60.54,Undergraduate,Homework Help,16,FALSE,3
Psychology,Confused,3.1,2025,Qtr 1,February,11,4.76,Undergraduate,Studying,1,TRUE,4
Psychology,Confused,4,2025,Qtr 1,February,11,4.74,Undergraduate,Writing,1,FALSE,3
Psychology,Confused,3.4,2025,Qtr 1,February,14,24.14,Undergraduate,Coding,5,TRUE,4
Psychology,Confused,1,2025,Qtr 1,February,16,7.79,Graduate,Studying,3,FALSE,1
Psychology,Confused,3.5,2025,Qtr 1,February,16,15.29,Undergraduate,Coding,3,FALSE,3
Psychology,Confused,2.5,2025,Qtr 1,February,18,18.28,High School,Writing,8,FALSE,3
Psychology,Confused,5,2025,Qtr 1,February,19,20.93,Undergraduate,Brainstorming,6,FALSE,5
Psychology,Confused,4.2,2025,Qtr 1,February,20,24.69,Undergraduate,Homework Help,7,FALSE,3
Psychology,Confused,3.4,2025,Qtr 1,February,20,27.28,Undergraduate,Studying,6,FALSE,2
Psychology,Confused,2.8,2025,Qtr 1,February,23,20.19,Undergraduate,Writing,7,TRUE,3
Psychology,Confused,2.3,2025,Qtr 1,February,28,12.04,Undergraduate,Writing,2,TRUE,4
Psychology,Confused,5,2025,Qtr 1,March,2,3.97,Undergraduate,Studying,1,TRUE,5
Psychology,Confused,3.4,2025,Qtr 1,March,2,4.47,Undergraduate,Writing,1,FALSE,3
Psychology,Confused,4.9,2025,Qtr 1,March,3,30.66,Graduate,Studying,9,FALSE,5
Psychology,Confused,3.4,2025,Qtr 1,March,5,8.54,Graduate,Writing,2,FALSE,3
Psychology,Confused,3.5,2025,Qtr 1,March,7,21.27,Graduate,Homework Help,6,TRUE,3
Psychology,Confused,3.6,2025,Qtr 1,March,8,20.17,Undergraduate,Studying,7,FALSE,3
Psychology,Confused,4.6,2025,Qtr 1,March,9,14.45,High School,Studying,3,FALSE,5
Psychology,Confused,4.9,2025,Qtr 1,March,9,16.76,Undergraduate,Homework Help,4,TRUE,4
Psychology,Confused,1.5,2025,Qtr 1,March,10,6.68,Undergraduate,Homework Help,2,FALSE,2
Psychology,Confused,3.6,2025,Qtr 1,March,17,18.45,High School,Research,7,FALSE,3
Psychology,Confused,3.1,2025,Qtr 1,March,17,15.74,High School,Studying,4,TRUE,2
Psychology,Confused,3,2025,Qtr 1,March,18,5.32,Undergraduate,Brainstorming,1,FALSE,3
Psychology,Confused,1.2,2025,Qtr 1,March,19,19.55,Graduate,Coding,8,FALSE,3
Psychology,Confused,4.9,2025,Qtr 1,March,20,22.85,Graduate,Brainstorming,9,TRUE,5
Psychology,Confused,1,2025,Qtr 1,March,20,42.66,High School,Studying,14,FALSE,3
Psychology,Confused,2.5,2025,Qtr 1,March,21,26.09,Graduate,Studying,9,TRUE,4
Psychology,Confused,3.2,2025,Qtr 1,March,21,12.18,High School,Writing,5,FALSE,3
Psychology,Confused,2.8,2025,Qtr 1,March,21,14.15,Undergraduate,Research,6,FALSE,4
Psychology,Confused,8.8,2025,Qtr 1,March,21,37.62,Undergraduate,Writing,7,FALSE,8
Psychology,Confused,2.8,2025,Qtr 1,March,23,4.42,Graduate,Coding,1,FALSE,3
Psychology,Confused,3.9,2025,Qtr 1,March,26,5.75,Graduate,Studying,1,TRUE,3
Psychology,Confused,5,2025,Qtr 1,March,28,31.85,Undergraduate,Studying,13,FALSE,5
Psychology,Confused,4.2,2025,Qtr 1,March,31,16.34,Graduate,Research,3,TRUE,5
Psychology,Confused,2.6,2025,Qtr 1,March,31,37.19,High School,Coding,7,TRUE,2
Psychology,Confused,4.6,2025,Qtr 2,April,3,36.98,High School,Writing,9,FALSE,4
Psychology,Confused,3.2,2025,Qtr 2,April,5,12.03,Graduate,Homework Help,2,FALSE,3
Psychology,Confused,3.3,2025,Qtr 2,April,5,18.08,Graduate,Studying,4,FALSE,2
Psychology,Confused,5,2025,Qtr 2,April,9,4.51,Graduate,Writing,1,TRUE,4
Psychology,Confused,2.8,2025,Qtr 2,April,9,22.12,Undergraduate,Writing,6,FALSE,2
Psychology,Confused,4.9,2025,Qtr 2,April,10,10.95,Undergraduate,Studying,4,FALSE,4
Psychology,Confused,3.8,2025,Qtr 2,April,11,8.24,Undergraduate,Coding,1,TRUE,3
Psychology,Confused,4.5,2025,Qtr 2,April,14,42.66,Undergraduate,Coding,16,TRUE,4
Psychology,Confused,4.3,2025,Qtr 2,April,19,7.94,Graduate,Coding,1,TRUE,4
Psychology,Confused,1,2025,Qtr 2,April,22,29.48,Graduate,Coding,6,TRUE,2
Psychology,Confused,4.1,2025,Qtr 2,April,23,17.25,Undergraduate,Coding,4,FALSE,4
Psychology,Confused,1.7,2025,Qtr 2,April,27,14.63,High School,Homework Help,5,FALSE,2
Psychology,Confused,5,2025,Qtr 2,April,28,5.85,Undergraduate,Writing,1,TRUE,5
Psychology,Confused,2.9,2025,Qtr 2,April,29,4,Undergraduate,Studying,1,FALSE,3
Psychology,Confused,2.7,2025,Qtr 2,April,30,50.47,Graduate,Homework Help,23,FALSE,3
Psychology,Confused,4.1,2025,Qtr 2,April,30,14.03,High School,Studying,4,FALSE,4
Psychology,Confused,5,2025,Qtr 2,May,4,14.95,Undergraduate,Homework Help,3,FALSE,4
Psychology,Confused,3.8,2025,Qtr 2,May,5,3.76,Graduate,Writing,1,TRUE,4
Psychology,Confused,2.6,2025,Qtr 2,May,12,23.68,Undergraduate,Coding,11,TRUE,3
Psychology,Confused,1,2025,Qtr 2,May,12,13.3,Undergraduate,Studying,3,TRUE,1
Psychology,Confused,3.1,2025,Qtr 2,May,13,25.1,Undergraduate,Research,8,TRUE,3
Psychology,Confused,4.7,2025,Qtr 2,May,19,9.52,Graduate,Brainstorming,3,FALSE,4
Psychology,Confused,3.7,2025,Qtr 2,May,19,27.97,Undergraduate,Coding,7,TRUE,3
Psychology,Confused,5,2025,Qtr 2,May,20,6.6,High School,Coding,1,TRUE,5
Psychology,Confused,5,2025,Qtr 2,May,23,6.69,Undergraduate,Studying,2,TRUE,5
Psychology,Confused,3.6,2025,Qtr 2,May,26,62.5,High School,Studying,19,TRUE,3
Psychology,Confused,4.8,2025,Qtr 2,May,26,3.23,Undergraduate,Studying,1,TRUE,4
Psychology,Confused,4.6,2025,Qtr 2,May,29,24.15,Graduate,Coding,4,FALSE,4
Psychology,Confused,3.1,2025,Qtr 2,May,30,10.07,Undergraduate,Coding,2,FALSE,3
Psychology,Confused,5,2025,Qtr 2,May,31,10.36,High School,Studying,2,FALSE,4
Psychology,Confused,3.7,2025,Qtr 2,June,1,3.08,Undergraduate,Homework Help,1,FALSE,4
Psychology,Confused,3.4,2025,Qtr 2,June,6,9.16,Undergraduate,Brainstorming,2,FALSE,3
Psychology,Confused,5,2025,Qtr 2,June,7,17.99,High School,Writing,7,TRUE,5
Psychology,Confused,4.4,2025,Qtr 2,June,8,31.85,Graduate,Writing,9,FALSE,4
Psychology,Confused,5,2025,Qtr 2,June,10,19.67,Graduate,Coding,9,FALSE,5
Psychology,Confused,3.2,2025,Qtr 2,June,10,34.49,High School,Writing,7,FALSE,3
Psychology,Confused,3,2025,Qtr 2,June,11,16.37,Undergraduate,Homework Help,4,FALSE,3
Psychology,Confused,3.9,2025,Qtr 2,June,12,6.85,Undergraduate,Studying,1,FALSE,4
Psychology,Confused,5,2025,Qtr 2,June,13,30.1,Undergraduate,Studying,8,FALSE,5
Psychology,Confused,3.5,2025,Qtr 2,June,14,29.84,High School,Research,6,FALSE,4
Psychology,Confused,3.1,2025,Qtr 2,June,15,30.37,Undergraduate,Writing,10,FALSE,4
Psychology,Confused,1.6,2025,Qtr 2,June,22,20.26,High School,Homework Help,7,TRUE,1
Psychology,Confused,3.8,2025,Qtr 2,June,23,2.87,Undergraduate,Studying,1,FALSE,5
Psychology,Confused,3.6,2025,Qtr 2,June,24,24.17,Undergraduate,Writing,6,FALSE,4
Psychology,Gave Up,6.5,2024,Qtr 2,June,25,43.6,Undergraduate,Homework Help,13,FALSE,6
Psychology,Gave Up,2.3,2024,Qtr 2,June,26,27.3,Undergraduate,Research,9,TRUE,3
Psychology,Gave Up,5,2024,Qtr 2,June,30,15.01,Undergraduate,Homework Help,5,FALSE,5
Psychology,Gave Up,3,2024,Qtr 3,July,8,20.45,Undergraduate,Studying,8,TRUE,4
Psychology,Gave Up,4.3,2024,Qtr 3,July,12,17.85,Graduate,Research,7,TRUE,4
Psychology,Gave Up,3.2,2024,Qtr 3,July,15,42.5,Graduate,Writing,12,TRUE,4
Psychology,Gave Up,3.9,2024,Qtr 3,July,16,38.1,Undergraduate,Research,7,TRUE,3
Psychology,Gave Up,4.2,2024,Qtr 3,July,19,16.09,Undergraduate,Writing,3,TRUE,4
Psychology,Gave Up,2.2,2024,Qtr 3,July,21,8.76,Undergraduate,Coding,2,TRUE,3
Psychology,Gave Up,2.3,2024,Qtr 3,July,28,15.41,Graduate,Coding,3,FALSE,2
Psychology,Gave Up,4,2024,Qtr 3,August,8,34.89,Graduate,Homework Help,13,TRUE,4
Psychology,Gave Up,4.1,2024,Qtr 3,August,15,19.33,Undergraduate,Coding,4,FALSE,4
Psychology,Gave Up,4.9,2024,Qtr 3,August,31,29.83,Graduate,Studying,8,TRUE,4
Psychology,Gave Up,2.7,2024,Qtr 3,September,2,52.21,Undergraduate,Coding,12,TRUE,2
Psychology,Gave Up,5,2024,Qtr 3,September,2,25.94,Undergraduate,Writing,11,TRUE,4
Psychology,Gave Up,4.5,2024,Qtr 3,September,4,4.68,Undergraduate,Studying,1,TRUE,5
Psychology,Gave Up,1,2024,Qtr 3,September,5,18.7,High School,Studying,5,FALSE,1
Psychology,Gave Up,3.1,2024,Qtr 3,September,8,36.94,Undergraduate,Studying,13,TRUE,2
Psychology,Gave Up,1.9,2024,Qtr 3,September,9,25.72,Undergraduate,Studying,9,FALSE,3
Psychology,Gave Up,3.5,2024,Qtr 3,September,9,32.55,Undergraduate,Writing,13,FALSE,3
Psychology,Gave Up,1,2024,Qtr 3,September,18,12.12,Undergraduate,Studying,2,FALSE,1
Psychology,Gave Up,5,2024,Qtr 3,September,19,18.5,Graduate,Homework Help,6,FALSE,5
Psychology,Gave Up,2.2,2024,Qtr 3,September,30,2.39,Undergraduate,Homework Help,1,TRUE,3
Psychology,Gave Up,2.1,2024,Qtr 4,October,5,13.98,Undergraduate,Research,3,FALSE,2
Psychology,Gave Up,5,2024,Qtr 4,October,12,14.06,Graduate,Homework Help,3,FALSE,5
Psychology,Gave Up,2.5,2024,Qtr 4,October,14,29.31,Graduate,Research,11,FALSE,3
Psychology,Gave Up,1.8,2024,Qtr 4,October,16,11.48,Undergraduate,Research,2,TRUE,3
Psychology,Gave Up,1.4,2024,Qtr 4,October,19,4,High School,Coding,1,FALSE,4
Psychology,Gave Up,5,2024,Qtr 4,October,24,16.15,High School,Studying,4,FALSE,5
Psychology,Gave Up,5,2024,Qtr 4,October,25,24.87,Undergraduate,Studying,5,FALSE,5
Psychology,Gave Up,3.5,2024,Qtr 4,October,31,9.05,Undergraduate,Studying,4,FALSE,3
Psychology,Gave Up,3.6,2024,Qtr 4,November,11,13.21,Graduate,Brainstorming,4,TRUE,3
Psychology,Gave Up,5,2024,Qtr 4,November,11,7.03,Undergraduate,Homework Help,1,FALSE,5
Psychology,Gave Up,2,2024,Qtr 4,November,15,22.07,Graduate,Homework Help,5,TRUE,1
Psychology,Gave Up,3,2024,Qtr 4,November,17,33.28,Graduate,Coding,13,TRUE,3
Psychology,Gave Up,2.2,2024,Qtr 4,November,21,23.46,High School,Writing,6,TRUE,3
Psychology,Gave Up,1.8,2024,Qtr 4,November,24,8.74,High School,Writing,4,FALSE,2
Psychology,Gave Up,6,2024,Qtr 4,November,25,74.85,Undergraduate,Homework Help,30,FALSE,7
Psychology,Gave Up,3.7,2024,Qtr 4,November,28,13.3,Graduate,Studying,3,FALSE,3
Psychology,Gave Up,2.7,2024,Qtr 4,December,5,14.12,High School,Homework Help,3,FALSE,2
Psychology,Gave Up,2.8,2024,Qtr 4,December,7,4.66,Graduate,Coding,1,FALSE,3
Psychology,Gave Up,4.7,2024,Qtr 4,December,13,17.64,Undergraduate,Homework Help,5,TRUE,4
Psychology,Gave Up,3,2024,Qtr 4,December,13,19.68,Undergraduate,Studying,3,TRUE,3
Psychology,Gave Up,1.8,2024,Qtr 4,December,16,17.22,Graduate,Writing,4,TRUE,3
Psychology,Gave Up,3.3,2024,Qtr 4,December,23,26.19,High School,Coding,12,TRUE,3
Psychology,Gave Up,5,2024,Qtr 4,December,26,16.97,Undergraduate,Coding,4,FALSE,4
Psychology,Gave Up,4.1,2024,Qtr 4,December,29,51.48,Undergraduate,Writing,13,TRUE,4
Psychology,Gave Up,5,2025,Qtr 1,January,2,8.24,Graduate,Homework Help,2,FALSE,5
Psychology,Gave Up,3,2025,Qtr 1,January,3,15.28,Undergraduate,Studying,3,TRUE,4
Psychology,Gave Up,5,2025,Qtr 1,January,4,6.35,Undergraduate,Studying,1,TRUE,5
Psychology,Gave Up,4,2025,Qtr 1,January,20,48.84,Undergraduate,Studying,10,FALSE,4
Psychology,Gave Up,1.5,2025,Qtr 1,January,21,17.63,High School,Studying,4,FALSE,2
Psychology,Gave Up,4.1,2025,Qtr 1,January,26,12.95,Undergraduate,Homework Help,4,FALSE,3
Psychology,Gave Up,4.5,2025,Qtr 1,January,27,16.62,Graduate,Writing,4,TRUE,4
Psychology,Gave Up,5,2025,Qtr 1,January,30,2.94,Undergraduate,Studying,1,FALSE,4
Psychology,Gave Up,4.5,2025,Qtr 1,February,2,16.06,High School,Research,4,FALSE,5
Psychology,Gave Up,2.7,2025,Qtr 1,February,2,13.92,Undergraduate,Homework Help,3,FALSE,3
Psychology,Gave Up,5,2025,Qtr 1,February,7,34.23,High School,Writing,14,TRUE,5
Psychology,Gave Up,3.4,2025,Qtr 1,February,12,21.01,High School,Homework Help,5,FALSE,3
Psychology,Gave Up,5,2025,Qtr 1,February,15,9.64,Undergraduate,Homework Help,3,FALSE,5
Psychology,Gave Up,4.8,2025,Qtr 1,February,22,7.51,Undergraduate,Studying,1,FALSE,5
Psychology,Gave Up,4.5,2025,Qtr 1,March,7,9.43,Undergraduate,Homework Help,4,FALSE,4
Psychology,Gave Up,3.9,2025,Qtr 1,March,8,64.58,Undergraduate,Homework Help,14,TRUE,4
Psychology,Gave Up,1.9,2025,Qtr 1,March,9,4.78,High School,Coding,1,FALSE,1
Psychology,Gave Up,3.8,2025,Qtr 1,March,13,4.71,High School,Homework Help,2,TRUE,4
Psychology,Gave Up,2.4,2025,Qtr 1,March,21,2.85,Graduate,Brainstorming,1,TRUE,3
Psychology,Gave Up,2.7,2025,Qtr 1,March,22,6.19,Undergraduate,Homework Help,2,FALSE,4
Psychology,Gave Up,1,2025,Qtr 1,March,28,40.95,Undergraduate,Coding,17,FALSE,2
Psychology,Gave Up,2.9,2025,Qtr 1,March,31,71.03,Graduate,Studying,28,TRUE,3
Psychology,Gave Up,3.7,2025,Qtr 2,April,1,35.23,High School,Writing,7,TRUE,5
Psychology,Gave Up,4,2025,Qtr 2,April,2,8.29,Undergraduate,Studying,2,FALSE,4
Psychology,Gave Up,4.4,2025,Qtr 2,April,11,9.71,Graduate,Coding,2,FALSE,3
Psychology,Gave Up,3.4,2025,Qtr 2,April,14,31.52,Undergraduate,Writing,14,FALSE,4
Psychology,Gave Up,3.8,2025,Qtr 2,April,21,15.64,Undergraduate,Writing,3,FALSE,4
Psychology,Gave Up,3.3,2025,Qtr 2,April,22,30.08,High School,Brainstorming,9,TRUE,4
Psychology,Gave Up,5,2025,Qtr 2,April,22,26.49,High School,Writing,5,FALSE,5
Psychology,Gave Up,1.5,2025,Qtr 2,April,24,2.62,Undergraduate,Homework Help,1,FALSE,2
Psychology,Gave Up,5,2025,Qtr 2,April,27,30.53,Undergraduate,Writing,6,FALSE,5
Psychology,Gave Up,3.8,2025,Qtr 2,May,3,30.87,Undergraduate,Homework Help,6,FALSE,3
Psychology,Gave Up,3.4,2025,Qtr 2,May,4,16.65,Undergraduate,Coding,4,TRUE,4
Psychology,Gave Up,3.8,2025,Qtr 2,May,7,56.51,Undergraduate,Coding,14,FALSE,3
Psychology,Gave Up,3.7,2025,Qtr 2,May,12,12.5,Undergraduate,Writing,3,FALSE,5
Psychology,Gave Up,4.2,2025,Qtr 2,May,18,24.99,Undergraduate,Studying,5,FALSE,5
Psychology,Gave Up,4.8,2025,Qtr 2,May,19,1.58,Graduate,Studying,1,FALSE,3
Psychology,Gave Up,1.9,2025,Qtr 2,May,24,24.02,Undergraduate,Coding,5,FALSE,3
Psychology,Gave Up,3.8,2025,Qtr 2,May,26,6.94,Undergraduate,Research,1,FALSE,3
Psychology,Gave Up,1.7,2025,Qtr 2,May,31,9.74,Undergraduate,Studying,2,FALSE,2
Psychology,Gave Up,2.9,2025,Qtr 2,June,4,48.89,Undergraduate,Writing,11,FALSE,2
Psychology,Gave Up,4.6,2025,Qtr 2,June,6,14.63,Undergraduate,Writing,6,TRUE,5
Psychology,Gave Up,3.5,2025,Qtr 2,June,16,11.2,Graduate,Research,2,FALSE,2
Psychology,Gave Up,2.3,2025,Qtr 2,June,20,4.42,Undergraduate,Homework Help,1,FALSE,3
Psychology,Gave Up,1,2025,Qtr 2,June,21,35.77,High School,Writing,9,FALSE,2
Psychology,Gave Up,3.6,2025,Qtr 2,June,23,28.63,High School,Studying,6,TRUE,3
Psychology,Gave Up,5,2025,Qtr 2,June,24,10.24,Graduate,Coding,4,TRUE,4
Psychology,Idea Drafted,3.3,2024,Qtr 2,June,24,15.16,Undergraduate,Homework Help,3,TRUE,3
Psychology,Idea Drafted,5,2024,Qtr 2,June,27,5.01,Undergraduate,Studying,1,TRUE,4
Psychology,Idea Drafted,4,2024,Qtr 2,June,28,14.09,High School,Writing,2,TRUE,5
Psychology,Idea Drafted,4.6,2024,Qtr 2,June,28,35.02,Undergraduate,Research,9,TRUE,4
Psychology,Idea Drafted,5,2024,Qtr 2,June,28,1.92,Undergraduate,Studying,1,TRUE,5
Psychology,Idea Drafted,4.6,2024,Qtr 2,June,28,22.69,Undergraduate,Writing,10,TRUE,5
Psychology,Idea Drafted,4.8,2024,Qtr 2,June,29,26.61,Undergraduate,Studying,9,TRUE,4
Psychology,Idea Drafted,3.1,2024,Qtr 2,June,30,49.03,Graduate,Writing,11,FALSE,4
Psychology,Idea Drafted,4.3,2024,Qtr 2,June,30,8.76,High School,Studying,3,TRUE,4
Psychology,Idea Drafted,3.2,2024,Qtr 3,July,1,21.79,Undergraduate,Homework Help,4,FALSE,4
Psychology,Idea Drafted,3.4,2024,Qtr 3,July,2,31.33,Undergraduate,Coding,6,TRUE,4
Psychology,Idea Drafted,3.8,2024,Qtr 3,July,2,14.76,Undergraduate,Homework Help,3,TRUE,4
Psychology,Idea Drafted,3.2,2024,Qtr 3,July,4,14.53,High School,Writing,3,TRUE,3
Psychology,Idea Drafted,3.4,2024,Qtr 3,July,4,44.42,Undergraduate,Coding,10,TRUE,5
Psychology,Idea Drafted,2.6,2024,Qtr 3,July,4,20.21,Undergraduate,Studying,5,FALSE,3
Psychology,Idea Drafted,3.5,2024,Qtr 3,July,5,33.32,Undergraduate,Studying,11,TRUE,3
Psychology,Idea Drafted,3.4,2024,Qtr 3,July,5,14.01,Undergraduate,Writing,4,TRUE,4
Psychology,Idea Drafted,2.6,2024,Qtr 3,July,7,25.7,Undergraduate,Coding,9,TRUE,3
Psychology,Idea Drafted,2.8,2024,Qtr 3,July,8,6.98,Undergraduate,Coding,2,TRUE,2
Psychology,Idea Drafted,3.7,2024,Qtr 3,July,9,29.72,Undergraduate,Writing,7,TRUE,4
Psychology,Idea Drafted,5,2024,Qtr 3,July,10,21.46,Graduate,Brainstorming,4,FALSE,5
Psychology,Idea Drafted,5,2024,Qtr 3,July,13,9.5,High School,Writing,3,TRUE,5
Psychology,Idea Drafted,3.8,2024,Qtr 3,July,15,24.96,High School,Studying,5,TRUE,3
Psychology,Idea Drafted,4.2,2024,Qtr 3,July,15,22.68,High School,Writing,6,TRUE,4
Psychology,Idea Drafted,1.7,2024,Qtr 3,July,16,7.48,Undergraduate,Research,2,TRUE,3
Psychology,Idea Drafted,4.5,2024,Qtr 3,July,17,10.61,Undergraduate,Writing,2,FALSE,3
Psychology,Idea Drafted,4.8,2024,Qtr 3,July,19,23.48,Graduate,Writing,5,TRUE,5
Psychology,Idea Drafted,4.9,2024,Qtr 3,July,20,3.18,Graduate,Brainstorming,1,TRUE,5
Psychology,Idea Drafted,2,2024,Qtr 3,July,20,8.96,High School,Writing,2,TRUE,2
Psychology,Idea Drafted,4.5,2024,Qtr 3,July,20,35.33,Undergraduate,Brainstorming,10,TRUE,4
Psychology,Idea Drafted,4.4,2024,Qtr 3,July,20,22.48,Undergraduate,Homework Help,6,TRUE,4
Psychology,Idea Drafted,3.2,2024,Qtr 3,July,21,15.3,Undergraduate,Brainstorming,4,TRUE,3
Psychology,Idea Drafted,5,2024,Qtr 3,July,22,10.98,Graduate,Homework Help,3,TRUE,4
Psychology,Idea Drafted,3.6,2024,Qtr 3,July,23,4.56,High School,Research,1,TRUE,4
Psychology,Idea Drafted,4.6,2024,Qtr 3,July,26,11.39,High School,Studying,2,TRUE,4
Psychology,Idea Drafted,5,2024,Qtr 3,July,27,18.63,Graduate,Coding,4,TRUE,5
Psychology,Idea Drafted,3.3,2024,Qtr 3,July,27,17.65,Undergraduate,Writing,6,FALSE,3
Psychology,Idea Drafted,3.6,2024,Qtr 3,July,28,18.66,High School,Writing,5,TRUE,2
Psychology,Idea Drafted,3.1,2024,Qtr 3,July,28,4.92,Undergraduate,Studying,1,TRUE,2
Psychology,Idea Drafted,5,2024,Qtr 3,July,30,10.73,Graduate,Writing,4,FALSE,4
Psychology,Idea Drafted,3.1,2024,Qtr 3,July,30,21.86,High School,Homework Help,9,FALSE,3
Psychology,Idea Drafted,5,2024,Qtr 3,July,30,5.4,High School,Homework Help,2,TRUE,4
Psychology,Idea Drafted,4.3,2024,Qtr 3,July,30,16.36,Undergraduate,Writing,6,FALSE,4
Psychology,Idea Drafted,5,2024,Qtr 3,July,31,57.23,Graduate,Coding,16,TRUE,4
Psychology,Idea Drafted,3.4,2024,Qtr 3,July,31,5.11,High School,Studying,2,TRUE,4
Psychology,Idea Drafted,3.4,2024,Qtr 3,August,1,6.74,Undergraduate,Research,2,TRUE,3
Psychology,Idea Drafted,4.3,2024,Qtr 3,August,2,5.17,Graduate,Research,1,TRUE,3
Psychology,Idea Drafted,5.9,2024,Qtr 3,August,4,29.85,Graduate,Brainstorming,10,TRUE,6
Psychology,Idea Drafted,3.4,2024,Qtr 3,August,4,9.46,High School,Homework Help,1,TRUE,3
Psychology,Idea Drafted,5,2024,Qtr 3,August,4,10.83,Undergraduate,Brainstorming,3,TRUE,5
Psychology,Idea Drafted,4.9,2024,Qtr 3,August,4,17.43,Undergraduate,Homework Help,4,FALSE,4
Psychology,Idea Drafted,3.2,2024,Qtr 3,August,6,27.99,Graduate,Writing,7,TRUE,4
Psychology,Idea Drafted,1.7,2024,Qtr 3,August,6,20.49,High School,Writing,6,TRUE,2
Psychology,Idea Drafted,1,2024,Qtr 3,August,6,51.59,Undergraduate,Homework Help,12,TRUE,2
Psychology,Idea Drafted,5,2024,Qtr 3,August,7,19.16,High School,Coding,6,TRUE,5
Psychology,Idea Drafted,5,2024,Qtr 3,August,9,6.39,Undergraduate,Brainstorming,1,TRUE,5
Psychology,Idea Drafted,4.3,2024,Qtr 3,August,10,30.56,Undergraduate,Research,13,TRUE,4
Psychology,Idea Drafted,3.7,2024,Qtr 3,August,11,25.69,High School,Homework Help,8,TRUE,4
Psychology,Idea Drafted,2.2,2024,Qtr 3,August,12,14.4,Graduate,Writing,6,TRUE,1
Psychology,Idea Drafted,3.8,2024,Qtr 3,August,12,10.26,Undergraduate,Research,4,FALSE,3
Psychology,Idea Drafted,3.7,2024,Qtr 3,August,13,7.61,Undergraduate,Brainstorming,2,TRUE,4
Psychology,Idea Drafted,3.8,2024,Qtr 3,August,14,12.09,Undergraduate,Studying,4,FALSE,4
Psychology,Idea Drafted,2.2,2024,Qtr 3,August,15,13.44,High School,Homework Help,4,TRUE,3
Psychology,Idea Drafted,3.7,2024,Qtr 3,August,15,66.49,Undergraduate,Studying,17,TRUE,4
Psychology,Idea Drafted,4.1,2024,Qtr 3,August,16,9.44,Graduate,Writing,3,TRUE,4
Psychology,Idea Drafted,2.3,2024,Qtr 3,August,17,2.69,Graduate,Studying,1,TRUE,3
Psychology,Idea Drafted,2.5,2024,Qtr 3,August,17,31.83,Undergraduate,Brainstorming,8,FALSE,2
Psychology,Idea Drafted,3.6,2024,Qtr 3,August,18,42.48,Undergraduate,Homework Help,15,TRUE,3
Psychology,Idea Drafted,5,2024,Qtr 3,August,19,27.77,Undergraduate,Studying,12,TRUE,4
Psychology,Idea Drafted,5,2024,Qtr 3,August,20,21.09,High School,Research,5,TRUE,4
Psychology,Idea Drafted,4.6,2024,Qtr 3,August,23,7.47,Undergraduate,Writing,1,TRUE,4
Psychology,Idea Drafted,3,2024,Qtr 3,August,24,43.1,Undergraduate,Studying,12,TRUE,3
Psychology,Idea Drafted,2.2,2024,Qtr 3,August,24,9.02,Undergraduate,Writing,1,FALSE,3
Psychology,Idea Drafted,5,2024,Qtr 3,August,25,51.72,Undergraduate,Homework Help,11,TRUE,5
Psychology,Idea Drafted,3.8,2024,Qtr 3,August,25,43.78,Undergraduate,Writing,13,TRUE,3
Psychology,Idea Drafted,5,2024,Qtr 3,August,26,15.75,Graduate,Coding,5,FALSE,4
Psychology,Idea Drafted,4.4,2024,Qtr 3,August,26,6,High School,Brainstorming,2,TRUE,4
Psychology,Idea Drafted,2.9,2024,Qtr 3,August,26,24.97,High School,Homework Help,5,TRUE,3
Psychology,Idea Drafted,2.3,2024,Qtr 3,August,26,12.67,High School,Studying,2,TRUE,2
Psychology,Idea Drafted,1,2024,Qtr 3,August,26,27.53,Undergraduate,Coding,6,TRUE,2
Psychology,Idea Drafted,2.5,2024,Qtr 3,August,26,5.38,Undergraduate,Studying,2,FALSE,2
Psychology,Idea Drafted,3.2,2024,Qtr 3,August,26,8.93,Undergraduate,Writing,3,FALSE,3
Psychology,Idea Drafted,5.2,2024,Qtr 3,August,29,28.81,Graduate,Writing,8,TRUE,5
Psychology,Idea Drafted,5,2024,Qtr 3,August,29,8.73,High School,Homework Help,2,TRUE,4
Psychology,Idea Drafted,1.9,2024,Qtr 3,August,29,10.99,Undergraduate,Writing,3,TRUE,3
Psychology,Idea Drafted,4.9,2024,Qtr 3,August,30,3.96,Graduate,Studying,1,TRUE,5
Psychology,Idea Drafted,2.5,2024,Qtr 3,August,31,20.48,Undergraduate,Research,5,TRUE,3
Psychology,Idea Drafted,6.3,2024,Qtr 3,September,2,63.03,High School,Writing,20,TRUE,7
Psychology,Idea Drafted,4.2,2024,Qtr 3,September,2,16.49,Undergraduate,Writing,7,TRUE,4
Psychology,Idea Drafted,5,2024,Qtr 3,September,4,65.25,High School,Research,14,TRUE,5
Psychology,Idea Drafted,1,2024,Qtr 3,September,5,6.49,Undergraduate,Studying,2,TRUE,2
Psychology,Idea Drafted,3.3,2024,Qtr 3,September,5,4.68,Undergraduate,Writing,1,TRUE,3
Psychology,Idea Drafted,4.2,2024,Qtr 3,September,6,5.07,Undergraduate,Studying,1,TRUE,3
Psychology,Idea Drafted,3.3,2024,Qtr 3,September,7,2.71,Undergraduate,Studying,1,FALSE,4
Psychology,Idea Drafted,4.6,2024,Qtr 3,September,7,3.1,Undergraduate,Writing,1,FALSE,4
Psychology,Idea Drafted,4.2,2024,Qtr 3,September,8,8.47,Graduate,Coding,2,TRUE,3
Psychology,Idea Drafted,3.6,2024,Qtr 3,September,9,28.66,High School,Homework Help,6,TRUE,4
Psychology,Idea Drafted,3.8,2024,Qtr 3,September,10,5.87,Graduate,Homework Help,2,TRUE,4
Psychology,Idea Drafted,1.1,2024,Qtr 3,September,10,9.41,Undergraduate,Writing,3,TRUE,1
Psychology,Idea Drafted,4.7,2024,Qtr 3,September,11,17.74,Undergraduate,Writing,6,TRUE,4
Psychology,Idea Drafted,5,2024,Qtr 3,September,14,8.95,Graduate,Studying,1,TRUE,5
Psychology,Idea Drafted,1.8,2024,Qtr 3,September,15,11.29,Undergraduate,Studying,4,TRUE,2
Psychology,Idea Drafted,4.2,2024,Qtr 3,September,16,7.45,High School,Writing,2,TRUE,4
Psychology,Idea Drafted,4.1,2024,Qtr 3,September,16,4.1,Undergraduate,Studying,1,TRUE,3
Psychology,Idea Drafted,4.5,2024,Qtr 3,September,17,26.19,Undergraduate,Writing,9,TRUE,5
Psychology,Idea Drafted,3.7,2024,Qtr 3,September,19,4.99,Undergraduate,Brainstorming,1,TRUE,4
Psychology,Idea Drafted,4.9,2024,Qtr 3,September,21,23.29,Graduate,Homework Help,9,TRUE,4
Psychology,Idea Drafted,2.3,2024,Qtr 3,September,22,14.71,Graduate,Coding,3,FALSE,3
Psychology,Idea Drafted,4.8,2024,Qtr 3,September,23,15.4,Undergraduate,Coding,4,TRUE,5
Psychology,Idea Drafted,2.7,2024,Qtr 3,September,25,85.27,Undergraduate,Homework Help,38,TRUE,4
Psychology,Idea Drafted,4.4,2024,Qtr 3,September,26,14.07,Graduate,Homework Help,5,TRUE,4
Psychology,Idea Drafted,3.3,2024,Qtr 3,September,26,11.14,High School,Writing,3,FALSE,5
Psychology,Idea Drafted,3.7,2024,Qtr 3,September,26,8.02,Undergraduate,Studying,2,TRUE,4
Psychology,Idea Drafted,2.8,2024,Qtr 3,September,26,37.08,Undergraduate,Writing,7,FALSE,4
Psychology,Idea Drafted,3.5,2024,Qtr 3,September,28,5.17,Undergraduate,Writing,1,TRUE,3
Psychology,Idea Drafted,5,2024,Qtr 3,September,29,12.38,Undergraduate,Writing,5,TRUE,5
Psychology,Idea Drafted,4.5,2024,Qtr 3,September,30,5.05,Undergraduate,Brainstorming,1,TRUE,4
Psychology,Idea Drafted,1.1,2024,Qtr 3,September,30,4.3,Undergraduate,Writing,1,TRUE,2
Psychology,Idea Drafted,1.7,2024,Qtr 4,October,4,22.86,High School,Homework Help,11,TRUE,2
Psychology,Idea Drafted,3.5,2024,Qtr 4,October,6,32.52,Graduate,Research,8,FALSE,3
Psychology,Idea Drafted,3.5,2024,Qtr 4,October,8,22.26,Undergraduate,Writing,8,FALSE,3
Psychology,Idea Drafted,1,2024,Qtr 4,October,9,39.41,Graduate,Writing,10,TRUE,1
Psychology,Idea Drafted,2.7,2024,Qtr 4,October,9,12.63,High School,Homework Help,3,TRUE,3
Psychology,Idea Drafted,2.7,2024,Qtr 4,October,9,29.94,Undergraduate,Coding,7,TRUE,3
Psychology,Idea Drafted,2.3,2024,Qtr 4,October,13,37.48,Graduate,Studying,9,TRUE,4
Psychology,Idea Drafted,2.4,2024,Qtr 4,October,13,28.64,High School,Studying,5,TRUE,3
Psychology,Idea Drafted,2.9,2024,Qtr 4,October,13,17.26,Undergraduate,Brainstorming,3,TRUE,3
Psychology,Idea Drafted,4.3,2024,Qtr 4,October,14,23.78,High School,Writing,10,TRUE,4
Psychology,Idea Drafted,2.9,2024,Qtr 4,October,14,43.98,Undergraduate,Writing,10,TRUE,4
Psychology,Idea Drafted,3.8,2024,Qtr 4,October,15,14.46,Undergraduate,Homework Help,3,FALSE,4
Psychology,Idea Drafted,2.5,2024,Qtr 4,October,15,25.74,Undergraduate,Writing,6,TRUE,2
Psychology,Idea Drafted,3.9,2024,Qtr 4,October,16,2.72,High School,Brainstorming,1,TRUE,3
Psychology,Idea Drafted,3.5,2024,Qtr 4,October,20,60.39,Undergraduate,Writing,17,TRUE,4
Psychology,Idea Drafted,2.3,2024,Qtr 4,October,21,12.22,Undergraduate,Homework Help,4,FALSE,4
Psychology,Idea Drafted,3.1,2024,Qtr 4,October,23,8.26,High School,Coding,2,TRUE,2
Psychology,Idea Drafted,1,2024,Qtr 4,October,25,50.57,High School,Writing,21,FALSE,1
Psychology,Idea Drafted,3,2024,Qtr 4,October,26,18.75,High School,Studying,3,TRUE,3
Psychology,Idea Drafted,4.7,2024,Qtr 4,October,26,35.75,High School,Writing,8,TRUE,4
Psychology,Idea Drafted,2.5,2024,Qtr 4,October,27,25.23,Undergraduate,Writing,6,FALSE,3
Psychology,Idea Drafted,2.4,2024,Qtr 4,October,28,7.08,Graduate,Coding,2,TRUE,4
Psychology,Idea Drafted,2.3,2024,Qtr 4,October,29,17.56,Undergraduate,Writing,8,TRUE,3
Psychology,Idea Drafted,2.5,2024,Qtr 4,October,30,59.59,Graduate,Coding,17,TRUE,3
Psychology,Idea Drafted,3.2,2024,Qtr 4,October,30,18.53,Graduate,Research,4,FALSE,2
Psychology,Idea Drafted,3.1,2024,Qtr 4,October,31,11.84,Graduate,Writing,3,TRUE,4
Psychology,Idea Drafted,3.3,2024,Qtr 4,October,31,23.17,Undergraduate,Research,9,TRUE,3
Psychology,Idea Drafted,4.4,2024,Qtr 4,November,1,13.18,Graduate,Studying,2,TRUE,4
Psychology,Idea Drafted,4.4,2024,Qtr 4,November,2,16.71,Graduate,Research,5,TRUE,5
Psychology,Idea Drafted,4.5,2024,Qtr 4,November,3,15.4,Graduate,Writing,3,TRUE,4
Psychology,Idea Drafted,4.1,2024,Qtr 4,November,4,6.12,Graduate,Writing,2,TRUE,4
Psychology,Idea Drafted,4.1,2024,Qtr 4,November,4,13.73,Undergraduate,Homework Help,3,TRUE,5
Psychology,Idea Drafted,2.7,2024,Qtr 4,November,6,20.55,Graduate,Research,6,FALSE,4
Psychology,Idea Drafted,3.9,2024,Qtr 4,November,6,2.82,High School,Writing,1,FALSE,3
Psychology,Idea Drafted,5,2024,Qtr 4,November,9,45.11,Undergraduate,Studying,9,TRUE,5
Psychology,Idea Drafted,2.2,2024,Qtr 4,November,9,19.24,Undergraduate,Writing,8,TRUE,4
Psychology,Idea Drafted,1.7,2024,Qtr 4,November,10,1.37,High School,Coding,1,TRUE,3
Psychology,Idea Drafted,4.8,2024,Qtr 4,November,10,48.43,Undergraduate,Writing,22,FALSE,4
Psychology,Idea Drafted,1.9,2024,Qtr 4,November,11,17.14,Graduate,Research,6,TRUE,2
Psychology,Idea Drafted,3,2024,Qtr 4,November,11,7.65,High School,Writing,2,TRUE,2
Psychology,Idea Drafted,2.3,2024,Qtr 4,November,14,13.43,Undergraduate,Studying,3,TRUE,2
Psychology,Idea Drafted,2.7,2024,Qtr 4,November,15,4.6,Undergraduate,Writing,1,TRUE,3
Psychology,Idea Drafted,5,2024,Qtr 4,November,17,25.04,Undergraduate,Writing,6,FALSE,5
Psychology,Idea Drafted,3.1,2024,Qtr 4,November,18,18.01,Graduate,Writing,4,TRUE,3
Psychology,Idea Drafted,3.9,2024,Qtr 4,November,19,10.33,Graduate,Brainstorming,4,FALSE,3
Psychology,Idea Drafted,4.8,2024,Qtr 4,November,19,34.35,Graduate,Homework Help,8,TRUE,5
Psychology,Idea Drafted,1.6,2024,Qtr 4,November,20,12.56,Graduate,Brainstorming,2,TRUE,2
Psychology,Idea Drafted,1.9,2024,Qtr 4,November,20,28.8,High School,Research,8,TRUE,3
Psychology,Idea Drafted,1,2024,Qtr 4,November,21,20.58,Undergraduate,Writing,5,TRUE,2
Psychology,Idea Drafted,2.8,2024,Qtr 4,November,22,22.16,High School,Coding,6,TRUE,2
Psychology,Idea Drafted,3.2,2024,Qtr 4,November,22,7.04,Undergraduate,Coding,2,TRUE,3
Psychology,Idea Drafted,4.9,2024,Qtr 4,November,25,56.72,High School,Coding,21,TRUE,5
Psychology,Idea Drafted,2.2,2024,Qtr 4,November,25,36.97,Undergraduate,Writing,7,FALSE,3
Psychology,Idea Drafted,2.4,2024,Qtr 4,November,26,32.65,High School,Homework Help,6,TRUE,2
Psychology,Idea Drafted,3.7,2024,Qtr 4,November,26,39.68,Undergraduate,Writing,8,TRUE,4
Psychology,Idea Drafted,4.3,2024,Qtr 4,November,27,8.1,Graduate,Homework Help,3,TRUE,5
Psychology,Idea Drafted,4.3,2024,Qtr 4,November,28,8.45,High School,Writing,2,TRUE,4
Psychology,Idea Drafted,4.3,2024,Qtr 4,November,29,41.75,Undergraduate,Coding,9,TRUE,4
Psychology,Idea Drafted,5,2024,Qtr 4,November,29,17.04,Undergraduate,Writing,5,TRUE,5
Psychology,Idea Drafted,5,2024,Qtr 4,November,30,32.04,Undergraduate,Homework Help,8,TRUE,4
Psychology,Idea Drafted,3.2,2024,Qtr 4,December,2,9.07,High School,Brainstorming,2,TRUE,3
Psychology,Idea Drafted,1.9,2024,Qtr 4,December,2,23.68,Undergraduate,Brainstorming,6,FALSE,2
Psychology,Idea Drafted,4.3,2024,Qtr 4,December,4,15.9,Graduate,Writing,4,TRUE,5
Psychology,Idea Drafted,1.9,2024,Qtr 4,December,4,24.22,Undergraduate,Brainstorming,5,TRUE,2
Psychology,Idea Drafted,4,2024,Qtr 4,December,4,8.11,Undergraduate,Studying,3,FALSE,4
Psychology,Idea Drafted,2.4,2024,Qtr 4,December,5,32.69,High School,Homework Help,9,TRUE,3
Psychology,Idea Drafted,3.1,2024,Qtr 4,December,6,21.57,Undergraduate,Studying,4,TRUE,4
Psychology,Idea Drafted,1.6,2024,Qtr 4,December,6,14.9,Undergraduate,Writing,3,FALSE,3
Psychology,Idea Drafted,3.2,2024,Qtr 4,December,9,13.91,Undergraduate,Homework Help,6,FALSE,3
Psychology,Idea Drafted,2.2,2024,Qtr 4,December,9,16.6,Undergraduate,Writing,4,TRUE,1
Psychology,Idea Drafted,3.8,2024,Qtr 4,December,10,22.55,High School,Research,8,TRUE,4
Psychology,Idea Drafted,3.4,2024,Qtr 4,December,11,18.47,Undergraduate,Coding,6,FALSE,3
Psychology,Idea Drafted,2.5,2024,Qtr 4,December,12,11.55,High School,Studying,2,FALSE,3
Psychology,Idea Drafted,1.2,2024,Qtr 4,December,13,70.62,Graduate,Homework Help,16,TRUE,3
Psychology,Idea Drafted,2.1,2024,Qtr 4,December,14,11.92,Graduate,Writing,4,TRUE,3
Psychology,Idea Drafted,3,2024,Qtr 4,December,15,59.31,Undergraduate,Coding,22,TRUE,3
Psychology,Idea Drafted,2.6,2024,Qtr 4,December,16,35.24,Undergraduate,Writing,15,TRUE,3
Psychology,Idea Drafted,5,2024,Qtr 4,December,18,11.07,Graduate,Homework Help,3,TRUE,4
Psychology,Idea Drafted,3.9,2024,Qtr 4,December,18,19.89,High School,Brainstorming,8,TRUE,4
Psychology,Idea Drafted,5,2024,Qtr 4,December,19,29.58,Undergraduate,Writing,9,TRUE,5
Psychology,Idea Drafted,5,2024,Qtr 4,December,24,8.25,Undergraduate,Writing,1,TRUE,4
Psychology,Idea Drafted,3.4,2024,Qtr 4,December,25,17.25,Undergraduate,Studying,7,FALSE,4
Psychology,Idea Drafted,2.9,2024,Qtr 4,December,25,11.55,Undergraduate,Studying,4,TRUE,4
Psychology,Idea Drafted,2.7,2024,Qtr 4,December,26,15.37,Undergraduate,Studying,6,TRUE,3
Psychology,Idea Drafted,4.2,2024,Qtr 4,December,26,6.99,Undergraduate,Writing,1,FALSE,4
Psychology,Idea Drafted,6.4,2024,Qtr 4,December,27,19.31,Undergraduate,Writing,4,TRUE,6
Psychology,Idea Drafted,3.5,2024,Qtr 4,December,29,28.92,Undergraduate,Homework Help,8,TRUE,3
Psychology,Idea Drafted,5,2025,Qtr 1,January,2,16.75,Graduate,Research,5,TRUE,4
Psychology,Idea Drafted,3.2,2025,Qtr 1,January,2,14.37,Undergraduate,Research,4,TRUE,3
Psychology,Idea Drafted,4.2,2025,Qtr 1,January,3,32.04,Undergraduate,Writing,15,FALSE,4
Psychology,Idea Drafted,3.3,2025,Qtr 1,January,5,28.49,Graduate,Homework Help,10,TRUE,3
Psychology,Idea Drafted,2.2,2025,Qtr 1,January,5,36.12,Undergraduate,Studying,11,TRUE,3
Psychology,Idea Drafted,4.1,2025,Qtr 1,January,5,15.98,Undergraduate,Writing,3,TRUE,5
Psychology,Idea Drafted,2.7,2025,Qtr 1,January,6,19.09,Graduate,Writing,7,TRUE,3
Psychology,Idea Drafted,3.7,2025,Qtr 1,January,6,1.97,Undergraduate,Writing,1,FALSE,4
Psychology,Idea Drafted,3.7,2025,Qtr 1,January,8,26.53,Undergraduate,Studying,7,TRUE,4
Psychology,Idea Drafted,3.2,2025,Qtr 1,January,9,26.51,Undergraduate,Studying,5,FALSE,4
Psychology,Idea Drafted,6.2,2025,Qtr 1,January,10,67.46,Undergraduate,Writing,19,FALSE,6
Psychology,Idea Drafted,5,2025,Qtr 1,January,12,44.59,Undergraduate,Writing,17,TRUE,5
Psychology,Idea Drafted,3.1,2025,Qtr 1,January,13,8.49,Graduate,Coding,2,TRUE,3
Psychology,Idea Drafted,4.5,2025,Qtr 1,January,14,27.39,Graduate,Research,6,TRUE,3
Psychology,Idea Drafted,1.2,2025,Qtr 1,January,15,11.24,High School,Studying,4,FALSE,2
Psychology,Idea Drafted,8.9,2025,Qtr 1,January,15,32.02,Undergraduate,Studying,10,TRUE,10
Psychology,Idea Drafted,4,2025,Qtr 1,January,16,8.43,High School,Brainstorming,1,TRUE,3
Psychology,Idea Drafted,3.9,2025,Qtr 1,January,16,36.1,Undergraduate,Studying,8,TRUE,4
Psychology,Idea Drafted,2.2,2025,Qtr 1,January,17,8.99,Undergraduate,Homework Help,2,TRUE,3
Psychology,Idea Drafted,4.2,2025,Qtr 1,January,17,13.75,Undergraduate,Writing,2,TRUE,4
Psychology,Idea Drafted,4.4,2025,Qtr 1,January,18,72.14,Undergraduate,Studying,18,TRUE,4
Psychology,Idea Drafted,4.6,2025,Qtr 1,January,19,3.05,High School,Writing,1,FALSE,4
Psychology,Idea Drafted,5,2025,Qtr 1,January,19,24.47,Undergraduate,Studying,5,TRUE,5
Psychology,Idea Drafted,5,2025,Qtr 1,January,19,19.52,Undergraduate,Writing,5,TRUE,5
Psychology,Idea Drafted,3.3,2025,Qtr 1,January,21,25.58,Undergraduate,Studying,5,FALSE,3
Psychology,Idea Drafted,2.9,2025,Qtr 1,January,22,23.84,Graduate,Writing,8,TRUE,4
Psychology,Idea Drafted,3.3,2025,Qtr 1,January,22,17.98,Undergraduate,Studying,5,TRUE,3
Psychology,Idea Drafted,4.5,2025,Qtr 1,January,23,11.29,Undergraduate,Studying,3,FALSE,4
Psychology,Idea Drafted,5,2025,Qtr 1,January,24,14.05,Undergraduate,Studying,5,FALSE,5
Psychology,Idea Drafted,2,2025,Qtr 1,January,25,29.98,Undergraduate,Studying,7,TRUE,2
Psychology,Idea Drafted,2,2025,Qtr 1,January,26,29.1,High School,Studying,11,TRUE,3
Psychology,Idea Drafted,5,2025,Qtr 1,January,26,28.93,Undergraduate,Studying,7,FALSE,5
Psychology,Idea Drafted,1,2025,Qtr 1,January,28,19.18,Graduate,Writing,4,TRUE,1
Psychology,Idea Drafted,3.5,2025,Qtr 1,January,30,21.75,High School,Homework Help,6,TRUE,4
Psychology,Idea Drafted,4.3,2025,Qtr 1,January,30,6.35,Undergraduate,Brainstorming,1,TRUE,4
Psychology,Idea Drafted,3.6,2025,Qtr 1,January,30,25.64,Undergraduate,Writing,5,TRUE,3
Psychology,Idea Drafted,3.2,2025,Qtr 1,January,31,11.36,High School,Writing,2,TRUE,4
Psychology,Idea Drafted,1.7,2025,Qtr 1,January,31,3.66,Undergraduate,Writing,1,TRUE,2
Psychology,Idea Drafted,3.7,2025,Qtr 1,February,1,24.32,High School,Writing,7,TRUE,4
Psychology,Idea Drafted,2.8,2025,Qtr 1,February,2,10.83,Graduate,Studying,3,TRUE,3
Psychology,Idea Drafted,3.1,2025,Qtr 1,February,2,27.23,Graduate,Writing,6,TRUE,3
Psychology,Idea Drafted,5,2025,Qtr 1,February,2,12.21,Undergraduate,Writing,4,TRUE,5
Psychology,Idea Drafted,4.3,2025,Qtr 1,February,4,7.23,Undergraduate,Brainstorming,1,FALSE,4
Psychology,Idea Drafted,3.5,2025,Qtr 1,February,4,4.6,Undergraduate,Writing,1,FALSE,4
Psychology,Idea Drafted,2.6,2025,Qtr 1,February,6,22.89,High School,Coding,10,TRUE,3
Psychology,Idea Drafted,3.4,2025,Qtr 1,February,6,8.43,Undergraduate,Coding,3,TRUE,3
Psychology,Idea Drafted,3.5,2025,Qtr 1,February,6,1.73,Undergraduate,Homework Help,1,TRUE,4
Psychology,Idea Drafted,1.8,2025,Qtr 1,February,7,14.96,Graduate,Studying,4,TRUE,2
Psychology,Idea Drafted,4.6,2025,Qtr 1,February,8,42,Graduate,Homework Help,9,TRUE,4
Psychology,Idea Drafted,2.7,2025,Qtr 1,February,9,11.99,Graduate,Studying,2,TRUE,3
Psychology,Idea Drafted,4.2,2025,Qtr 1,February,9,31.78,Undergraduate,Homework Help,11,TRUE,4
Psychology,Idea Drafted,1.1,2025,Qtr 1,February,9,5.7,Undergraduate,Writing,2,TRUE,2
Psychology,Idea Drafted,3.6,2025,Qtr 1,February,11,21.43,Graduate,Writing,8,FALSE,4
Psychology,Idea Drafted,3.1,2025,Qtr 1,February,13,14.61,High School,Writing,3,TRUE,4
Psychology,Idea Drafted,4.6,2025,Qtr 1,February,15,6.86,Graduate,Homework Help,2,TRUE,4
Psychology,Idea Drafted,3.9,2025,Qtr 1,February,15,34.55,High School,Homework Help,10,TRUE,3
Psychology,Idea Drafted,4.3,2025,Qtr 1,February,15,10.88,High School,Research,2,TRUE,4
Psychology,Idea Drafted,5,2025,Qtr 1,February,15,8.53,Undergraduate,Coding,2,TRUE,5
Psychology,Idea Drafted,4.4,2025,Qtr 1,February,15,23.78,Undergraduate,Writing,6,FALSE,3
Psychology,Idea Drafted,2.1,2025,Qtr 1,February,16,18.13,High School,Writing,6,FALSE,2
Psychology,Idea Drafted,4.2,2025,Qtr 1,February,17,33.2,Graduate,Writing,9,FALSE,3
Psychology,Idea Drafted,2.8,2025,Qtr 1,February,17,14.06,Graduate,Writing,2,TRUE,3
Psychology,Idea Drafted,4.3,2025,Qtr 1,February,17,43.86,Undergraduate,Homework Help,9,TRUE,4
Psychology,Idea Drafted,2.6,2025,Qtr 1,February,17,4.47,Undergraduate,Research,1,FALSE,3
Psychology,Idea Drafted,3.2,2025,Qtr 1,February,18,21.93,High School,Studying,6,TRUE,3
Psychology,Idea Drafted,3.5,2025,Qtr 1,February,18,29.51,Undergraduate,Writing,9,FALSE,4
Psychology,Idea Drafted,3.6,2025,Qtr 1,February,19,17.93,Undergraduate,Coding,7,TRUE,3
Psychology,Idea Drafted,3.4,2025,Qtr 1,February,19,32.3,Undergraduate,Writing,13,FALSE,3
Psychology,Idea Drafted,6.5,2025,Qtr 1,February,19,31.5,Undergraduate,Writing,5,TRUE,7
Psychology,Idea Drafted,4.6,2025,Qtr 1,February,20,31.72,Undergraduate,Homework Help,6,TRUE,4
Psychology,Idea Drafted,3.9,2025,Qtr 1,February,20,41.14,Undergraduate,Writing,16,TRUE,3
Psychology,Idea Drafted,2.1,2025,Qtr 1,February,22,25.06,Graduate,Coding,6,TRUE,2
Psychology,Idea Drafted,3.1,2025,Qtr 1,February,25,11.3,Undergraduate,Homework Help,2,TRUE,3
Psychology,Idea Drafted,2.2,2025,Qtr 1,February,26,8.5,High School,Studying,2,TRUE,3
Psychology,Idea Drafted,5,2025,Qtr 1,February,26,64.03,Undergraduate,Brainstorming,18,TRUE,5
Psychology,Idea Drafted,2.6,2025,Qtr 1,February,26,9.5,Undergraduate,Research,4,TRUE,3
Psychology,Idea Drafted,3.7,2025,Qtr 1,February,27,20.55,Graduate,Research,5,TRUE,4
Psychology,Idea Drafted,4.6,2025,Qtr 1,February,28,14.73,Undergraduate,Homework Help,6,FALSE,4
Psychology,Idea Drafted,4.2,2025,Qtr 1,March,1,10.64,Undergraduate,Homework Help,2,TRUE,4
Psychology,Idea Drafted,4.3,2025,Qtr 1,March,1,16.81,Undergraduate,Writing,3,FALSE,3
Psychology,Idea Drafted,4.4,2025,Qtr 1,March,2,12.2,High School,Brainstorming,2,TRUE,4
Psychology,Idea Drafted,4.2,2025,Qtr 1,March,2,16.01,High School,Research,5,TRUE,3
Psychology,Idea Drafted,5,2025,Qtr 1,March,3,21.63,High School,Writing,5,TRUE,5
Psychology,Idea Drafted,5,2025,Qtr 1,March,3,2.96,Undergraduate,Coding,1,FALSE,5
Psychology,Idea Drafted,3.7,2025,Qtr 1,March,5,21.96,Graduate,Research,6,TRUE,4
Psychology,Idea Drafted,4.7,2025,Qtr 1,March,5,49.93,Undergraduate,Coding,21,TRUE,4
Psychology,Idea Drafted,1.9,2025,Qtr 1,March,5,7.16,Undergraduate,Writing,2,TRUE,1
Psychology,Idea Drafted,5,2025,Qtr 1,March,6,25.5,Graduate,Writing,6,FALSE,4
Psychology,Idea Drafted,1,2025,Qtr 1,March,7,17.13,High School,Coding,5,TRUE,1
Psychology,Idea Drafted,1,2025,Qtr 1,March,8,30.7,High School,Writing,11,FALSE,2
Psychology,Idea Drafted,2.4,2025,Qtr 1,March,9,15.92,Graduate,Homework Help,3,TRUE,2
Psychology,Idea Drafted,3.5,2025,Qtr 1,March,10,25.72,High School,Studying,11,TRUE,3
Psychology,Idea Drafted,4.9,2025,Qtr 1,March,12,16.38,Undergraduate,Coding,3,TRUE,4
Psychology,Idea Drafted,5,2025,Qtr 1,March,12,41.2,Undergraduate,Homework Help,10,TRUE,5
Psychology,Idea Drafted,3.5,2025,Qtr 1,March,13,7.93,Undergraduate,Writing,1,FALSE,4
Psychology,Idea Drafted,3.1,2025,Qtr 1,March,14,11.83,Undergraduate,Writing,2,TRUE,3
Psychology,Idea Drafted,4.4,2025,Qtr 1,March,15,6.76,Undergraduate,Writing,1,FALSE,5
Psychology,Idea Drafted,1.5,2025,Qtr 1,March,15,68.83,Undergraduate,Writing,20,TRUE,4
Psychology,Idea Drafted,3.8,2025,Qtr 1,March,16,5.37,Undergraduate,Brainstorming,1,TRUE,3
Psychology,Idea Drafted,4,2025,Qtr 1,March,18,23.69,Undergraduate,Coding,6,TRUE,4
Psychology,Idea Drafted,3.5,2025,Qtr 1,March,20,3.25,Graduate,Homework Help,1,TRUE,3
Psychology,Idea Drafted,2.5,2025,Qtr 1,March,21,30.38,High School,Coding,11,TRUE,3
Psychology,Idea Drafted,2.5,2025,Qtr 1,March,21,1.42,Undergraduate,Studying,1,TRUE,2
Psychology,Idea Drafted,2.8,2025,Qtr 1,March,22,11.09,Graduate,Coding,2,TRUE,2
Psychology,Idea Drafted,2.7,2025,Qtr 1,March,22,21.01,Undergraduate,Writing,6,TRUE,4
Psychology,Idea Drafted,3.4,2025,Qtr 1,March,23,47.77,Graduate,Writing,14,FALSE,3
Psychology,Idea Drafted,3.5,2025,Qtr 1,March,25,24.15,Undergraduate,Studying,5,TRUE,3
Psychology,Idea Drafted,2.8,2025,Qtr 1,March,26,51.59,Undergraduate,Brainstorming,15,TRUE,2
Psychology,Idea Drafted,5,2025,Qtr 1,March,28,17.72,High School,Writing,8,TRUE,5
Psychology,Idea Drafted,1.7,2025,Qtr 1,March,28,12.54,Undergraduate,Research,4,TRUE,2
Psychology,Idea Drafted,3,2025,Qtr 1,March,30,16.84,Graduate,Coding,5,FALSE,3
Psychology,Idea Drafted,3,2025,Qtr 1,March,30,19.62,High School,Writing,6,TRUE,4
Psychology,Idea Drafted,1.6,2025,Qtr 1,March,31,20.1,Graduate,Homework Help,8,TRUE,2
Psychology,Idea Drafted,5,2025,Qtr 1,March,31,5.23,Undergraduate,Writing,1,FALSE,4
Psychology,Idea Drafted,2.4,2025,Qtr 2,April,1,26.81,Graduate,Writing,5,TRUE,3
Psychology,Idea Drafted,4.8,2025,Qtr 2,April,2,8.28,Undergraduate,Research,2,TRUE,4
Psychology,Idea Drafted,7.1,2025,Qtr 2,April,3,22.96,Undergraduate,Writing,7,TRUE,7
Psychology,Idea Drafted,4.4,2025,Qtr 2,April,6,22.06,Undergraduate,Coding,6,TRUE,4
Psychology,Idea Drafted,3.8,2025,Qtr 2,April,6,33.31,Undergraduate,Writing,8,TRUE,6
Psychology,Idea Drafted,3.3,2025,Qtr 2,April,7,9.05,High School,Coding,2,TRUE,3
Psychology,Idea Drafted,4.1,2025,Qtr 2,April,7,45.54,Undergraduate,Brainstorming,20,TRUE,4
Psychology,Idea Drafted,5,2025,Qtr 2,April,8,8.89,Undergraduate,Writing,2,TRUE,5
Psychology,Idea Drafted,5,2025,Qtr 2,April,10,26.13,Undergraduate,Homework Help,12,TRUE,5
Psychology,Idea Drafted,6.5,2025,Qtr 2,April,11,39.94,Undergraduate,Writing,10,TRUE,7
Psychology,Idea Drafted,4.3,2025,Qtr 2,April,15,45.97,Undergraduate,Coding,11,TRUE,4
Psychology,Idea Drafted,3.7,2025,Qtr 2,April,16,18.26,Graduate,Writing,4,FALSE,4
Psychology,Idea Drafted,8.8,2025,Qtr 2,April,16,18.81,Graduate,Writing,3,TRUE,8
Psychology,Idea Drafted,3.1,2025,Qtr 2,April,17,3.32,Graduate,Studying,1,FALSE,3
Psychology,Idea Drafted,3.8,2025,Qtr 2,April,18,41.52,High School,Brainstorming,12,TRUE,4
Psychology,Idea Drafted,2.5,2025,Qtr 2,April,20,25.67,Graduate,Writing,9,FALSE,3
Psychology,Idea Drafted,4.2,2025,Qtr 2,April,20,11.2,High School,Studying,2,TRUE,3
Psychology,Idea Drafted,2.7,2025,Qtr 2,April,21,9.68,Graduate,Writing,3,TRUE,2
Psychology,Idea Drafted,4,2025,Qtr 2,April,21,10.72,Undergraduate,Homework Help,2,TRUE,4
Psychology,Idea Drafted,5,2025,Qtr 2,April,22,8.01,Undergraduate,Brainstorming,1,FALSE,4
Psychology,Idea Drafted,2.9,2025,Qtr 2,April,22,20.62,Undergraduate,Writing,8,FALSE,2
Psychology,Idea Drafted,3.7,2025,Qtr 2,April,24,29.49,Graduate,Writing,11,TRUE,3
Psychology,Idea Drafted,4.1,2025,Qtr 2,April,24,10.28,Undergraduate,Homework Help,3,TRUE,3
Psychology,Idea Drafted,2.5,2025,Qtr 2,April,25,36.36,Graduate,Writing,8,TRUE,4
Psychology,Idea Drafted,5.9,2025,Qtr 2,April,25,35.52,Undergraduate,Writing,7,TRUE,6
Psychology,Idea Drafted,3.6,2025,Qtr 2,April,26,3.02,Graduate,Studying,1,TRUE,3
Psychology,Idea Drafted,2.2,2025,Qtr 2,April,26,35.88,High School,Studying,13,FALSE,3
Psychology,Idea Drafted,6.6,2025,Qtr 2,April,26,35.13,Undergraduate,Writing,10,TRUE,6
Psychology,Idea Drafted,3.2,2025,Qtr 2,April,28,2.8,Undergraduate,Writing,1,FALSE,3
Psychology,Idea Drafted,2.8,2025,Qtr 2,April,29,17.49,Graduate,Writing,4,TRUE,4
Psychology,Idea Drafted,3.6,2025,Qtr 2,April,30,16.3,High School,Writing,3,TRUE,4
Psychology,Idea Drafted,3.1,2025,Qtr 2,May,1,15.07,Undergraduate,Homework Help,3,TRUE,4
Psychology,Idea Drafted,1.5,2025,Qtr 2,May,2,51.56,Undergraduate,Coding,13,TRUE,3
Psychology,Idea Drafted,3.2,2025,Qtr 2,May,4,16.73,Graduate,Writing,7,TRUE,4
Psychology,Idea Drafted,4.3,2025,Qtr 2,May,5,9.32,High School,Writing,4,TRUE,4
Psychology,Idea Drafted,3.2,2025,Qtr 2,May,5,17.72,Undergraduate,Writing,6,TRUE,3
Psychology,Idea Drafted,5,2025,Qtr 2,May,6,17.47,Undergraduate,Writing,4,TRUE,5
Psychology,Idea Drafted,2.9,2025,Qtr 2,May,7,5.81,High School,Coding,2,TRUE,4
Psychology,Idea Drafted,5,2025,Qtr 2,May,9,39.71,Undergraduate,Coding,19,TRUE,5
Psychology,Idea Drafted,2.7,2025,Qtr 2,May,9,11.2,Undergraduate,Writing,2,FALSE,3
Psychology,Idea Drafted,4.7,2025,Qtr 2,May,11,22.38,Graduate,Homework Help,8,FALSE,4
Psychology,Idea Drafted,5.8,2025,Qtr 2,May,11,86.4,High School,Writing,28,TRUE,6
Psychology,Idea Drafted,4.9,2025,Qtr 2,May,12,33.35,Graduate,Coding,7,TRUE,3
Psychology,Idea Drafted,1.4,2025,Qtr 2,May,13,16.46,Graduate,Homework Help,7,TRUE,2
Psychology,Idea Drafted,3.5,2025,Qtr 2,May,17,19.03,Undergraduate,Writing,4,FALSE,4
Psychology,Idea Drafted,5,2025,Qtr 2,May,18,39.94,Graduate,Writing,8,FALSE,4
Psychology,Idea Drafted,1.4,2025,Qtr 2,May,20,14.42,High School,Studying,2,TRUE,2
Psychology,Idea Drafted,8.9,2025,Qtr 2,May,20,44.75,Undergraduate,Writing,12,TRUE,9
Psychology,Idea Drafted,5,2025,Qtr 2,May,21,52.39,High School,Studying,10,TRUE,5
Psychology,Idea Drafted,5,2025,Qtr 2,May,21,1.44,High School,Writing,1,TRUE,4
Psychology,Idea Drafted,3.6,2025,Qtr 2,May,21,25.19,Undergraduate,Studying,7,TRUE,3
Psychology,Idea Drafted,1,2025,Qtr 2,May,23,6.9,High School,Studying,2,TRUE,2
Psychology,Idea Drafted,4.8,2025,Qtr 2,May,23,21.96,High School,Writing,6,FALSE,4
Psychology,Idea Drafted,3.2,2025,Qtr 2,May,23,39.45,Undergraduate,Studying,8,TRUE,4
Psychology,Idea Drafted,4.7,2025,Qtr 2,May,24,30.21,Graduate,Writing,9,TRUE,4
Psychology,Idea Drafted,4.2,2025,Qtr 2,May,26,31.63,Graduate,Brainstorming,11,TRUE,4
Psychology,Idea Drafted,4.6,2025,Qtr 2,May,26,5,Undergraduate,Coding,1,TRUE,4
Psychology,Idea Drafted,3,2025,Qtr 2,May,27,12.02,Graduate,Writing,2,TRUE,2
Psychology,Idea Drafted,3.6,2025,Qtr 2,May,29,2.02,Graduate,Writing,1,TRUE,3
Psychology,Idea Drafted,2,2025,Qtr 2,May,29,24.47,Undergraduate,Brainstorming,5,TRUE,3
Psychology,Idea Drafted,3.2,2025,Qtr 2,May,31,14.78,High School,Homework Help,7,TRUE,3
Psychology,Idea Drafted,5,2025,Qtr 2,May,31,24.17,High School,Studying,9,TRUE,5
Psychology,Idea Drafted,2.7,2025,Qtr 2,May,31,24.13,Undergraduate,Studying,6,FALSE,3
Psychology,Idea Drafted,5.7,2025,Qtr 2,June,1,21.92,Graduate,Studying,7,TRUE,5
Psychology,Idea Drafted,3.4,2025,Qtr 2,June,4,9.08,Graduate,Coding,3,TRUE,4
Psychology,Idea Drafted,1.9,2025,Qtr 2,June,4,6.69,Undergraduate,Coding,2,TRUE,2
Psychology,Idea Drafted,2.2,2025,Qtr 2,June,4,18.81,Undergraduate,Studying,7,TRUE,2
Psychology,Idea Drafted,3.6,2025,Qtr 2,June,5,18.2,Graduate,Homework Help,9,FALSE,3
Psychology,Idea Drafted,3.7,2025,Qtr 2,June,5,38.19,Undergraduate,Studying,8,TRUE,4
Psychology,Idea Drafted,3.2,2025,Qtr 2,June,5,37.18,Undergraduate,Writing,14,FALSE,3
Psychology,Idea Drafted,4.7,2025,Qtr 2,June,7,45,Undergraduate,Brainstorming,17,TRUE,5
Psychology,Idea Drafted,3.4,2025,Qtr 2,June,8,36.92,High School,Studying,7,TRUE,3
Psychology,Idea Drafted,3.8,2025,Qtr 2,June,8,12.51,High School,Writing,3,TRUE,4
Psychology,Idea Drafted,1.6,2025,Qtr 2,June,9,51.06,Undergraduate,Homework Help,11,TRUE,2
Psychology,Idea Drafted,4,2025,Qtr 2,June,9,14.29,Undergraduate,Writing,5,TRUE,4
Psychology,Idea Drafted,3.5,2025,Qtr 2,June,10,22.6,High School,Studying,6,TRUE,3
Psychology,Idea Drafted,1.7,2025,Qtr 2,June,12,9.12,Graduate,Brainstorming,4,FALSE,2
Psychology,Idea Drafted,3.2,2025,Qtr 2,June,12,46.4,Undergraduate,Studying,9,TRUE,4
Psychology,Idea Drafted,2.1,2025,Qtr 2,June,13,25.48,Undergraduate,Writing,7,TRUE,2
Psychology,Idea Drafted,3.7,2025,Qtr 2,June,15,18.47,Graduate,Studying,8,FALSE,4
Psychology,Idea Drafted,3.4,2025,Qtr 2,June,15,24.7,Undergraduate,Writing,5,TRUE,3
Psychology,Idea Drafted,2.8,2025,Qtr 2,June,17,3.67,Undergraduate,Writing,1,TRUE,3
Psychology,Idea Drafted,4.4,2025,Qtr 2,June,18,3.41,High School,Studying,1,FALSE,5
Psychology,Idea Drafted,1.5,2025,Qtr 2,June,18,6.71,High School,Writing,2,TRUE,1
Psychology,Idea Drafted,4.6,2025,Qtr 2,June,20,11.24,Graduate,Writing,3,TRUE,4
Psychology,Idea Drafted,2.2,2025,Qtr 2,June,21,27.55,High School,Brainstorming,13,TRUE,3
Psychology,Idea Drafted,2.8,2025,Qtr 2,June,21,25.89,Undergraduate,Research,10,TRUE,3
Psychology,Idea Drafted,5.9,2025,Qtr 2,June,21,45.98,Undergraduate,Writing,10,FALSE,6
Psychology,Idea Drafted,5,2025,Qtr 2,June,22,27.31,High School,Writing,6,TRUE,4
Psychology,Idea Drafted,2.2,2025,Qtr 2,June,24,7.16,High School,Writing,2,TRUE,2
